request_id,request_date,request_time,origin_id,destination_id,passenger_count,request_type,priority,max_wait_min,status
req_20260901_0005,2026-09-01,05:09,dept_mining,dept_hssm,1,student,normal,9.6,pending
req_20260901_0002,2026-09-01,05:11,hostel_b_block8,loc_lhc_b,2,student,normal,9.6,pending
req_20260901_0008,2026-09-01,05:16,hostel_g_gh2,mess_b3_vindhya,1,student,normal,12.7,pending
req_20260901_0001,2026-09-01,05:24,hostel_g_gh4,dept_hssm,2,faculty,normal,8.9,pending
req_20260901_0003,2026-09-01,05:33,hostel_b_block2,loc_lhc_a,1,student,high,7.6,pending
req_20260901_0006,2026-09-01,05:56,hostel_b_mt1,loc_lhc_a,1,student,normal,13.6,pending
req_20260901_0009,2026-09-01,06:08,hostel_b_mt3,dept_wroe,1,student,normal,8.2,pending
req_20260901_0004,2026-09-01,06:15,hostel_b_block4,mess_b3_vindhya,1,student,normal,13.2,pending
req_20260901_0007,2026-09-01,06:16,hostel_b_block6,dept_chemistry,1,student,normal,12.7,pending
req_20260901_0054,2026-09-01,07:02,hostel_b_block7,loc_lhc_b,1,student,high,7.5,pending
req_20260901_0025,2026-09-01,07:03,hostel_b_mt2,loc_central_library,1,student,normal,13.2,pending
req_20260901_0029,2026-09-01,07:04,hostel_b_block4,dept_physics,1,student,normal,14.5,pending
req_20260901_0018,2026-09-01,07:07,hostel_b_block4,dept_hssm,1,student,normal,8.2,pending
req_20260901_0047,2026-09-01,07:09,dept_civil,hostel_b_mt2,1,student,normal,12.0,pending
req_20260901_0019,2026-09-01,07:11,hostel_b_block4,hostel_g_gh6,1,student,high,6.3,pending
req_20260901_0020,2026-09-01,07:14,hostel_b_block6,dept_mech,1,student,normal,13.8,pending
req_20260901_0048,2026-09-01,07:17,hostel_b_mt2,dept_physics,1,student,normal,14.5,pending
req_20260901_0040,2026-09-01,07:18,hostel_g_gh5,loc_e_library,2,student,normal,13.5,pending
req_20260901_0022,2026-09-01,07:19,hostel_b_block3,dept_hssm,1,student,normal,10.6,pending
req_20260901_0032,2026-09-01,07:19,mess_gb,hostel_b_block3,1,student,normal,13.8,pending
req_20260901_0046,2026-09-01,07:23,loc_lhc_b,mess_b8_trishul,1,student,normal,13.6,pending
req_20260901_0051,2026-09-01,07:23,hostel_b_block2,dept_chemistry,3,student,normal,11.4,pending
req_20260901_0023,2026-09-01,07:36,hostel_g_gh3,loc_central_library,1,student,normal,14.6,pending
req_20260901_0013,2026-09-01,07:42,hostel_b_mt1,dept_mech,1,student,normal,8.8,pending
req_20260901_0027,2026-09-01,07:50,hostel_g_gh4,dept_eee,4,student,normal,9.0,pending
req_20260901_0014,2026-09-01,07:54,mess_b4_satpura,hostel_g_gh1,3,student,normal,13.0,pending
req_20260901_0028,2026-09-01,07:55,hostel_b_block5,loc_lhc_a,1,student,normal,12.9,pending
req_20260901_0021,2026-09-01,07:56,hostel_b_block3,loc_e_library,1,student,normal,13.1,pending
req_20260901_0015,2026-09-01,08:20,hostel_b_block6,loc_lhc_a,1,student,normal,12.1,pending
req_20260901_0035,2026-09-01,08:25,hostel_b_block3,loc_central_library,2,student,normal,9.0,pending
req_20260901_0049,2026-09-01,08:27,hostel_b_block3,loc_lhc_a,2,student,normal,10.3,pending
req_20260901_0011,2026-09-01,08:30,hostel_b_shivalik,loc_lhc_b,1,student,normal,9.2,pending
req_20260901_0037,2026-09-01,08:32,hostel_b_block2,loc_lhc_b,1,student,normal,14.1,pending
req_20260901_0053,2026-09-01,08:38,hostel_b_mt3,loc_lhc_b,2,student,normal,11.2,pending
req_20260901_0036,2026-09-01,08:46,dept_ece,dept_mme,1,student,normal,8.4,pending
req_20260901_0034,2026-09-01,08:49,hostel_b_shivalik,loc_lhc_b,1,student,normal,13.2,pending
req_20260901_0058,2026-09-01,08:49,hostel_g_gh5,loc_e_library,2,student,normal,9.4,pending
req_20260901_0010,2026-09-01,08:54,hostel_b_block5,loc_lhc_a,1,staff,normal,10.0,pending
req_20260901_0050,2026-09-01,08:58,hostel_g_gh2,loc_central_library,1,student,normal,9.0,pending
req_20260901_0055,2026-09-01,08:59,hostel_g_gh3,loc_lhc_a,1,student,normal,14.3,pending
req_20260901_0038,2026-09-01,09:02,hostel_b_block1,loc_central_library,1,student,normal,10.9,pending
req_20260901_0030,2026-09-01,09:08,hostel_b_block6,loc_lhc_a,3,student,normal,14.5,pending
req_20260901_0052,2026-09-01,09:11,hostel_g_gh6,loc_lhc_b,1,faculty,normal,12.5,pending
req_20260901_0033,2026-09-01,09:17,hostel_b_block5,dept_chem,1,staff,normal,10.6,pending
req_20260901_0026,2026-09-01,09:18,hostel_g_gh5,loc_lhc_a,2,student,normal,9.3,pending
req_20260901_0012,2026-09-01,09:21,hostel_b_block2,loc_lhc_b,1,student,normal,9.1,pending
req_20260901_0017,2026-09-01,09:21,hostel_b_block2,dept_civil,1,student,normal,8.7,pending
req_20260901_0043,2026-09-01,09:22,hostel_b_shivalik,loc_lhc_a,1,staff,normal,11.7,pending
req_20260901_0057,2026-09-01,09:27,hostel_b_block1,loc_lhc_a,1,student,normal,8.4,pending
req_20260901_0031,2026-09-01,09:31,hostel_b_mt3,loc_lhc_b,1,student,high,6.4,pending
req_20260901_0042,2026-09-01,09:34,hostel_b_mt2,loc_lhc_a,1,student,normal,10.3,pending
req_20260901_0039,2026-09-01,09:40,hostel_b_block8,loc_lhc_b,1,student,high,4.4,pending
req_20260901_0016,2026-09-01,09:42,hostel_g_gh4,loc_lhc_b,1,student,normal,12.1,pending
req_20260901_0045,2026-09-01,09:45,hostel_g_gh1,loc_lhc_b,1,student,normal,8.6,pending
req_20260901_0044,2026-09-01,09:50,hostel_b_shivalik,loc_e_library,1,student,normal,13.1,pending
req_20260901_0024,2026-09-01,09:51,hostel_b_block1,loc_lhc_a,2,faculty,normal,14.2,pending
req_20260901_0041,2026-09-01,09:54,hostel_b_mt3,loc_lhc_b,1,student,normal,9.9,pending
req_20260901_0056,2026-09-01,09:59,hostel_b_block5,loc_lhc_a,1,student,high,6.6,pending
req_20260901_0066,2026-09-01,10:04,dept_wroe,loc_e_library,1,student,normal,11.8,pending
req_20260901_0062,2026-09-01,10:11,dept_physics,loc_central_library,1,staff,normal,12.9,pending
req_20260901_0074,2026-09-01,10:16,dept_mining,loc_central_library,3,student,normal,9.6,pending
req_20260901_0072,2026-09-01,10:37,dept_eee,dept_mme,1,student,normal,14.9,pending
req_20260901_0070,2026-09-01,10:40,loc_lhc_b,hostel_b_block8,1,student,normal,10.6,pending
req_20260901_0061,2026-09-01,10:44,dept_wroe,hostel_b_block4,4,student,normal,13.5,pending
req_20260901_0071,2026-09-01,10:50,mess_mega,hostel_g_gh5,2,student,normal,12.5,pending
req_20260901_0063,2026-09-01,10:55,loc_central_library,loc_e_library,1,student,normal,8.9,pending
req_20260901_0064,2026-09-01,11:01,dept_it,dept_civil,1,student,normal,10.9,pending
req_20260901_0068,2026-09-01,11:01,loc_lhc_a,loc_central_library,1,student,normal,8.5,pending
req_20260901_0059,2026-09-01,11:05,dept_chem,dept_physics,1,staff,normal,9.4,pending
req_20260901_0069,2026-09-01,11:07,dept_cse,hostel_b_block6,1,student,normal,8.1,pending
req_20260901_0060,2026-09-01,11:15,dept_macs,dept_wroe,1,student,normal,8.3,pending
req_20260901_0073,2026-09-01,11:18,loc_lhc_b,loc_e_library,1,student,normal,13.3,pending
req_20260901_0075,2026-09-01,11:26,dept_chem,dept_mme,1,student,normal,12.5,pending
req_20260901_0065,2026-09-01,11:50,dept_mme,dept_it,1,student,normal,12.0,pending
req_20260901_0067,2026-09-01,11:55,dept_chemistry,loc_central_library,2,student,high,6.0,pending
req_20260901_0080,2026-09-01,12:03,dept_it,mess_b5_nilgiri,4,student,normal,11.3,pending
req_20260901_0088,2026-09-01,12:04,loc_central_library,mess_b8_trishul,1,student,normal,9.9,pending
req_20260901_0084,2026-09-01,12:06,hostel_b_block3,mess_b3_vindhya,1,student,normal,14.5,pending
req_20260901_0086,2026-09-01,12:07,loc_e_library,mess_b8_trishul,1,student,normal,14.0,pending
req_20260901_0114,2026-09-01,12:14,dept_cse,dept_eee,3,staff,normal,11.3,pending
req_20260901_0091,2026-09-01,12:15,hostel_b_mt3,loc_lhc_a,1,student,normal,11.2,pending
req_20260901_0098,2026-09-01,12:15,loc_lhc_a,mess_gb,1,student,normal,12.9,pending
req_20260901_0110,2026-09-01,12:19,dept_cse,mess_b4_satpura,1,student,normal,8.1,pending
req_20260901_0099,2026-09-01,12:34,dept_it,mess_b2_aravali,1,student,normal,8.0,pending
req_20260901_0079,2026-09-01,12:38,dept_mech,mess_pg_pushpagiri,1,staff,normal,12.2,pending
req_20260901_0112,2026-09-01,12:38,loc_lhc_b,mess_b7_sahyadri,1,faculty,normal,8.1,pending
req_20260901_0081,2026-09-01,12:42,loc_lhc_b,mess_b7_sahyadri,2,student,normal,13.1,pending
req_20260901_0083,2026-09-01,12:44,loc_lhc_a,mess_pg_new_brahmagiri,1,student,high,5.9,pending
req_20260901_0090,2026-09-01,12:51,dept_ece,mess_b4_satpura,2,faculty,normal,10.7,pending
req_20260901_0092,2026-09-01,12:54,loc_lhc_a,mess_b2_aravali,2,faculty,normal,10.0,pending
req_20260901_0109,2026-09-01,12:58,dept_wroe,mess_b4_satpura,2,staff,normal,12.4,pending
req_20260901_0115,2026-09-01,13:01,loc_lhc_b,mess_b2_aravali,2,student,normal,12.0,pending
req_20260901_0100,2026-09-01,13:02,loc_lhc_a,mess_b1_karavali,2,student,normal,9.8,pending
req_20260901_0096,2026-09-01,13:11,loc_lhc_a,mess_b4_satpura,1,student,high,6.1,pending
req_20260901_0076,2026-09-01,13:13,loc_lhc_b,mess_b7_sahyadri,1,student,normal,10.4,pending
req_20260901_0116,2026-09-01,13:17,dept_hssm,mess_b8_trishul,1,student,normal,13.2,pending
req_20260901_0087,2026-09-01,13:19,dept_chem,mess_b5_nilgiri,2,student,normal,9.7,pending
req_20260901_0104,2026-09-01,13:33,dept_chemistry,mess_b4_satpura,2,student,normal,9.8,pending
req_20260901_0089,2026-09-01,13:41,loc_central_library,mess_gb,2,student,high,5.2,pending
req_20260901_0102,2026-09-01,13:42,dept_macs,mess_pg_new_brahmagiri,1,student,high,4.0,pending
req_20260901_0077,2026-09-01,13:43,loc_central_library,mess_b7_sahyadri,3,student,normal,14.0,pending
req_20260901_0103,2026-09-01,13:45,dept_cse,mess_pg_new_brahmagiri,1,student,normal,13.9,pending
req_20260901_0108,2026-09-01,13:46,dept_ece,mess_b5_nilgiri,1,student,high,4.0,pending
req_20260901_0097,2026-09-01,13:50,dept_cse,mess_mega,1,student,normal,11.2,pending
req_20260901_0117,2026-09-01,14:00,dept_wroe,mess_b2_aravali,1,staff,normal,12.3,pending
req_20260901_0111,2026-09-01,14:05,loc_lhc_a,mess_b8_trishul,1,student,normal,12.7,pending
req_20260901_0107,2026-09-01,14:06,dept_eee,mess_b7_sahyadri,1,student,normal,12.2,pending
req_20260901_0078,2026-09-01,14:07,dept_chem,mess_b3_vindhya,1,student,high,6.5,pending
req_20260901_0095,2026-09-01,14:09,loc_lhc_b,mess_b2_aravali,1,faculty,normal,14.3,pending
req_20260901_0101,2026-09-01,14:09,dept_it,mess_b3_vindhya,1,student,high,4.2,pending
req_20260901_0093,2026-09-01,14:13,loc_central_library,mess_b1_karavali,2,student,normal,12.6,pending
req_20260901_0094,2026-09-01,14:16,dept_it,mess_b1_karavali,2,student,normal,11.9,pending
req_20260901_0105,2026-09-01,14:16,hostel_b_block7,mess_gb,2,student,normal,13.6,pending
req_20260901_0113,2026-09-01,14:20,loc_lhc_b,mess_b2_aravali,1,staff,normal,9.0,pending
req_20260901_0085,2026-09-01,14:22,loc_central_library,mess_b2_aravali,1,student,normal,13.4,pending
req_20260901_0082,2026-09-01,14:24,dept_mme,mess_b5_nilgiri,4,faculty,normal,13.1,pending
req_20260901_0106,2026-09-01,14:27,loc_lhc_a,mess_b2_aravali,1,student,normal,10.4,pending
req_20260901_0125,2026-09-01,14:34,dept_civil,loc_e_library,3,student,normal,14.3,pending
req_20260901_0121,2026-09-01,14:43,mess_gb,dept_chem,1,student,normal,9.8,pending
req_20260901_0129,2026-09-01,14:57,dept_ece,loc_central_library,3,student,normal,11.9,pending
req_20260901_0132,2026-09-01,14:58,mess_mega,dept_mech,1,student,normal,12.4,pending
req_20260901_0133,2026-09-01,15:01,dept_physics,hostel_b_block5,1,student,normal,15.0,pending
req_20260901_0123,2026-09-01,15:03,mess_pg_new_brahmagiri,dept_it,2,student,normal,11.8,pending
req_20260901_0119,2026-09-01,15:16,dept_ece,loc_central_library,3,student,normal,8.7,pending
req_20260901_0128,2026-09-01,15:20,mess_b3_vindhya,hostel_g_gh5,1,student,normal,11.8,pending
req_20260901_0124,2026-09-01,15:52,mess_pg_pushpagiri,dept_ece,1,staff,normal,10.1,pending
req_20260901_0131,2026-09-01,16:09,dept_mech,loc_e_library,2,faculty,normal,11.3,pending
req_20260901_0120,2026-09-01,16:12,dept_hssm,hostel_b_block6,1,student,normal,11.3,pending
req_20260901_0118,2026-09-01,16:17,dept_civil,loc_e_library,1,staff,normal,10.6,pending
req_20260901_0127,2026-09-01,16:22,dept_chemistry,hostel_g_gh4,1,student,normal,9.1,pending
req_20260901_0126,2026-09-01,16:25,mess_pg_pushpagiri,dept_chemistry,1,student,normal,9.7,pending
req_20260901_0134,2026-09-01,16:48,mess_gb,dept_civil,1,student,normal,10.8,pending
req_20260901_0130,2026-09-01,16:52,mess_pg_pushpagiri,dept_cse,3,student,normal,12.3,pending
req_20260901_0122,2026-09-01,16:53,mess_b7_sahyadri,dept_chemistry,4,staff,high,7.8,pending
req_20260901_0151,2026-09-01,17:00,hostel_b_shivalik,loc_suprabha_girls,1,faculty,normal,13.1,pending
req_20260901_0140,2026-09-01,17:22,hostel_b_block7,loc_central_library,2,student,normal,12.7,pending
req_20260901_0148,2026-09-01,17:30,hostel_g_gh2,loc_central_library,4,student,normal,9.1,pending
req_20260901_0157,2026-09-01,17:36,hostel_b_block6,loc_girls_coop,1,student,normal,9.5,pending
req_20260901_0139,2026-09-01,17:46,dept_mech,loc_central_library,1,student,normal,12.6,pending
req_20260901_0141,2026-09-01,17:50,hostel_b_block6,loc_central_library,3,student,normal,11.8,pending
req_20260901_0142,2026-09-01,17:51,hostel_g_gh6,loc_girls_coop,1,student,normal,14.8,pending
req_20260901_0149,2026-09-01,17:52,dept_mme,loc_e_library,1,student,normal,9.9,pending
req_20260901_0144,2026-09-01,18:12,dept_physics,hostel_b_mt2,1,student,normal,9.7,pending
req_20260901_0154,2026-09-01,18:14,loc_suprabha_girls,mess_b3_vindhya,1,student,normal,8.5,pending
req_20260901_0136,2026-09-01,18:22,dept_ece,loc_e_library,1,student,normal,14.2,pending
req_20260901_0158,2026-09-01,18:30,hostel_g_gh2,loc_central_library,1,student,normal,13.8,pending
req_20260901_0143,2026-09-01,18:37,dept_mining,loc_central_library,1,staff,normal,14.6,pending
req_20260901_0147,2026-09-01,18:42,hostel_g_gh3,loc_e_library,1,student,normal,13.9,pending
req_20260901_0160,2026-09-01,18:57,dept_cse,dept_it,1,student,normal,12.0,pending
req_20260901_0138,2026-09-01,18:58,dept_mme,loc_e_library,3,student,normal,12.5,pending
req_20260901_0135,2026-09-01,19:09,dept_macs,hostel_g_gh5,1,student,normal,14.7,pending
req_20260901_0137,2026-09-01,19:15,hostel_g_gh6,loc_girls_coop,3,student,normal,13.2,pending
req_20260901_0156,2026-09-01,19:19,hostel_g_gh4,loc_e_library,2,student,normal,10.8,pending
req_20260901_0155,2026-09-01,19:33,hostel_b_block1,loc_central_library,1,student,normal,9.2,pending
req_20260901_0145,2026-09-01,19:48,mess_b5_nilgiri,mess_b1_karavali,2,student,normal,11.4,pending
req_20260901_0153,2026-09-01,19:48,hostel_g_gh3,loc_girls_coop,2,student,normal,11.4,pending
req_20260901_0146,2026-09-01,19:56,dept_eee,loc_e_library,1,student,normal,10.9,pending
req_20260901_0150,2026-09-01,19:56,hostel_g_gh2,loc_girls_coop,1,student,normal,11.9,pending
req_20260901_0159,2026-09-01,19:57,dept_wroe,loc_central_library,1,student,normal,14.8,pending
req_20260901_0152,2026-09-01,19:58,dept_macs,hostel_b_block6,1,student,normal,10.5,pending
req_20260901_0162,2026-09-01,20:04,loc_suprabha_girls,hostel_g_gh3,1,student,normal,11.7,pending
req_20260901_0165,2026-09-01,20:04,loc_suprabha_boys,hostel_b_shivalik,1,student,normal,9.2,pending
req_20260901_0167,2026-09-01,20:05,loc_suprabha_boys,hostel_g_gh4,1,student,normal,12.3,pending
req_20260901_0171,2026-09-01,20:05,loc_central_library,hostel_g_gh4,1,student,normal,12.4,pending
req_20260901_0164,2026-09-01,20:11,loc_e_library,hostel_b_mt2,3,student,normal,9.5,pending
req_20260901_0169,2026-09-01,20:15,loc_suprabha_boys,hostel_g_gh6,1,student,high,6.0,pending
req_20260901_0166,2026-09-01,20:38,loc_e_library,hostel_b_block7,1,student,normal,9.9,pending
req_20260901_0174,2026-09-01,21:02,loc_central_library,hostel_b_mt3,1,student,normal,14.5,pending
req_20260901_0161,2026-09-01,21:23,loc_suprabha_girls,hostel_g_gh1,1,student,normal,9.8,pending
req_20260901_0170,2026-09-01,21:43,loc_suprabha_girls,hostel_b_block8,1,student,normal,10.2,pending
req_20260901_0172,2026-09-01,21:46,dept_hssm,hostel_b_block8,1,student,normal,11.2,pending
req_20260901_0163,2026-09-01,22:31,loc_e_library,hostel_b_shivalik,1,student,normal,12.5,pending
req_20260901_0168,2026-09-01,22:47,loc_e_library,hostel_g_gh2,1,student,high,4.2,pending
req_20260901_0173,2026-09-01,22:54,loc_girls_coop,hostel_b_block7,1,student,normal,13.1,pending
req_20260902_0002,2026-09-02,05:22,hostel_b_block5,loc_main_gate,1,staff,normal,13.9,pending
req_20260902_0008,2026-09-02,05:41,hostel_b_block1,loc_central_library,3,faculty,normal,8.5,pending
req_20260902_0001,2026-09-02,06:01,hostel_b_mt3,dept_wroe,1,student,normal,9.8,pending
req_20260902_0009,2026-09-02,06:08,hostel_b_block1,loc_main_gate,1,student,high,4.3,pending
req_20260902_0004,2026-09-02,06:11,hostel_g_gh2,loc_main_gate,3,student,normal,9.9,pending
req_20260902_0005,2026-09-02,06:21,hostel_b_block7,dept_chemistry,1,staff,normal,9.5,pending
req_20260902_0003,2026-09-02,06:25,hostel_b_block8,dept_mining,1,staff,normal,11.6,pending
req_20260902_0006,2026-09-02,06:26,hostel_b_block5,loc_lhc_a,2,student,normal,13.2,pending
req_20260902_0010,2026-09-02,06:29,hostel_b_block7,mess_b4_satpura,2,student,high,7.1,pending
req_20260902_0007,2026-09-02,06:55,hostel_g_gh3,mess_b1_karavali,1,faculty,normal,8.9,pending
req_20260902_0055,2026-09-02,07:00,hostel_b_brahmagiri,loc_lhc_b,2,student,normal,8.0,pending
req_20260902_0053,2026-09-02,07:09,hostel_b_mt1,loc_lhc_a,2,student,normal,14.0,pending
req_20260902_0043,2026-09-02,07:14,hostel_b_block4,dept_macs,1,student,normal,8.2,pending
req_20260902_0019,2026-09-02,07:18,hostel_b_mt2,dept_physics,2,student,normal,11.7,pending
req_20260902_0052,2026-09-02,07:22,hostel_g_gh1,dept_mech,1,staff,normal,10.0,pending
req_20260902_0022,2026-09-02,07:24,hostel_b_block3,loc_lhc_b,2,student,normal,13.5,pending
req_20260902_0042,2026-09-02,07:24,hostel_b_mt1,dept_hssm,1,student,normal,13.7,pending
req_20260902_0025,2026-09-02,07:25,hostel_g_gh2,loc_lhc_b,3,student,normal,8.3,pending
req_20260902_0047,2026-09-02,07:36,hostel_g_gh4,dept_chemistry,1,student,high,6.1,pending
req_20260902_0014,2026-09-02,07:39,hostel_b_block8,dept_mme,1,student,normal,14.8,pending
req_20260902_0057,2026-09-02,07:39,loc_lhc_a,dept_mech,1,student,normal,8.7,pending
req_20260902_0037,2026-09-02,07:44,hostel_b_block3,dept_mech,1,student,high,6.0,pending
req_20260902_0038,2026-09-02,07:55,hostel_g_gh6,dept_physics,2,student,normal,8.7,pending
req_20260902_0058,2026-09-02,07:55,hostel_g_gh6,dept_chem,2,student,normal,14.5,pending
req_20260902_0027,2026-09-02,07:57,hostel_b_block6,dept_cse,1,student,normal,14.7,pending
req_20260902_0049,2026-09-02,08:00,hostel_g_gh5,loc_lhc_b,1,student,normal,11.7,pending
req_20260902_0059,2026-09-02,08:00,hostel_g_gh4,dept_wroe,1,student,normal,8.0,pending
req_20260902_0015,2026-09-02,08:03,hostel_b_brahmagiri,dept_chemistry,1,student,normal,14.0,pending
req_20260902_0063,2026-09-02,08:06,hostel_b_block5,loc_lhc_b,1,student,normal,12.9,pending
req_20260902_0045,2026-09-02,08:08,hostel_b_block2,dept_civil,2,student,high,5.7,pending
req_20260902_0039,2026-09-02,08:13,hostel_b_block6,loc_lhc_a,2,student,normal,10.5,pending
req_20260902_0041,2026-09-02,08:13,hostel_b_block2,dept_mme,1,student,normal,10.2,pending
req_20260902_0051,2026-09-02,08:17,hostel_b_block3,dept_it,3,student,normal,10.9,pending
req_20260902_0020,2026-09-02,08:19,hostel_g_gh4,loc_central_library,1,faculty,normal,10.9,pending
req_20260902_0060,2026-09-02,08:22,hostel_b_block7,dept_chem,3,student,normal,9.8,pending
req_20260902_0021,2026-09-02,08:23,hostel_b_shivalik,loc_lhc_a,1,student,high,4.3,pending
req_20260902_0017,2026-09-02,08:29,hostel_b_block3,loc_lhc_b,3,student,normal,9.3,pending
req_20260902_0031,2026-09-02,08:31,hostel_b_block1,loc_lhc_a,1,student,normal,9.3,pending
req_20260902_0035,2026-09-02,08:32,hostel_b_shivalik,dept_ece,2,student,normal,14.2,pending
req_20260902_0056,2026-09-02,08:36,hostel_b_block1,dept_mme,1,student,normal,8.9,pending
req_20260902_0036,2026-09-02,08:39,hostel_g_gh1,loc_lhc_a,1,student,high,6.2,pending
req_20260902_0065,2026-09-02,08:39,hostel_g_gh3,dept_hssm,1,student,normal,8.7,pending
req_20260902_0062,2026-09-02,08:43,hostel_b_block5,loc_lhc_a,1,student,normal,14.3,pending
req_20260902_0023,2026-09-02,08:46,dept_macs,hostel_b_block1,1,student,normal,10.8,pending
req_20260902_0034,2026-09-02,08:48,hostel_b_brahmagiri,dept_mining,1,student,normal,13.3,pending
req_20260902_0013,2026-09-02,08:50,hostel_b_block5,hostel_b_block6,1,student,normal,12.9,pending
req_20260902_0026,2026-09-02,08:55,hostel_g_gh3,loc_lhc_a,2,student,normal,12.2,pending
req_20260902_0044,2026-09-02,08:55,hostel_g_gh5,loc_lhc_b,1,student,normal,13.7,pending
req_20260902_0024,2026-09-02,08:57,hostel_b_mt3,dept_wroe,1,student,normal,11.9,pending
req_20260902_0040,2026-09-02,09:00,hostel_b_block6,loc_central_library,1,student,normal,10.8,pending
req_20260902_0018,2026-09-02,09:01,hostel_g_gh3,loc_central_library,1,student,normal,10.7,pending
req_20260902_0048,2026-09-02,09:02,hostel_b_mt1,loc_lhc_b,1,student,normal,13.9,pending
req_20260902_0028,2026-09-02,09:07,hostel_b_block1,loc_lhc_b,1,student,normal,12.7,pending
req_20260902_0054,2026-09-02,09:10,hostel_b_block2,dept_macs,1,staff,normal,11.6,pending
req_20260902_0064,2026-09-02,09:11,hostel_b_block7,loc_lhc_a,1,student,normal,8.9,pending
req_20260902_0046,2026-09-02,09:16,hostel_g_gh5,dept_macs,1,student,normal,13.8,pending
req_20260902_0061,2026-09-02,09:19,hostel_g_gh5,loc_central_library,1,student,normal,10.0,pending
req_20260902_0012,2026-09-02,09:36,hostel_g_gh6,loc_lhc_b,2,student,normal,11.0,pending
req_20260902_0029,2026-09-02,09:37,hostel_g_gh6,loc_central_library,1,student,normal,10.2,pending
req_20260902_0032,2026-09-02,09:39,hostel_b_block2,dept_mme,2,student,normal,9.3,pending
req_20260902_0033,2026-09-02,09:42,hostel_b_block7,dept_mech,1,student,normal,14.0,pending
req_20260902_0016,2026-09-02,09:46,hostel_b_mt3,loc_lhc_b,3,student,normal,11.3,pending
req_20260902_0011,2026-09-02,09:48,hostel_b_block7,dept_eee,1,student,normal,8.2,pending
req_20260902_0030,2026-09-02,09:49,hostel_b_mt2,loc_lhc_a,1,student,normal,13.5,pending
req_20260902_0050,2026-09-02,09:52,hostel_b_shivalik,loc_lhc_b,1,student,normal,11.2,pending
req_20260902_0072,2026-09-02,10:12,dept_mining,dept_wroe,4,student,normal,14.6,pending
req_20260902_0067,2026-09-02,10:18,dept_mech,loc_central_library,2,student,normal,8.2,pending
req_20260902_0066,2026-09-02,10:34,hostel_b_block6,mess_mega,1,staff,normal,11.6,pending
req_20260902_0082,2026-09-02,10:34,dept_physics,dept_mining,1,staff,normal,11.7,pending
req_20260902_0084,2026-09-02,10:48,dept_mech,dept_cse,1,student,normal,12.1,pending
req_20260902_0070,2026-09-02,10:49,dept_physics,loc_central_library,2,student,normal,8.5,pending
req_20260902_0080,2026-09-02,10:59,dept_macs,dept_chemistry,1,student,normal,14.6,pending
req_20260902_0074,2026-09-02,11:00,loc_e_library,loc_central_library,1,faculty,normal,14.3,pending
req_20260902_0085,2026-09-02,11:05,dept_mech,dept_hssm,1,student,normal,8.8,pending
req_20260902_0081,2026-09-02,11:20,dept_eee,dept_ece,1,student,normal,11.9,pending
req_20260902_0075,2026-09-02,11:25,dept_it,dept_mech,1,student,normal,14.7,pending
req_20260902_0068,2026-09-02,11:30,dept_cse,loc_central_library,1,faculty,high,4.9,pending
req_20260902_0076,2026-09-02,11:31,dept_mme,hostel_g_gh1,1,student,normal,13.0,pending
req_20260902_0077,2026-09-02,11:36,dept_physics,hostel_g_gh6,1,student,normal,14.5,pending
req_20260902_0078,2026-09-02,11:41,dept_eee,loc_central_library,1,staff,high,4.7,pending
req_20260902_0073,2026-09-02,11:44,dept_physics,dept_civil,4,student,normal,9.1,pending
req_20260902_0071,2026-09-02,11:47,dept_macs,loc_central_library,1,student,normal,12.2,pending
req_20260902_0079,2026-09-02,11:47,dept_physics,dept_eee,1,student,normal,14.2,pending
req_20260902_0069,2026-09-02,11:48,dept_mining,loc_e_library,2,staff,normal,10.2,pending
req_20260902_0083,2026-09-02,11:52,dept_mech,loc_central_library,2,student,normal,12.0,pending
req_20260902_0113,2026-09-02,12:00,dept_macs,mess_pg_new_brahmagiri,1,student,normal,9.8,pending
req_20260902_0128,2026-09-02,12:04,dept_chem,mess_b1_karavali,2,student,normal,10.7,pending
req_20260902_0101,2026-09-02,12:07,loc_lhc_a,mess_b1_karavali,1,student,normal,14.5,pending
req_20260902_0123,2026-09-02,12:13,loc_lhc_b,mess_b2_aravali,2,student,normal,13.4,pending
req_20260902_0111,2026-09-02,12:19,dept_it,mess_b7_sahyadri,1,student,normal,13.6,pending
req_20260902_0110,2026-09-02,12:29,loc_lhc_a,mess_b8_trishul,2,faculty,normal,12.0,pending
req_20260902_0119,2026-09-02,12:29,dept_mme,mess_mega,1,student,normal,8.2,pending
req_20260902_0112,2026-09-02,12:32,dept_mme,mess_b4_satpura,1,student,normal,9.4,pending
req_20260902_0099,2026-09-02,12:35,dept_macs,mess_b1_karavali,1,staff,high,6.2,pending
req_20260902_0092,2026-09-02,12:40,loc_e_library,mess_b3_vindhya,2,student,normal,10.8,pending
req_20260902_0096,2026-09-02,12:44,loc_central_library,mess_b7_sahyadri,1,student,normal,12.6,pending
req_20260902_0087,2026-09-02,12:46,dept_eee,mess_b7_sahyadri,1,student,normal,10.4,pending
req_20260902_0104,2026-09-02,12:59,dept_cse,mess_b2_aravali,1,student,normal,8.7,pending
req_20260902_0106,2026-09-02,13:00,dept_it,mess_b5_nilgiri,1,student,normal,8.7,pending
req_20260902_0131,2026-09-02,13:04,loc_central_library,mess_b7_sahyadri,2,student,normal,12.2,pending
req_20260902_0105,2026-09-02,13:08,dept_macs,mess_b1_karavali,1,student,normal,10.4,pending
req_20260902_0126,2026-09-02,13:09,loc_central_library,mess_b1_karavali,1,staff,normal,10.4,pending
req_20260902_0090,2026-09-02,13:12,dept_hssm,mess_b2_aravali,2,student,normal,14.0,pending
req_20260902_0130,2026-09-02,13:12,dept_ece,mess_b8_trishul,2,student,normal,8.1,pending
req_20260902_0108,2026-09-02,13:16,dept_mech,mess_mega,1,student,normal,10.9,pending
req_20260902_0118,2026-09-02,13:16,dept_macs,mess_b3_vindhya,1,student,normal,13.1,pending
req_20260902_0117,2026-09-02,13:17,loc_lhc_a,mess_mega,2,student,normal,10.6,pending
req_20260902_0100,2026-09-02,13:25,dept_it,mess_b2_aravali,3,student,normal,8.8,pending
req_20260902_0132,2026-09-02,13:26,dept_physics,mess_b1_karavali,1,student,normal,8.7,pending
req_20260902_0103,2026-09-02,13:27,dept_civil,mess_mega,1,student,normal,9.2,pending
req_20260902_0121,2026-09-02,13:27,dept_hssm,mess_pg_new_brahmagiri,4,student,normal,12.1,pending
req_20260902_0129,2026-09-02,13:28,dept_mme,mess_pg_pushpagiri,1,student,normal,12.4,pending
req_20260902_0094,2026-09-02,13:32,loc_e_library,mess_mega,3,student,normal,9.4,pending
req_20260902_0093,2026-09-02,13:36,loc_lhc_b,mess_b3_vindhya,1,student,normal,12.9,pending
req_20260902_0088,2026-09-02,13:41,loc_lhc_b,mess_b8_trishul,1,student,normal,11.6,pending
req_20260902_0098,2026-09-02,13:41,loc_lhc_a,mess_b5_nilgiri,2,faculty,normal,11.8,pending
req_20260902_0109,2026-09-02,13:45,loc_lhc_a,mess_b1_karavali,2,student,normal,10.8,pending
req_20260902_0124,2026-09-02,13:46,dept_it,mess_pg_pushpagiri,1,student,normal,12.3,pending
req_20260902_0115,2026-09-02,13:47,dept_chemistry,mess_b7_sahyadri,1,student,normal,8.1,pending
req_20260902_0086,2026-09-02,13:48,mess_pg_pushpagiri,mess_pg_new_brahmagiri,1,student,normal,8.8,pending
req_20260902_0120,2026-09-02,13:48,dept_it,mess_b4_satpura,1,student,normal,9.9,pending
req_20260902_0114,2026-09-02,13:54,mess_b5_nilgiri,dept_mining,3,student,normal,14.8,pending
req_20260902_0089,2026-09-02,13:57,loc_lhc_a,mess_pg_pushpagiri,1,student,normal,14.3,pending
req_20260902_0116,2026-09-02,14:13,dept_macs,mess_b7_sahyadri,1,staff,normal,8.2,pending
req_20260902_0091,2026-09-02,14:15,loc_lhc_b,mess_pg_new_brahmagiri,1,student,normal,12.3,pending
req_20260902_0095,2026-09-02,14:15,dept_chem,mess_b5_nilgiri,3,student,normal,11.8,pending
req_20260902_0102,2026-09-02,14:16,loc_e_library,hostel_b_shivalik,2,student,normal,14.5,pending
req_20260902_0122,2026-09-02,14:18,dept_mech,mess_b5_nilgiri,1,student,normal,9.7,pending
req_20260902_0125,2026-09-02,14:22,dept_chem,mess_pg_new_brahmagiri,3,student,normal,14.9,pending
req_20260902_0107,2026-09-02,14:24,loc_lhc_a,mess_b8_trishul,1,staff,normal,14.1,pending
req_20260902_0127,2026-09-02,14:26,loc_e_library,mess_b3_vindhya,1,student,normal,12.3,pending
req_20260902_0097,2026-09-02,14:27,loc_e_library,mess_b4_satpura,1,student,normal,9.8,pending
req_20260902_0135,2026-09-02,14:31,dept_macs,loc_e_library,3,staff,high,6.3,pending
req_20260902_0139,2026-09-02,14:36,mess_b3_vindhya,hostel_g_gh3,1,student,normal,8.8,pending
req_20260902_0134,2026-09-02,14:52,mess_b4_satpura,dept_chem,1,faculty,normal,8.1,pending
req_20260902_0144,2026-09-02,14:52,dept_physics,loc_central_library,1,student,normal,14.8,pending
req_20260902_0148,2026-09-02,15:15,dept_cse,mess_b7_sahyadri,1,staff,normal,9.5,pending
req_20260902_0138,2026-09-02,15:27,mess_b5_nilgiri,loc_suprabha_girls,1,student,normal,9.7,pending
req_20260902_0133,2026-09-02,15:28,loc_suprabha_boys,mess_pg_new_brahmagiri,2,student,normal,12.5,pending
req_20260902_0141,2026-09-02,15:35,dept_ece,hostel_b_mt3,2,student,high,6.8,pending
req_20260902_0151,2026-09-02,15:36,hostel_b_block8,mess_b8_trishul,3,faculty,normal,11.1,pending
req_20260902_0149,2026-09-02,15:42,dept_eee,loc_e_library,1,student,normal,14.4,pending
req_20260902_0142,2026-09-02,16:00,mess_mega,dept_chemistry,1,student,normal,13.2,pending
req_20260902_0150,2026-09-02,16:03,mess_pg_pushpagiri,dept_chem,1,student,normal,14.1,pending
req_20260902_0136,2026-09-02,16:11,hostel_g_gh5,loc_lhc_a,1,faculty,normal,14.8,pending
req_20260902_0145,2026-09-02,16:18,dept_physics,hostel_b_block7,1,student,normal,14.6,pending
req_20260902_0152,2026-09-02,16:19,dept_it,hostel_b_brahmagiri,1,student,normal,11.6,pending
req_20260902_0146,2026-09-02,16:21,dept_eee,mess_b3_vindhya,1,student,normal,13.5,pending
req_20260902_0147,2026-09-02,16:21,mess_mega,dept_wroe,4,student,normal,12.7,pending
req_20260902_0143,2026-09-02,16:25,mess_b7_sahyadri,dept_mining,1,staff,normal,12.6,pending
req_20260902_0137,2026-09-02,16:26,dept_ece,loc_central_library,4,student,normal,14.2,pending
req_20260902_0140,2026-09-02,16:40,mess_b3_vindhya,loc_main_gate,1,faculty,normal,12.0,pending
req_20260902_0166,2026-09-02,17:03,hostel_b_block3,loc_girls_coop,1,student,normal,14.9,pending
req_20260902_0153,2026-09-02,17:04,dept_wroe,loc_central_library,4,student,normal,8.6,pending
req_20260902_0157,2026-09-02,17:16,dept_ece,loc_central_library,1,staff,normal,14.8,pending
req_20260902_0180,2026-09-02,17:26,hostel_b_block7,loc_boys_coop,1,student,normal,8.6,pending
req_20260902_0164,2026-09-02,17:33,hostel_b_block7,loc_e_library,1,student,normal,11.4,pending
req_20260902_0160,2026-09-02,17:34,hostel_b_block3,loc_boys_coop,1,student,normal,8.8,pending
req_20260902_0170,2026-09-02,17:42,dept_civil,loc_e_library,2,student,normal,11.3,pending
req_20260902_0175,2026-09-02,17:44,hostel_g_gh2,loc_suprabha_girls,1,student,normal,9.7,pending
req_20260902_0162,2026-09-02,17:48,dept_chemistry,mess_b7_sahyadri,2,student,normal,9.8,pending
req_20260902_0168,2026-09-02,17:49,hostel_b_mt3,loc_central_library,1,student,normal,12.5,pending
req_20260902_0155,2026-09-02,17:54,hostel_g_gh2,loc_e_library,1,student,normal,13.3,pending
req_20260902_0182,2026-09-02,17:56,hostel_b_brahmagiri,loc_central_library,1,student,high,7.7,pending
req_20260902_0163,2026-09-02,18:00,hostel_b_block4,loc_suprabha_girls,3,student,normal,14.6,pending
req_20260902_0173,2026-09-02,18:05,hostel_g_gh2,loc_boys_coop,1,student,normal,10.7,pending
req_20260902_0165,2026-09-02,18:07,hostel_b_block6,loc_e_library,2,student,high,4.9,pending
req_20260902_0172,2026-09-02,18:08,hostel_b_block3,loc_girls_coop,1,student,normal,8.1,pending
req_20260902_0178,2026-09-02,18:08,hostel_b_block8,loc_boys_coop,1,student,normal,11.2,pending
req_20260902_0156,2026-09-02,18:09,hostel_b_mt3,loc_girls_coop,1,student,normal,12.7,pending
req_20260902_0171,2026-09-02,18:11,mess_b8_trishul,hostel_g_gh5,4,staff,normal,11.7,pending
req_20260902_0177,2026-09-02,18:18,dept_chemistry,loc_central_library,3,student,normal,10.3,pending
req_20260902_0158,2026-09-02,18:23,hostel_g_gh1,loc_e_library,1,student,normal,14.2,pending
req_20260902_0169,2026-09-02,18:25,dept_eee,loc_central_library,2,student,normal,14.2,pending
req_20260902_0181,2026-09-02,18:27,hostel_g_gh2,loc_boys_coop,2,student,normal,10.0,pending
req_20260902_0176,2026-09-02,18:38,hostel_b_block2,loc_suprabha_girls,2,student,normal,9.5,pending
req_20260902_0154,2026-09-02,18:40,hostel_g_gh5,loc_suprabha_boys,2,student,normal,11.3,pending
req_20260902_0179,2026-09-02,18:41,dept_civil,loc_central_library,1,student,high,4.5,pending
req_20260902_0174,2026-09-02,18:44,hostel_b_block6,loc_central_library,1,student,high,6.2,pending
req_20260902_0159,2026-09-02,18:58,hostel_b_brahmagiri,loc_boys_coop,2,student,normal,8.2,pending
req_20260902_0167,2026-09-02,19:05,hostel_b_shivalik,loc_main_building,2,student,normal,8.6,pending
req_20260902_0161,2026-09-02,19:48,hostel_g_gh3,loc_boys_coop,2,student,normal,9.5,pending
req_20260902_0195,2026-09-02,20:10,loc_central_library,hostel_b_block3,2,student,normal,12.9,pending
req_20260902_0184,2026-09-02,20:11,dept_ece,hostel_g_gh1,1,student,normal,8.4,pending
req_20260902_0194,2026-09-02,20:38,loc_boys_coop,hostel_b_block4,1,student,normal,12.9,pending
req_20260902_0198,2026-09-02,20:47,loc_suprabha_boys,hostel_b_block4,1,student,normal,13.4,pending
req_20260902_0187,2026-09-02,21:08,loc_girls_coop,hostel_b_mt2,2,student,normal,14.0,pending
req_20260902_0183,2026-09-02,21:09,loc_boys_coop,hostel_b_block4,1,student,normal,9.5,pending
req_20260902_0193,2026-09-02,21:09,dept_mining,hostel_b_mt2,1,faculty,normal,9.4,pending
req_20260902_0188,2026-09-02,21:11,loc_central_library,hostel_b_block4,1,student,normal,10.0,pending
req_20260902_0191,2026-09-02,21:11,loc_e_library,hostel_b_block5,3,student,normal,14.2,pending
req_20260902_0186,2026-09-02,21:25,dept_mining,hostel_b_block2,1,student,normal,14.6,pending
req_20260902_0185,2026-09-02,21:51,loc_e_library,hostel_b_block8,1,student,normal,13.0,pending
req_20260902_0192,2026-09-02,22:01,loc_central_library,hostel_b_block8,1,student,normal,8.3,pending
req_20260902_0196,2026-09-02,22:01,loc_suprabha_boys,hostel_b_mt3,3,student,normal,11.2,pending
req_20260902_0197,2026-09-02,22:02,hostel_g_gh3,loc_central_library,1,student,normal,13.4,pending
req_20260902_0189,2026-09-02,22:25,loc_central_library,hostel_b_block3,2,student,normal,11.0,pending
req_20260902_0190,2026-09-02,22:52,loc_central_library,hostel_b_mt3,1,student,normal,10.9,pending
req_20260903_0001,2026-09-03,05:23,hostel_g_gh3,loc_main_gate,1,staff,normal,11.4,pending
req_20260903_0002,2026-09-03,05:30,hostel_b_mt1,mess_mega,1,staff,normal,12.3,pending
req_20260903_0004,2026-09-03,05:32,hostel_b_block4,loc_main_gate,3,student,normal,14.8,pending
req_20260903_0007,2026-09-03,05:54,dept_mining,mess_pg_new_brahmagiri,1,student,high,5.8,pending
req_20260903_0009,2026-09-03,06:09,hostel_b_mt2,mess_b7_sahyadri,1,student,normal,12.2,pending
req_20260903_0003,2026-09-03,06:10,hostel_b_block8,loc_main_gate,1,student,normal,8.9,pending
req_20260903_0008,2026-09-03,06:36,hostel_g_gh6,loc_central_library,1,student,normal,10.9,pending
req_20260903_0006,2026-09-03,06:50,hostel_b_mt2,loc_main_gate,1,student,normal,12.5,pending
req_20260903_0005,2026-09-03,06:54,hostel_b_brahmagiri,mess_mega,2,student,normal,11.8,pending
req_20260903_0047,2026-09-03,07:02,hostel_b_block6,dept_mech,1,student,normal,13.0,pending
req_20260903_0020,2026-09-03,07:18,hostel_b_shivalik,dept_it,1,student,normal,10.7,pending
req_20260903_0046,2026-09-03,07:19,hostel_b_block5,loc_lhc_b,1,student,high,4.4,pending
req_20260903_0049,2026-09-03,07:19,hostel_b_block3,dept_chemistry,1,student,normal,11.8,pending
req_20260903_0034,2026-09-03,07:20,hostel_g_gh3,dept_physics,2,student,normal,8.8,pending
req_20260903_0012,2026-09-03,07:25,hostel_b_mt2,dept_mining,1,student,normal,14.4,pending
req_20260903_0025,2026-09-03,07:46,hostel_g_gh3,loc_lhc_a,1,student,normal,11.1,pending
req_20260903_0030,2026-09-03,07:46,hostel_g_gh6,dept_chem,1,student,normal,10.0,pending
req_20260903_0026,2026-09-03,07:47,hostel_b_mt1,dept_wroe,1,student,high,6.4,pending
req_20260903_0028,2026-09-03,07:47,hostel_b_block2,loc_lhc_a,1,student,normal,8.2,pending
req_20260903_0051,2026-09-03,07:51,hostel_b_brahmagiri,loc_lhc_b,1,student,normal,8.6,pending
req_20260903_0054,2026-09-03,08:00,hostel_b_brahmagiri,loc_lhc_a,3,student,normal,8.3,pending
req_20260903_0038,2026-09-03,08:01,hostel_b_mt3,dept_cse,1,student,normal,9.0,pending
req_20260903_0055,2026-09-03,08:01,hostel_g_gh3,dept_chem,1,student,normal,13.2,pending
req_20260903_0033,2026-09-03,08:13,hostel_b_brahmagiri,dept_mining,1,student,normal,13.2,pending
req_20260903_0021,2026-09-03,08:16,hostel_b_mt3,loc_lhc_a,1,student,normal,13.0,pending
req_20260903_0018,2026-09-03,08:17,hostel_g_gh3,dept_eee,4,student,high,5.2,pending
req_20260903_0017,2026-09-03,08:19,hostel_b_block6,dept_hssm,2,student,normal,11.3,pending
req_20260903_0048,2026-09-03,08:25,hostel_b_mt3,dept_civil,1,student,normal,9.0,pending
req_20260903_0043,2026-09-03,08:29,hostel_b_block5,loc_central_library,1,student,normal,14.6,pending
req_20260903_0010,2026-09-03,08:32,hostel_g_gh5,loc_lhc_b,1,student,normal,12.7,pending
req_20260903_0050,2026-09-03,08:37,hostel_b_block2,loc_lhc_a,1,student,high,7.0,pending
req_20260903_0016,2026-09-03,08:41,hostel_b_mt2,loc_e_library,3,student,normal,9.2,pending
req_20260903_0052,2026-09-03,08:42,hostel_b_block4,loc_e_library,1,staff,normal,12.0,pending
req_20260903_0039,2026-09-03,08:45,hostel_b_block7,loc_lhc_a,2,student,normal,14.4,pending
req_20260903_0013,2026-09-03,08:47,hostel_b_mt3,loc_lhc_b,1,student,normal,9.6,pending
req_20260903_0015,2026-09-03,08:49,hostel_b_block3,loc_lhc_b,3,student,normal,13.7,pending
req_20260903_0032,2026-09-03,08:49,hostel_g_gh2,dept_it,1,student,normal,12.2,pending
req_20260903_0014,2026-09-03,08:50,hostel_g_gh6,loc_lhc_a,1,student,normal,9.0,pending
req_20260903_0022,2026-09-03,08:51,hostel_b_mt1,dept_wroe,1,student,normal,9.4,pending
req_20260903_0027,2026-09-03,08:51,hostel_b_block6,loc_central_library,1,student,normal,9.3,pending
req_20260903_0029,2026-09-03,08:54,hostel_g_gh5,dept_ece,1,student,normal,12.4,pending
req_20260903_0058,2026-09-03,08:59,hostel_b_block6,loc_central_library,1,student,normal,9.7,pending
req_20260903_0036,2026-09-03,09:01,hostel_g_gh4,loc_lhc_b,1,student,normal,12.1,pending
req_20260903_0045,2026-09-03,09:06,hostel_b_mt1,loc_lhc_b,3,student,normal,8.0,pending
req_20260903_0057,2026-09-03,09:06,hostel_b_block8,dept_physics,3,staff,normal,12.0,pending
req_20260903_0044,2026-09-03,09:07,hostel_b_mt2,loc_central_library,1,student,normal,9.2,pending
req_20260903_0037,2026-09-03,09:11,dept_ece,dept_chemistry,1,staff,normal,12.4,pending
req_20260903_0040,2026-09-03,09:11,dept_macs,hostel_b_brahmagiri,1,staff,normal,12.8,pending
req_20260903_0024,2026-09-03,09:15,hostel_b_block7,loc_lhc_b,1,faculty,normal,9.4,pending
req_20260903_0035,2026-09-03,09:18,hostel_b_block2,loc_central_library,2,student,normal,9.8,pending
req_20260903_0056,2026-09-03,09:19,hostel_b_mt3,loc_lhc_a,4,student,normal,8.3,pending
req_20260903_0041,2026-09-03,09:27,hostel_b_block8,loc_lhc_a,2,faculty,normal,11.8,pending
req_20260903_0023,2026-09-03,09:35,hostel_g_gh2,loc_lhc_a,1,student,normal,8.9,pending
req_20260903_0019,2026-09-03,09:40,hostel_b_block4,loc_lhc_b,1,student,normal,14.0,pending
req_20260903_0053,2026-09-03,09:47,hostel_b_block5,loc_lhc_a,1,faculty,normal,11.6,pending
req_20260903_0011,2026-09-03,09:54,hostel_b_mt3,dept_physics,1,student,normal,13.5,pending
req_20260903_0042,2026-09-03,09:56,hostel_g_gh4,dept_mech,1,student,normal,12.0,pending
req_20260903_0031,2026-09-03,09:59,hostel_b_block2,dept_eee,1,student,normal,12.3,pending
req_20260903_0062,2026-09-03,10:05,dept_eee,hostel_b_mt3,1,student,normal,9.6,pending
req_20260903_0072,2026-09-03,10:13,loc_lhc_a,loc_central_library,4,student,normal,14.3,pending
req_20260903_0075,2026-09-03,10:34,dept_civil,hostel_b_shivalik,3,student,normal,14.9,pending
req_20260903_0073,2026-09-03,10:38,dept_wroe,hostel_b_block8,1,student,normal,10.2,pending
req_20260903_0069,2026-09-03,11:00,dept_eee,dept_physics,1,student,normal,13.6,pending
req_20260903_0063,2026-09-03,11:01,dept_ece,dept_mech,1,staff,normal,9.6,pending
req_20260903_0067,2026-09-03,11:04,dept_macs,hostel_g_gh6,1,student,normal,10.1,pending
req_20260903_0074,2026-09-03,11:04,loc_e_library,loc_central_library,1,staff,normal,12.1,pending
req_20260903_0066,2026-09-03,11:16,dept_eee,dept_physics,1,staff,normal,9.6,pending
req_20260903_0061,2026-09-03,11:21,dept_wroe,dept_eee,1,student,high,7.2,pending
req_20260903_0060,2026-09-03,11:24,loc_e_library,hostel_b_mt3,1,student,normal,10.2,pending
req_20260903_0070,2026-09-03,11:24,dept_mme,dept_chem,1,student,normal,8.2,pending
req_20260903_0059,2026-09-03,11:42,loc_lhc_a,loc_central_library,1,student,normal,11.2,pending
req_20260903_0071,2026-09-03,11:42,dept_mme,dept_eee,1,student,normal,10.5,pending
req_20260903_0064,2026-09-03,11:43,dept_ece,dept_mining,2,student,high,7.2,pending
req_20260903_0076,2026-09-03,11:44,dept_chem,loc_e_library,1,student,normal,9.5,pending
req_20260903_0065,2026-09-03,11:49,dept_civil,loc_central_library,1,student,normal,8.8,pending
req_20260903_0068,2026-09-03,11:59,dept_mech,dept_cse,1,student,normal,11.8,pending
req_20260903_0082,2026-09-03,12:00,loc_lhc_b,mess_b1_karavali,2,student,normal,9.8,pending
req_20260903_0088,2026-09-03,12:08,loc_central_library,mess_b5_nilgiri,1,student,normal,8.1,pending
req_20260903_0109,2026-09-03,12:08,dept_ece,mess_mega,1,student,normal,11.5,pending
req_20260903_0087,2026-09-03,12:10,loc_lhc_a,mess_pg_new_brahmagiri,3,student,normal,10.5,pending
req_20260903_0101,2026-09-03,12:14,loc_lhc_b,mess_b1_karavali,1,student,normal,8.6,pending
req_20260903_0093,2026-09-03,12:21,loc_lhc_b,mess_gb,1,student,normal,13.1,pending
req_20260903_0106,2026-09-03,12:22,loc_central_library,mess_b5_nilgiri,1,student,normal,8.9,pending
req_20260903_0114,2026-09-03,12:22,loc_lhc_b,mess_b4_satpura,1,staff,normal,12.0,pending
req_20260903_0091,2026-09-03,12:30,dept_it,mess_b4_satpura,1,student,normal,10.3,pending
req_20260903_0090,2026-09-03,12:38,loc_lhc_a,mess_b3_vindhya,1,student,normal,10.5,pending
req_20260903_0100,2026-09-03,12:39,hostel_b_brahmagiri,mess_b2_aravali,1,faculty,normal,14.9,pending
req_20260903_0105,2026-09-03,12:45,dept_physics,mess_pg_pushpagiri,1,student,normal,11.8,pending
req_20260903_0117,2026-09-03,12:45,dept_mech,mess_mega,1,student,normal,10.3,pending
req_20260903_0115,2026-09-03,12:46,loc_lhc_b,mess_pg_pushpagiri,1,student,normal,10.5,pending
req_20260903_0097,2026-09-03,12:53,loc_lhc_a,mess_b2_aravali,1,student,normal,14.4,pending
req_20260903_0102,2026-09-03,12:59,loc_central_library,mess_pg_new_brahmagiri,2,student,high,6.5,pending
req_20260903_0079,2026-09-03,13:01,dept_cse,mess_b2_aravali,2,student,high,7.9,pending
req_20260903_0092,2026-09-03,13:01,dept_ece,mess_mega,2,staff,normal,10.1,pending
req_20260903_0118,2026-09-03,13:05,dept_eee,mess_pg_pushpagiri,3,student,normal,9.6,pending
req_20260903_0096,2026-09-03,13:06,loc_lhc_a,mess_mega,1,faculty,high,4.1,pending
req_20260903_0111,2026-09-03,13:06,loc_e_library,mess_b3_vindhya,3,student,high,7.0,pending
req_20260903_0089,2026-09-03,13:09,dept_hssm,mess_pg_new_brahmagiri,1,student,normal,14.8,pending
req_20260903_0078,2026-09-03,13:10,loc_e_library,mess_pg_new_brahmagiri,1,faculty,normal,12.2,pending
req_20260903_0095,2026-09-03,13:28,dept_ece,mess_pg_new_brahmagiri,1,student,high,5.1,pending
req_20260903_0112,2026-09-03,13:37,dept_hssm,mess_b4_satpura,1,student,normal,14.1,pending
req_20260903_0113,2026-09-03,13:38,dept_mining,mess_b4_satpura,1,student,normal,10.9,pending
req_20260903_0081,2026-09-03,13:42,dept_hssm,mess_b7_sahyadri,2,student,high,4.4,pending
req_20260903_0107,2026-09-03,13:46,loc_lhc_b,mess_pg_pushpagiri,2,student,normal,9.0,pending
req_20260903_0099,2026-09-03,13:48,loc_lhc_a,mess_b5_nilgiri,1,student,normal,9.6,pending
req_20260903_0083,2026-09-03,13:50,dept_chem,hostel_b_block1,1,student,normal,11.6,pending
req_20260903_0094,2026-09-03,13:50,dept_mme,mess_pg_new_brahmagiri,3,student,normal,10.5,pending
req_20260903_0086,2026-09-03,13:53,loc_main_building,dept_macs,1,student,normal,11.7,pending
req_20260903_0104,2026-09-03,13:54,loc_central_library,mess_b2_aravali,1,student,normal,11.8,pending
req_20260903_0084,2026-09-03,13:57,dept_hssm,mess_b7_sahyadri,1,student,normal,14.8,pending
req_20260903_0077,2026-09-03,13:59,dept_macs,mess_b2_aravali,2,student,normal,10.2,pending
req_20260903_0080,2026-09-03,14:07,loc_lhc_a,mess_pg_new_brahmagiri,1,student,normal,12.9,pending
req_20260903_0108,2026-09-03,14:09,dept_physics,mess_pg_new_brahmagiri,1,student,normal,10.5,pending
req_20260903_0103,2026-09-03,14:13,dept_civil,mess_gb,1,student,normal,14.7,pending
req_20260903_0085,2026-09-03,14:18,loc_lhc_a,mess_b5_nilgiri,1,student,normal,12.7,pending
req_20260903_0098,2026-09-03,14:20,dept_civil,mess_b8_trishul,1,staff,normal,10.9,pending
req_20260903_0110,2026-09-03,14:23,loc_lhc_b,mess_b2_aravali,4,staff,normal,13.3,pending
req_20260903_0116,2026-09-03,14:26,loc_lhc_a,mess_b7_sahyadri,1,student,normal,11.2,pending
req_20260903_0119,2026-09-03,14:34,mess_b5_nilgiri,dept_it,1,staff,high,6.0,pending
req_20260903_0122,2026-09-03,14:35,dept_hssm,hostel_g_gh2,1,staff,normal,10.5,pending
req_20260903_0135,2026-09-03,14:40,loc_central_library,hostel_b_block7,2,student,normal,8.7,pending
req_20260903_0124,2026-09-03,14:51,dept_hssm,hostel_g_gh6,1,student,normal,13.3,pending
req_20260903_0136,2026-09-03,15:12,dept_ece,loc_e_library,1,student,normal,13.5,pending
req_20260903_0120,2026-09-03,15:15,mess_b1_karavali,dept_mme,1,student,normal,11.3,pending
req_20260903_0131,2026-09-03,15:28,dept_ece,hostel_g_gh4,1,student,normal,8.1,pending
req_20260903_0132,2026-09-03,15:34,dept_wroe,loc_e_library,4,student,high,7.5,pending
req_20260903_0134,2026-09-03,15:42,dept_ece,loc_central_library,2,student,normal,9.5,pending
req_20260903_0128,2026-09-03,15:45,dept_ece,hostel_b_block3,3,staff,normal,10.7,pending
req_20260903_0123,2026-09-03,15:46,dept_physics,hostel_b_mt3,3,faculty,normal,11.8,pending
req_20260903_0129,2026-09-03,15:48,loc_main_gate,dept_eee,1,student,normal,10.0,pending
req_20260903_0126,2026-09-03,16:25,dept_civil,loc_e_library,1,student,normal,10.1,pending
req_20260903_0133,2026-09-03,16:27,dept_cse,loc_e_library,1,student,normal,9.9,pending
req_20260903_0130,2026-09-03,16:36,mess_mega,dept_wroe,1,student,normal,14.3,pending
req_20260903_0125,2026-09-03,16:39,dept_ece,hostel_b_mt2,1,student,normal,10.9,pending
req_20260903_0127,2026-09-03,16:42,dept_civil,loc_e_library,1,student,normal,8.1,pending
req_20260903_0121,2026-09-03,16:47,mess_b8_trishul,dept_civil,4,staff,normal,9.7,pending
req_20260903_0158,2026-09-03,17:00,hostel_b_block8,loc_e_library,1,student,normal,8.5,pending
req_20260903_0160,2026-09-03,17:06,hostel_b_block1,hostel_g_gh6,1,staff,normal,9.8,pending
req_20260903_0140,2026-09-03,17:11,dept_mme,loc_e_library,2,student,normal,11.8,pending
req_20260903_0157,2026-09-03,17:17,hostel_g_gh6,loc_suprabha_girls,2,student,normal,14.8,pending
req_20260903_0148,2026-09-03,17:22,dept_it,loc_central_library,1,student,normal,10.9,pending
req_20260903_0159,2026-09-03,17:31,hostel_b_block5,loc_suprabha_girls,3,student,normal,11.6,pending
req_20260903_0155,2026-09-03,17:38,dept_mme,loc_central_library,1,student,normal,9.6,pending
req_20260903_0162,2026-09-03,17:39,hostel_b_block3,loc_e_library,2,student,normal,14.0,pending
req_20260903_0139,2026-09-03,17:43,hostel_b_mt3,loc_suprabha_girls,4,student,normal,14.1,pending
req_20260903_0151,2026-09-03,17:55,hostel_b_block4,loc_suprabha_boys,2,student,high,6.0,pending
req_20260903_0147,2026-09-03,17:58,dept_mme,loc_central_library,4,student,normal,12.6,pending
req_20260903_0152,2026-09-03,18:08,dept_mme,loc_e_library,2,student,normal,8.7,pending
req_20260903_0145,2026-09-03,18:13,hostel_g_gh4,mess_pg_pushpagiri,1,student,normal,14.6,pending
req_20260903_0156,2026-09-03,18:22,hostel_g_gh6,loc_boys_coop,1,staff,normal,12.3,pending
req_20260903_0149,2026-09-03,18:25,hostel_b_mt3,loc_e_library,2,student,normal,8.6,pending
req_20260903_0150,2026-09-03,18:32,dept_hssm,loc_e_library,1,student,normal,13.3,pending
req_20260903_0153,2026-09-03,18:33,hostel_b_block4,mess_mega,1,student,normal,8.1,pending
req_20260903_0143,2026-09-03,18:46,hostel_g_gh6,loc_e_library,2,student,high,6.0,pending
req_20260903_0146,2026-09-03,18:51,hostel_g_gh6,loc_e_library,2,student,normal,12.0,pending
req_20260903_0142,2026-09-03,18:59,hostel_g_gh4,loc_suprabha_girls,1,student,normal,9.4,pending
req_20260903_0144,2026-09-03,19:03,hostel_g_gh2,loc_suprabha_girls,2,student,normal,14.2,pending
req_20260903_0137,2026-09-03,19:07,hostel_g_gh3,loc_central_library,1,student,normal,11.4,pending
req_20260903_0141,2026-09-03,19:11,hostel_g_gh2,loc_suprabha_girls,1,student,normal,15.0,pending
req_20260903_0138,2026-09-03,19:34,hostel_b_block4,loc_suprabha_girls,1,student,normal,9.6,pending
req_20260903_0154,2026-09-03,19:37,hostel_b_block7,loc_suprabha_girls,1,student,normal,14.7,pending
req_20260903_0161,2026-09-03,19:37,hostel_b_block7,loc_central_library,1,student,normal,8.2,pending
req_20260903_0175,2026-09-03,20:39,loc_boys_coop,hostel_b_block1,2,student,normal,13.3,pending
req_20260903_0163,2026-09-03,20:58,loc_central_library,hostel_g_gh1,1,student,normal,11.3,pending
req_20260903_0168,2026-09-03,21:17,loc_suprabha_girls,hostel_g_gh2,2,staff,normal,13.6,pending
req_20260903_0176,2026-09-03,21:26,loc_boys_coop,hostel_b_block6,1,student,normal,9.3,pending
req_20260903_0174,2026-09-03,21:53,dept_ece,hostel_b_mt3,2,student,normal,10.6,pending
req_20260903_0167,2026-09-03,21:54,loc_girls_coop,hostel_b_mt1,2,student,normal,9.5,pending
req_20260903_0171,2026-09-03,22:01,dept_mech,hostel_b_block1,1,student,normal,14.6,pending
req_20260903_0165,2026-09-03,22:03,dept_wroe,hostel_g_gh5,1,student,normal,8.1,pending
req_20260903_0164,2026-09-03,22:06,loc_suprabha_boys,hostel_b_block5,1,student,normal,9.2,pending
req_20260903_0169,2026-09-03,22:10,dept_wroe,hostel_b_block6,1,student,normal,11.1,pending
req_20260903_0166,2026-09-03,22:20,loc_central_library,hostel_b_mt3,1,student,normal,14.4,pending
req_20260903_0172,2026-09-03,22:25,hostel_b_shivalik,hostel_g_gh3,1,student,normal,12.3,pending
req_20260903_0170,2026-09-03,22:29,loc_e_library,hostel_b_mt2,1,faculty,normal,14.5,pending
req_20260903_0173,2026-09-03,22:42,loc_e_library,hostel_b_block2,1,student,normal,10.2,pending
req_20260904_0008,2026-09-04,05:21,dept_chemistry,hostel_g_gh1,1,staff,normal,13.5,pending
req_20260904_0004,2026-09-04,05:54,hostel_b_mt2,mess_b5_nilgiri,1,faculty,normal,14.0,pending
req_20260904_0007,2026-09-04,05:54,hostel_b_block6,dept_macs,1,student,normal,10.3,pending
req_20260904_0002,2026-09-04,06:11,hostel_b_block5,dept_eee,1,faculty,normal,10.0,pending
req_20260904_0006,2026-09-04,06:33,hostel_b_mt1,loc_main_gate,1,student,normal,14.9,pending
req_20260904_0005,2026-09-04,06:43,hostel_b_brahmagiri,loc_main_gate,1,student,high,6.6,pending
req_20260904_0003,2026-09-04,06:50,hostel_b_mt3,loc_central_library,1,student,normal,12.0,pending
req_20260904_0001,2026-09-04,06:54,mess_b8_trishul,hostel_g_gh4,1,staff,normal,8.1,pending
req_20260904_0044,2026-09-04,07:08,hostel_b_block6,loc_lhc_b,2,student,high,6.3,pending
req_20260904_0020,2026-09-04,07:18,hostel_g_gh6,dept_chem,1,student,normal,13.0,pending
req_20260904_0022,2026-09-04,07:18,hostel_b_block6,loc_lhc_a,1,student,normal,11.0,pending
req_20260904_0034,2026-09-04,07:24,hostel_b_block2,dept_chemistry,1,student,high,7.7,pending
req_20260904_0009,2026-09-04,07:27,hostel_g_gh5,loc_lhc_b,2,student,high,6.3,pending
req_20260904_0054,2026-09-04,07:27,hostel_g_gh3,loc_lhc_a,3,student,normal,9.0,pending
req_20260904_0036,2026-09-04,07:31,hostel_b_shivalik,dept_civil,1,student,normal,10.9,pending
req_20260904_0021,2026-09-04,07:37,hostel_g_gh5,loc_lhc_b,1,student,normal,13.3,pending
req_20260904_0037,2026-09-04,07:37,hostel_b_block8,loc_central_library,2,student,normal,10.4,pending
req_20260904_0041,2026-09-04,07:39,hostel_g_gh3,loc_lhc_b,1,staff,high,7.2,pending
req_20260904_0050,2026-09-04,07:40,hostel_b_block5,dept_mining,2,student,normal,9.8,pending
req_20260904_0026,2026-09-04,07:41,hostel_g_gh1,loc_lhc_a,2,student,normal,11.8,pending
req_20260904_0011,2026-09-04,07:45,hostel_g_gh1,loc_lhc_a,1,student,normal,13.9,pending
req_20260904_0055,2026-09-04,07:54,hostel_b_block6,dept_mech,1,student,normal,8.5,pending
req_20260904_0010,2026-09-04,07:55,hostel_b_shivalik,dept_ece,1,student,normal,8.3,pending
req_20260904_0029,2026-09-04,07:59,hostel_b_block5,dept_mining,2,student,normal,13.8,pending
req_20260904_0025,2026-09-04,08:02,hostel_b_block3,dept_macs,3,student,normal,14.9,pending
req_20260904_0043,2026-09-04,08:02,hostel_b_mt3,loc_lhc_a,3,student,normal,13.1,pending
req_20260904_0013,2026-09-04,08:09,hostel_b_mt2,dept_eee,1,student,normal,8.0,pending
req_20260904_0039,2026-09-04,08:09,hostel_g_gh2,loc_central_library,2,student,normal,9.4,pending
req_20260904_0035,2026-09-04,08:13,hostel_b_block8,loc_lhc_a,1,student,normal,10.1,pending
req_20260904_0023,2026-09-04,08:19,hostel_b_block6,loc_lhc_a,2,student,normal,14.8,pending
req_20260904_0027,2026-09-04,08:22,hostel_b_mt3,loc_central_library,2,student,normal,13.3,pending
req_20260904_0046,2026-09-04,08:23,hostel_b_mt1,loc_lhc_a,1,student,high,5.3,pending
req_20260904_0032,2026-09-04,08:26,hostel_b_block8,loc_lhc_a,1,student,normal,9.5,pending
req_20260904_0038,2026-09-04,08:29,hostel_b_block2,dept_chem,3,student,normal,9.4,pending
req_20260904_0012,2026-09-04,08:36,hostel_g_gh1,loc_lhc_a,1,faculty,normal,13.7,pending
req_20260904_0019,2026-09-04,08:39,hostel_b_brahmagiri,dept_chem,1,student,high,6.6,pending
req_20260904_0033,2026-09-04,08:39,loc_e_library,hostel_b_shivalik,1,student,normal,8.8,pending
req_20260904_0049,2026-09-04,08:53,hostel_g_gh4,dept_physics,1,staff,normal,10.6,pending
req_20260904_0031,2026-09-04,08:58,hostel_b_brahmagiri,loc_lhc_b,3,student,normal,9.9,pending
req_20260904_0028,2026-09-04,09:01,hostel_b_mt2,dept_it,2,student,normal,12.8,pending
req_20260904_0040,2026-09-04,09:05,hostel_g_gh2,loc_lhc_a,1,student,normal,11.0,pending
req_20260904_0017,2026-09-04,09:06,hostel_b_mt1,loc_lhc_b,2,student,normal,14.8,pending
req_20260904_0018,2026-09-04,09:13,hostel_g_gh3,loc_lhc_b,1,staff,normal,8.7,pending
req_20260904_0016,2026-09-04,09:17,hostel_b_mt1,dept_mining,1,student,normal,12.2,pending
req_20260904_0051,2026-09-04,09:22,hostel_b_mt2,dept_ece,1,student,normal,9.7,pending
req_20260904_0045,2026-09-04,09:23,hostel_b_block5,dept_mining,2,student,normal,13.8,pending
req_20260904_0042,2026-09-04,09:27,hostel_b_block8,dept_chemistry,1,student,normal,11.3,pending
req_20260904_0015,2026-09-04,09:40,hostel_g_gh1,dept_mech,1,student,normal,10.8,pending
req_20260904_0052,2026-09-04,09:44,hostel_g_gh5,dept_mme,1,student,normal,14.1,pending
req_20260904_0048,2026-09-04,09:48,loc_suprabha_boys,mess_b3_vindhya,1,student,high,8.0,pending
req_20260904_0024,2026-09-04,09:50,hostel_g_gh4,loc_lhc_b,1,student,high,8.0,pending
req_20260904_0014,2026-09-04,09:54,hostel_g_gh3,loc_lhc_b,1,student,normal,9.5,pending
req_20260904_0030,2026-09-04,09:57,hostel_g_gh2,dept_wroe,2,student,normal,12.5,pending
req_20260904_0047,2026-09-04,09:58,hostel_b_block5,loc_lhc_a,1,student,normal,13.9,pending
req_20260904_0053,2026-09-04,09:59,hostel_b_mt2,hostel_g_gh6,1,student,high,5.0,pending
req_20260904_0063,2026-09-04,10:05,dept_cse,dept_ece,1,student,normal,11.0,pending
req_20260904_0061,2026-09-04,10:07,dept_chem,hostel_g_gh6,1,student,normal,14.3,pending
req_20260904_0062,2026-09-04,10:08,dept_ece,dept_civil,3,student,normal,12.6,pending
req_20260904_0064,2026-09-04,10:11,dept_cse,hostel_b_block5,1,student,normal,11.1,pending
req_20260904_0069,2026-09-04,10:13,dept_chem,loc_e_library,3,staff,normal,12.9,pending
req_20260904_0056,2026-09-04,10:32,dept_civil,dept_it,1,student,normal,15.0,pending
req_20260904_0070,2026-09-04,10:42,dept_it,dept_mech,1,faculty,normal,13.9,pending
req_20260904_0066,2026-09-04,11:02,dept_cse,loc_e_library,1,student,normal,13.4,pending
req_20260904_0072,2026-09-04,11:15,dept_mme,dept_physics,1,student,normal,14.2,pending
req_20260904_0057,2026-09-04,11:18,dept_eee,hostel_b_block6,2,student,normal,8.2,pending
req_20260904_0058,2026-09-04,11:20,loc_central_library,hostel_g_gh2,2,staff,normal,12.0,pending
req_20260904_0067,2026-09-04,11:21,dept_physics,dept_civil,1,student,normal,8.5,pending
req_20260904_0060,2026-09-04,11:24,dept_eee,dept_chemistry,2,student,normal,8.4,pending
req_20260904_0068,2026-09-04,11:54,dept_civil,dept_mme,1,student,normal,11.8,pending
req_20260904_0059,2026-09-04,11:56,dept_civil,loc_central_library,1,student,normal,9.4,pending
req_20260904_0065,2026-09-04,11:56,hostel_b_block7,hostel_g_gh1,1,student,normal,10.4,pending
req_20260904_0071,2026-09-04,11:57,dept_mech,dept_chemistry,1,staff,normal,12.0,pending
req_20260904_0108,2026-09-04,12:01,loc_central_library,mess_mega,1,student,normal,15.0,pending
req_20260904_0099,2026-09-04,12:04,dept_mining,mess_b2_aravali,1,student,normal,9.1,pending
req_20260904_0084,2026-09-04,12:06,dept_chem,mess_b8_trishul,1,student,normal,13.4,pending
req_20260904_0093,2026-09-04,12:16,dept_macs,mess_mega,1,staff,normal,12.3,pending
req_20260904_0101,2026-09-04,12:17,dept_mme,mess_b7_sahyadri,2,student,normal,12.3,pending
req_20260904_0105,2026-09-04,12:27,dept_hssm,mess_b5_nilgiri,1,student,normal,13.8,pending
req_20260904_0104,2026-09-04,12:30,dept_hssm,mess_pg_pushpagiri,1,student,normal,10.9,pending
req_20260904_0083,2026-09-04,12:38,dept_mining,mess_mega,3,student,normal,11.6,pending
req_20260904_0111,2026-09-04,12:38,loc_lhc_b,mess_b2_aravali,4,staff,high,5.5,pending
req_20260904_0088,2026-09-04,12:44,mess_b4_satpura,loc_lhc_a,1,student,normal,10.3,pending
req_20260904_0107,2026-09-04,12:45,dept_physics,mess_mega,1,faculty,normal,9.0,pending
req_20260904_0112,2026-09-04,12:46,dept_eee,mess_b4_satpura,1,student,normal,8.2,pending
req_20260904_0094,2026-09-04,12:53,loc_lhc_a,mess_b3_vindhya,1,student,normal,14.3,pending
req_20260904_0077,2026-09-04,12:54,loc_lhc_b,mess_gb,1,student,normal,14.9,pending
req_20260904_0078,2026-09-04,12:54,hostel_b_block2,mess_pg_pushpagiri,1,student,normal,13.4,pending
req_20260904_0085,2026-09-04,12:59,dept_cse,mess_b4_satpura,1,student,normal,11.4,pending
req_20260904_0092,2026-09-04,13:09,dept_hssm,mess_b3_vindhya,2,student,normal,11.4,pending
req_20260904_0075,2026-09-04,13:12,loc_lhc_b,mess_b8_trishul,1,student,normal,9.4,pending
req_20260904_0074,2026-09-04,13:13,dept_ece,mess_gb,1,student,normal,12.3,pending
req_20260904_0095,2026-09-04,13:15,hostel_b_mt2,hostel_g_gh6,1,student,normal,13.4,pending
req_20260904_0073,2026-09-04,13:20,loc_lhc_b,mess_pg_new_brahmagiri,1,student,high,5.8,pending
req_20260904_0089,2026-09-04,13:21,dept_cse,mess_pg_new_brahmagiri,4,student,normal,10.9,pending
req_20260904_0109,2026-09-04,13:22,dept_eee,mess_b5_nilgiri,1,student,normal,11.6,pending
req_20260904_0087,2026-09-04,13:25,dept_eee,mess_pg_pushpagiri,1,student,high,5.2,pending
req_20260904_0096,2026-09-04,13:31,dept_eee,mess_b8_trishul,1,staff,normal,14.0,pending
req_20260904_0079,2026-09-04,13:35,dept_civil,mess_pg_pushpagiri,1,student,high,7.3,pending
req_20260904_0102,2026-09-04,13:46,dept_eee,hostel_b_block7,1,student,normal,9.5,pending
req_20260904_0081,2026-09-04,13:52,dept_mech,mess_mega,1,staff,normal,13.7,pending
req_20260904_0080,2026-09-04,13:54,dept_cse,mess_pg_pushpagiri,1,student,normal,9.7,pending
req_20260904_0100,2026-09-04,13:55,dept_it,mess_pg_new_brahmagiri,2,student,normal,14.8,pending
req_20260904_0082,2026-09-04,13:58,loc_lhc_b,mess_b1_karavali,4,student,normal,8.5,pending
req_20260904_0090,2026-09-04,14:09,loc_lhc_a,mess_b1_karavali,1,student,normal,10.8,pending
req_20260904_0097,2026-09-04,14:12,dept_civil,loc_main_gate,1,student,normal,12.0,pending
req_20260904_0106,2026-09-04,14:15,hostel_b_block5,hostel_b_mt2,1,student,high,5.4,pending
req_20260904_0076,2026-09-04,14:19,loc_lhc_b,mess_b4_satpura,1,student,high,5.1,pending
req_20260904_0091,2026-09-04,14:20,loc_e_library,mess_b7_sahyadri,1,student,high,7.4,pending
req_20260904_0110,2026-09-04,14:20,dept_mech,mess_mega,2,student,normal,8.5,pending
req_20260904_0098,2026-09-04,14:26,dept_eee,mess_pg_new_brahmagiri,4,student,normal,14.0,pending
req_20260904_0103,2026-09-04,14:27,hostel_b_block5,hostel_g_gh2,1,student,normal,9.4,pending
req_20260904_0086,2026-09-04,14:28,mess_gb,loc_lhc_b,1,student,normal,10.8,pending
req_20260904_0115,2026-09-04,14:44,dept_hssm,loc_central_library,1,student,normal,8.9,pending
req_20260904_0117,2026-09-04,15:29,mess_b4_satpura,dept_hssm,1,student,normal,14.3,pending
req_20260904_0118,2026-09-04,15:29,mess_b5_nilgiri,dept_ece,1,staff,normal,9.5,pending
req_20260904_0122,2026-09-04,15:31,hostel_b_brahmagiri,dept_mme,1,student,normal,14.0,pending
req_20260904_0129,2026-09-04,15:32,dept_it,loc_e_library,1,student,normal,14.4,pending
req_20260904_0119,2026-09-04,15:34,dept_mining,hostel_g_gh4,2,student,normal,9.4,pending
req_20260904_0114,2026-09-04,15:48,hostel_b_block6,hostel_g_gh5,2,student,normal,8.2,pending
req_20260904_0127,2026-09-04,15:48,dept_eee,loc_central_library,1,student,normal,13.9,pending
req_20260904_0120,2026-09-04,16:00,dept_mme,loc_e_library,2,student,normal,8.6,pending
req_20260904_0128,2026-09-04,16:03,mess_b4_satpura,dept_physics,2,student,normal,9.5,pending
req_20260904_0124,2026-09-04,16:13,loc_suprabha_boys,hostel_b_shivalik,1,student,normal,11.7,pending
req_20260904_0125,2026-09-04,16:15,mess_b1_karavali,dept_chemistry,3,student,normal,13.2,pending
req_20260904_0126,2026-09-04,16:18,dept_civil,loc_central_library,1,student,normal,8.2,pending
req_20260904_0123,2026-09-04,16:39,dept_chemistry,hostel_b_shivalik,1,student,normal,12.6,pending
req_20260904_0121,2026-09-04,16:43,dept_mining,hostel_g_gh5,1,student,normal,10.5,pending
req_20260904_0113,2026-09-04,16:49,dept_mining,loc_central_library,1,student,normal,11.2,pending
req_20260904_0116,2026-09-04,16:52,mess_b1_karavali,dept_eee,2,student,normal,11.7,pending
req_20260904_0144,2026-09-04,17:04,dept_mining,loc_central_library,1,student,normal,13.0,pending
req_20260904_0148,2026-09-04,17:07,hostel_b_shivalik,loc_suprabha_girls,1,student,normal,13.2,pending
req_20260904_0143,2026-09-04,17:08,hostel_b_block8,loc_lhc_b,1,student,high,7.1,pending
req_20260904_0139,2026-09-04,17:09,hostel_g_gh1,loc_e_library,1,student,normal,9.8,pending
req_20260904_0130,2026-09-04,17:17,hostel_b_block2,loc_boys_coop,1,student,normal,11.0,pending
req_20260904_0138,2026-09-04,17:18,dept_it,mess_b5_nilgiri,4,faculty,normal,10.8,pending
req_20260904_0136,2026-09-04,17:21,hostel_b_mt2,loc_suprabha_boys,1,faculty,normal,12.3,pending
req_20260904_0135,2026-09-04,17:34,dept_eee,loc_central_library,2,student,normal,12.2,pending
req_20260904_0131,2026-09-04,17:53,hostel_g_gh3,loc_e_library,2,student,normal,13.7,pending
req_20260904_0153,2026-09-04,18:03,hostel_b_shivalik,loc_suprabha_girls,3,student,normal,8.8,pending
req_20260904_0146,2026-09-04,18:10,hostel_b_block1,dept_hssm,1,student,normal,8.1,pending
req_20260904_0149,2026-09-04,18:14,hostel_b_block5,loc_e_library,1,student,high,4.6,pending
req_20260904_0141,2026-09-04,18:20,hostel_g_gh6,loc_boys_coop,2,student,normal,11.2,pending
req_20260904_0150,2026-09-04,18:24,dept_wroe,loc_central_library,2,student,normal,13.1,pending
req_20260904_0133,2026-09-04,18:38,dept_mech,loc_e_library,1,student,normal,12.8,pending
req_20260904_0142,2026-09-04,18:49,hostel_b_mt3,mess_b5_nilgiri,1,student,high,7.2,pending
req_20260904_0154,2026-09-04,18:49,hostel_g_gh6,loc_central_library,1,student,normal,12.9,pending
req_20260904_0152,2026-09-04,19:04,hostel_b_mt1,loc_e_library,1,student,high,4.5,pending
req_20260904_0145,2026-09-04,19:26,hostel_b_brahmagiri,loc_suprabha_girls,1,staff,normal,12.0,pending
req_20260904_0151,2026-09-04,19:26,hostel_g_gh6,loc_e_library,1,student,normal,12.2,pending
req_20260904_0140,2026-09-04,19:27,loc_e_library,dept_mech,2,student,normal,11.7,pending
req_20260904_0134,2026-09-04,19:29,hostel_b_mt3,loc_suprabha_girls,1,student,normal,10.0,pending
req_20260904_0147,2026-09-04,19:43,hostel_b_block7,loc_boys_coop,1,student,normal,12.1,pending
req_20260904_0132,2026-09-04,19:45,hostel_b_block4,hostel_b_shivalik,2,student,normal,10.7,pending
req_20260904_0137,2026-09-04,19:48,hostel_b_mt1,loc_central_library,1,staff,normal,14.1,pending
req_20260904_0167,2026-09-04,20:04,loc_suprabha_boys,hostel_b_block6,1,student,normal,13.9,pending
req_20260904_0159,2026-09-04,20:52,loc_central_library,hostel_b_block7,1,student,normal,8.1,pending
req_20260904_0158,2026-09-04,21:37,loc_boys_coop,hostel_b_block5,1,student,normal,14.1,pending
req_20260904_0164,2026-09-04,21:43,loc_suprabha_girls,hostel_b_mt3,2,student,normal,14.1,pending
req_20260904_0162,2026-09-04,21:50,loc_girls_coop,hostel_g_gh1,1,staff,high,7.9,pending
req_20260904_0156,2026-09-04,21:56,loc_girls_coop,hostel_g_gh3,1,student,normal,8.8,pending
req_20260904_0163,2026-09-04,22:00,loc_suprabha_boys,hostel_b_mt2,2,student,normal,13.9,pending
req_20260904_0161,2026-09-04,22:12,loc_central_library,hostel_b_block6,1,student,normal,14.5,pending
req_20260904_0165,2026-09-04,22:17,loc_central_library,hostel_g_gh2,1,staff,normal,10.9,pending
req_20260904_0155,2026-09-04,22:46,loc_central_library,hostel_b_block2,1,student,normal,11.9,pending
req_20260904_0166,2026-09-04,22:46,hostel_g_gh6,hostel_g_gh1,1,student,normal,14.6,pending
req_20260904_0160,2026-09-04,22:53,dept_mining,hostel_b_block7,1,student,normal,12.2,pending
req_20260904_0157,2026-09-04,22:58,mess_b4_satpura,hostel_b_block4,1,student,normal,9.5,pending
req_20260905_0002,2026-09-05,05:04,hostel_g_gh4,loc_main_gate,2,student,normal,12.0,pending
req_20260905_0006,2026-09-05,05:08,hostel_g_gh3,dept_ece,1,student,normal,13.0,pending
req_20260905_0001,2026-09-05,05:09,hostel_b_block4,dept_chemistry,1,student,normal,14.0,pending
req_20260905_0009,2026-09-05,05:42,hostel_g_gh2,loc_main_gate,1,student,normal,9.6,pending
req_20260905_0004,2026-09-05,06:06,hostel_g_gh5,dept_wroe,1,student,high,6.3,pending
req_20260905_0007,2026-09-05,06:09,hostel_b_block1,dept_chem,1,faculty,normal,9.6,pending
req_20260905_0005,2026-09-05,06:21,hostel_b_block6,loc_main_gate,1,student,normal,11.3,pending
req_20260905_0008,2026-09-05,06:24,hostel_g_gh6,dept_physics,1,student,normal,8.5,pending
req_20260905_0003,2026-09-05,06:49,hostel_b_block5,dept_hssm,2,student,normal,10.9,pending
req_20260905_0010,2026-09-05,06:52,mess_pg_pushpagiri,dept_ece,1,student,normal,13.4,pending
req_20260905_0016,2026-09-05,07:01,hostel_b_mt3,loc_lhc_b,1,student,normal,11.1,pending
req_20260905_0023,2026-09-05,07:02,loc_lhc_a,mess_b8_trishul,2,student,normal,10.9,pending
req_20260905_0044,2026-09-05,07:03,hostel_b_block5,dept_civil,1,student,normal,14.6,pending
req_20260905_0012,2026-09-05,07:10,hostel_b_block3,loc_lhc_a,1,staff,normal,8.4,pending
req_20260905_0045,2026-09-05,07:12,hostel_g_gh5,loc_lhc_a,1,student,normal,10.6,pending
req_20260905_0027,2026-09-05,07:14,hostel_b_mt3,dept_mining,2,student,normal,11.2,pending
req_20260905_0039,2026-09-05,07:23,hostel_b_mt3,dept_mech,1,student,normal,11.7,pending
req_20260905_0049,2026-09-05,07:24,dept_macs,hostel_g_gh1,1,student,normal,14.3,pending
req_20260905_0061,2026-09-05,07:30,hostel_g_gh3,loc_lhc_a,1,student,normal,10.2,pending
req_20260905_0011,2026-09-05,07:31,hostel_b_mt2,mess_mega,1,student,high,5.6,pending
req_20260905_0020,2026-09-05,07:36,hostel_g_gh4,dept_civil,1,student,high,4.3,pending
req_20260905_0058,2026-09-05,07:37,hostel_b_block6,dept_wroe,1,student,high,7.7,pending
req_20260905_0059,2026-09-05,07:40,hostel_g_gh1,dept_chemistry,1,student,normal,8.2,pending
req_20260905_0022,2026-09-05,07:41,mess_b4_satpura,mess_b5_nilgiri,1,student,normal,10.9,pending
req_20260905_0041,2026-09-05,07:44,hostel_g_gh2,loc_lhc_a,3,student,normal,8.5,pending
req_20260905_0048,2026-09-05,07:50,hostel_g_gh5,dept_mme,1,student,normal,11.7,pending
req_20260905_0015,2026-09-05,07:53,hostel_b_brahmagiri,dept_mining,1,student,normal,9.6,pending
req_20260905_0035,2026-09-05,07:58,hostel_b_mt1,dept_mining,1,student,normal,13.1,pending
req_20260905_0062,2026-09-05,08:05,hostel_b_block5,dept_chem,1,student,normal,8.3,pending
req_20260905_0013,2026-09-05,08:06,hostel_b_block6,loc_lhc_a,1,student,normal,14.6,pending
req_20260905_0046,2026-09-05,08:15,hostel_b_block6,loc_lhc_a,2,student,normal,13.7,pending
req_20260905_0054,2026-09-05,08:15,hostel_b_mt2,dept_wroe,1,student,normal,9.4,pending
req_20260905_0033,2026-09-05,08:16,hostel_b_block5,dept_cse,2,student,high,5.1,pending
req_20260905_0019,2026-09-05,08:17,hostel_b_block1,dept_civil,1,student,normal,9.8,pending
req_20260905_0063,2026-09-05,08:19,hostel_b_block5,loc_central_library,1,student,normal,12.2,pending
req_20260905_0031,2026-09-05,08:24,hostel_b_block7,loc_lhc_a,1,student,normal,13.1,pending
req_20260905_0025,2026-09-05,08:32,hostel_g_gh6,loc_lhc_b,1,student,normal,12.3,pending
req_20260905_0047,2026-09-05,08:33,hostel_b_block7,hostel_b_shivalik,1,student,normal,13.5,pending
req_20260905_0051,2026-09-05,08:33,hostel_b_block4,dept_it,1,student,normal,10.8,pending
req_20260905_0037,2026-09-05,08:34,hostel_g_gh6,dept_mme,2,student,normal,10.1,pending
req_20260905_0014,2026-09-05,08:38,hostel_b_block2,dept_hssm,1,student,normal,8.6,pending
req_20260905_0052,2026-09-05,08:41,hostel_g_gh1,loc_suprabha_girls,1,student,normal,8.0,pending
req_20260905_0056,2026-09-05,08:46,hostel_g_gh5,loc_lhc_a,3,staff,normal,11.3,pending
req_20260905_0053,2026-09-05,08:47,hostel_g_gh1,loc_lhc_b,2,student,normal,13.0,pending
req_20260905_0018,2026-09-05,08:52,hostel_g_gh1,loc_lhc_b,1,student,normal,10.4,pending
req_20260905_0060,2026-09-05,08:52,hostel_b_block4,loc_central_library,1,student,normal,14.1,pending
req_20260905_0026,2026-09-05,08:57,hostel_g_gh3,loc_e_library,1,student,normal,12.5,pending
req_20260905_0017,2026-09-05,09:00,hostel_g_gh5,loc_lhc_a,2,student,normal,9.5,pending
req_20260905_0036,2026-09-05,09:10,hostel_g_gh3,dept_it,1,student,normal,11.2,pending
req_20260905_0057,2026-09-05,09:13,hostel_g_gh4,loc_lhc_b,1,student,normal,14.5,pending
req_20260905_0024,2026-09-05,09:19,hostel_b_mt3,loc_lhc_a,1,student,normal,10.6,pending
req_20260905_0029,2026-09-05,09:19,hostel_b_mt2,loc_lhc_a,1,faculty,normal,14.2,pending
req_20260905_0055,2026-09-05,09:19,hostel_g_gh4,loc_lhc_a,1,student,normal,11.8,pending
req_20260905_0021,2026-09-05,09:24,hostel_b_block4,loc_lhc_a,1,student,normal,11.1,pending
req_20260905_0030,2026-09-05,09:26,hostel_b_mt2,dept_ece,1,student,normal,9.5,pending
req_20260905_0038,2026-09-05,09:32,hostel_b_block8,loc_girls_coop,1,faculty,normal,13.9,pending
req_20260905_0028,2026-09-05,09:33,hostel_b_block2,dept_wroe,2,student,normal,14.4,pending
req_20260905_0042,2026-09-05,09:34,hostel_b_block3,loc_lhc_a,2,student,normal,9.8,pending
req_20260905_0043,2026-09-05,09:38,hostel_b_block7,loc_lhc_b,1,staff,normal,11.6,pending
req_20260905_0032,2026-09-05,09:43,hostel_b_mt2,loc_e_library,1,student,normal,8.8,pending
req_20260905_0034,2026-09-05,09:45,hostel_b_mt3,dept_wroe,1,student,normal,14.8,pending
req_20260905_0050,2026-09-05,09:47,dept_hssm,hostel_b_block4,2,student,normal,10.8,pending
req_20260905_0040,2026-09-05,09:50,hostel_b_block7,loc_e_library,1,student,normal,11.4,pending
req_20260905_0082,2026-09-05,10:00,dept_cse,hostel_b_mt2,2,student,normal,10.6,pending
req_20260905_0076,2026-09-05,10:03,dept_chem,dept_macs,1,student,high,6.9,pending
req_20260905_0065,2026-09-05,10:15,dept_mining,dept_wroe,2,student,normal,9.3,pending
req_20260905_0070,2026-09-05,10:17,loc_e_library,hostel_b_block4,1,student,normal,14.1,pending
req_20260905_0071,2026-09-05,10:17,dept_chem,hostel_b_mt2,1,student,normal,12.5,pending
req_20260905_0066,2026-09-05,10:18,dept_physics,loc_central_library,1,student,normal,13.7,pending
req_20260905_0075,2026-09-05,10:21,loc_central_library,hostel_g_gh5,1,student,normal,14.4,pending
req_20260905_0073,2026-09-05,10:31,dept_mining,hostel_b_block2,2,student,normal,9.8,pending
req_20260905_0077,2026-09-05,10:44,dept_ece,loc_e_library,1,student,normal,9.6,pending
req_20260905_0079,2026-09-05,10:49,dept_macs,loc_e_library,1,faculty,normal,11.6,pending
req_20260905_0078,2026-09-05,10:52,dept_civil,loc_e_library,4,student,normal,8.9,pending
req_20260905_0068,2026-09-05,10:57,dept_mining,dept_eee,1,student,normal,10.7,pending
req_20260905_0074,2026-09-05,11:02,mess_gb,dept_mme,3,staff,normal,12.4,pending
req_20260905_0080,2026-09-05,11:03,loc_lhc_a,hostel_b_block4,1,student,normal,8.1,pending
req_20260905_0067,2026-09-05,11:15,dept_mech,hostel_g_gh5,1,student,normal,11.1,pending
req_20260905_0081,2026-09-05,11:18,dept_mme,dept_hssm,1,student,normal,11.3,pending
req_20260905_0069,2026-09-05,11:37,hostel_b_mt3,mess_pg_new_brahmagiri,1,student,high,5.1,pending
req_20260905_0072,2026-09-05,11:43,dept_eee,loc_e_library,1,staff,high,5.6,pending
req_20260905_0064,2026-09-05,11:54,dept_ece,dept_cse,1,staff,normal,12.3,pending
req_20260905_0126,2026-09-05,12:08,dept_ece,mess_pg_new_brahmagiri,1,student,normal,14.2,pending
req_20260905_0115,2026-09-05,12:10,hostel_b_block5,mess_pg_new_brahmagiri,1,student,normal,10.6,pending
req_20260905_0114,2026-09-05,12:17,loc_lhc_b,mess_b1_karavali,1,student,normal,8.1,pending
req_20260905_0124,2026-09-05,12:17,dept_mining,dept_ece,2,student,normal,10.0,pending
req_20260905_0109,2026-09-05,12:18,dept_ece,mess_b2_aravali,1,student,normal,8.7,pending
req_20260905_0121,2026-09-05,12:23,loc_lhc_b,mess_b4_satpura,2,student,normal,10.0,pending
req_20260905_0112,2026-09-05,12:30,dept_eee,mess_mega,1,student,normal,8.4,pending
req_20260905_0116,2026-09-05,12:31,dept_wroe,mess_pg_new_brahmagiri,1,student,normal,9.0,pending
req_20260905_0093,2026-09-05,12:35,loc_lhc_b,mess_b3_vindhya,2,student,normal,8.2,pending
req_20260905_0128,2026-09-05,12:35,dept_mme,mess_gb,1,student,normal,12.8,pending
req_20260905_0090,2026-09-05,12:41,loc_lhc_a,mess_pg_new_brahmagiri,1,student,normal,11.3,pending
req_20260905_0110,2026-09-05,12:58,loc_central_library,mess_mega,1,student,normal,11.8,pending
req_20260905_0113,2026-09-05,12:58,loc_lhc_a,mess_b5_nilgiri,1,student,normal,9.2,pending
req_20260905_0083,2026-09-05,13:04,dept_it,mess_b5_nilgiri,1,student,normal,12.1,pending
req_20260905_0095,2026-09-05,13:10,loc_lhc_a,mess_b7_sahyadri,1,student,normal,12.0,pending
req_20260905_0098,2026-09-05,13:16,dept_macs,mess_b8_trishul,1,student,normal,12.4,pending
req_20260905_0087,2026-09-05,13:17,loc_central_library,mess_gb,1,staff,normal,12.4,pending
req_20260905_0094,2026-09-05,13:17,loc_lhc_b,mess_b8_trishul,2,student,normal,10.5,pending
req_20260905_0099,2026-09-05,13:17,hostel_b_mt3,hostel_b_block6,3,staff,normal,8.8,pending
req_20260905_0127,2026-09-05,13:20,dept_macs,mess_b7_sahyadri,2,student,normal,13.1,pending
req_20260905_0119,2026-09-05,13:23,dept_eee,mess_b7_sahyadri,1,student,high,6.1,pending
req_20260905_0092,2026-09-05,13:24,dept_eee,mess_gb,1,student,normal,12.8,pending
req_20260905_0085,2026-09-05,13:27,loc_lhc_a,mess_b4_satpura,1,student,high,4.3,pending
req_20260905_0123,2026-09-05,13:30,dept_hssm,mess_b4_satpura,2,student,normal,13.1,pending
req_20260905_0088,2026-09-05,13:31,dept_it,mess_mega,3,student,normal,8.7,pending
req_20260905_0101,2026-09-05,13:32,loc_lhc_a,mess_pg_pushpagiri,4,staff,normal,14.6,pending
req_20260905_0118,2026-09-05,13:34,dept_chemistry,mess_pg_pushpagiri,1,student,normal,10.8,pending
req_20260905_0097,2026-09-05,13:35,loc_lhc_a,mess_b5_nilgiri,1,student,normal,15.0,pending
req_20260905_0102,2026-09-05,13:35,dept_chemistry,mess_b1_karavali,3,student,normal,12.2,pending
req_20260905_0103,2026-09-05,13:46,dept_chem,mess_b7_sahyadri,1,student,normal,11.4,pending
req_20260905_0084,2026-09-05,13:48,dept_ece,mess_b7_sahyadri,2,student,high,7.0,pending
req_20260905_0106,2026-09-05,13:50,dept_mme,hostel_g_gh6,1,staff,normal,10.0,pending
req_20260905_0111,2026-09-05,13:55,dept_cse,mess_b5_nilgiri,1,student,normal,12.2,pending
req_20260905_0122,2026-09-05,13:55,dept_ece,mess_pg_new_brahmagiri,1,staff,high,4.7,pending
req_20260905_0086,2026-09-05,13:56,loc_lhc_b,mess_b5_nilgiri,1,student,normal,10.0,pending
req_20260905_0100,2026-09-05,14:00,dept_mme,mess_b8_trishul,1,student,normal,10.8,pending
req_20260905_0096,2026-09-05,14:03,dept_mme,mess_pg_new_brahmagiri,1,faculty,normal,12.0,pending
req_20260905_0104,2026-09-05,14:04,dept_eee,mess_b5_nilgiri,1,student,high,5.0,pending
req_20260905_0107,2026-09-05,14:05,dept_civil,mess_pg_pushpagiri,1,student,normal,15.0,pending
req_20260905_0089,2026-09-05,14:06,loc_central_library,mess_b3_vindhya,2,student,normal,11.8,pending
req_20260905_0105,2026-09-05,14:07,dept_eee,mess_b3_vindhya,1,student,high,7.6,pending
req_20260905_0091,2026-09-05,14:09,dept_macs,mess_b3_vindhya,1,student,normal,13.0,pending
req_20260905_0108,2026-09-05,14:09,loc_lhc_b,mess_b1_karavali,1,student,normal,9.1,pending
req_20260905_0117,2026-09-05,14:09,loc_lhc_a,mess_b4_satpura,1,student,normal,13.2,pending
req_20260905_0120,2026-09-05,14:16,loc_e_library,mess_b4_satpura,1,student,normal,8.2,pending
req_20260905_0125,2026-09-05,14:25,loc_e_library,mess_mega,1,student,high,5.0,pending
req_20260905_0140,2026-09-05,14:37,dept_hssm,loc_central_library,2,student,normal,12.2,pending
req_20260905_0141,2026-09-05,14:48,mess_b8_trishul,dept_civil,1,student,normal,13.0,pending
req_20260905_0145,2026-09-05,14:52,mess_b3_vindhya,dept_it,1,staff,normal,9.0,pending
req_20260905_0138,2026-09-05,14:54,dept_macs,hostel_g_gh6,1,student,normal,9.3,pending
req_20260905_0134,2026-09-05,15:09,mess_mega,dept_cse,1,student,normal,12.6,pending
req_20260905_0144,2026-09-05,15:12,dept_mech,hostel_b_mt2,1,student,normal,9.2,pending
req_20260905_0132,2026-09-05,15:13,mess_b7_sahyadri,dept_mme,1,student,normal,9.6,pending
req_20260905_0136,2026-09-05,15:22,dept_eee,hostel_g_gh2,2,student,normal,11.7,pending
req_20260905_0130,2026-09-05,15:31,mess_b2_aravali,dept_macs,1,student,normal,10.8,pending
req_20260905_0129,2026-09-05,15:32,mess_b7_sahyadri,dept_eee,1,student,normal,8.1,pending
req_20260905_0137,2026-09-05,15:35,dept_ece,hostel_b_block6,2,student,normal,9.5,pending
req_20260905_0146,2026-09-05,15:47,mess_b8_trishul,dept_eee,1,student,normal,12.6,pending
req_20260905_0147,2026-09-05,15:47,dept_it,loc_e_library,1,student,normal,12.6,pending
req_20260905_0133,2026-09-05,15:50,dept_macs,loc_central_library,1,student,normal,14.8,pending
req_20260905_0135,2026-09-05,15:55,hostel_b_mt2,dept_hssm,1,student,normal,12.0,pending
req_20260905_0143,2026-09-05,15:58,dept_mining,hostel_b_mt3,3,faculty,normal,12.3,pending
req_20260905_0131,2026-09-05,16:31,dept_physics,hostel_g_gh4,1,faculty,high,7.0,pending
req_20260905_0139,2026-09-05,16:38,dept_wroe,hostel_b_block6,1,student,normal,14.0,pending
req_20260905_0142,2026-09-05,16:52,mess_b1_karavali,dept_chem,1,student,normal,9.2,pending
req_20260905_0149,2026-09-05,17:03,hostel_b_shivalik,loc_central_library,1,staff,normal,14.5,pending
req_20260905_0170,2026-09-05,17:08,hostel_b_block1,loc_suprabha_girls,3,student,normal,9.3,pending
req_20260905_0158,2026-09-05,17:16,dept_ece,loc_e_library,1,staff,normal,9.8,pending
req_20260905_0161,2026-09-05,17:18,hostel_b_block4,mess_pg_pushpagiri,1,student,normal,12.8,pending
req_20260905_0153,2026-09-05,17:26,hostel_b_block5,loc_suprabha_boys,1,student,high,5.8,pending
req_20260905_0150,2026-09-05,17:30,hostel_b_mt2,loc_suprabha_girls,1,student,normal,12.3,pending
req_20260905_0166,2026-09-05,17:33,hostel_g_gh1,loc_e_library,1,student,normal,14.3,pending
req_20260905_0174,2026-09-05,17:35,hostel_g_gh5,loc_girls_coop,1,staff,high,5.1,pending
req_20260905_0157,2026-09-05,17:38,hostel_g_gh1,loc_girls_coop,1,student,normal,13.1,pending
req_20260905_0156,2026-09-05,17:49,hostel_b_block2,loc_boys_coop,2,student,normal,10.3,pending
req_20260905_0167,2026-09-05,18:05,dept_cse,loc_e_library,1,student,normal,10.9,pending
req_20260905_0172,2026-09-05,18:10,hostel_b_shivalik,loc_central_library,2,student,normal,14.2,pending
req_20260905_0168,2026-09-05,18:18,loc_suprabha_boys,mess_mega,1,student,normal,10.9,pending
req_20260905_0151,2026-09-05,18:34,hostel_g_gh4,loc_central_library,3,faculty,normal,9.0,pending
req_20260905_0148,2026-09-05,18:44,mess_b7_sahyadri,hostel_b_block8,1,student,normal,10.6,pending
req_20260905_0160,2026-09-05,18:47,hostel_b_mt2,loc_boys_coop,1,student,high,6.9,pending
req_20260905_0155,2026-09-05,19:02,dept_chemistry,loc_central_library,1,student,normal,12.7,pending
req_20260905_0171,2026-09-05,19:03,mess_b5_nilgiri,loc_suprabha_girls,1,student,normal,8.7,pending
req_20260905_0175,2026-09-05,19:10,hostel_g_gh2,loc_suprabha_boys,1,student,normal,13.6,pending
req_20260905_0164,2026-09-05,19:11,hostel_b_block5,loc_central_library,2,student,normal,13.8,pending
req_20260905_0152,2026-09-05,19:22,hostel_b_block8,loc_suprabha_girls,3,student,normal,11.3,pending
req_20260905_0173,2026-09-05,19:23,hostel_b_block2,loc_e_library,2,faculty,normal,10.0,pending
req_20260905_0159,2026-09-05,19:39,hostel_g_gh6,loc_suprabha_girls,1,student,high,7.7,pending
req_20260905_0163,2026-09-05,19:44,hostel_b_block1,loc_suprabha_girls,4,student,high,6.3,pending
req_20260905_0169,2026-09-05,19:45,hostel_b_block5,loc_e_library,1,student,normal,8.5,pending
req_20260905_0162,2026-09-05,19:53,mess_b7_sahyadri,mess_b2_aravali,1,student,high,5.5,pending
req_20260905_0154,2026-09-05,19:58,hostel_b_block5,loc_suprabha_girls,1,student,normal,8.2,pending
req_20260905_0165,2026-09-05,19:58,hostel_b_block7,loc_e_library,2,student,normal,9.2,pending
req_20260905_0176,2026-09-05,20:16,dept_mme,hostel_b_block4,1,faculty,normal,11.3,pending
req_20260905_0177,2026-09-05,20:22,loc_boys_coop,hostel_b_block1,2,staff,normal,8.3,pending
req_20260905_0189,2026-09-05,20:40,loc_suprabha_girls,hostel_b_block4,2,student,normal,14.2,pending
req_20260905_0184,2026-09-05,20:53,loc_suprabha_boys,hostel_g_gh4,2,student,normal,13.4,pending
req_20260905_0179,2026-09-05,20:58,loc_suprabha_boys,hostel_b_block8,1,student,normal,11.1,pending
req_20260905_0178,2026-09-05,21:22,hostel_b_mt3,dept_macs,1,student,high,7.8,pending
req_20260905_0182,2026-09-05,21:30,loc_suprabha_girls,hostel_b_mt3,1,student,normal,11.2,pending
req_20260905_0186,2026-09-05,21:32,loc_central_library,hostel_b_block7,1,student,normal,14.7,pending
req_20260905_0188,2026-09-05,21:47,loc_e_library,hostel_g_gh4,1,student,normal,12.9,pending
req_20260905_0181,2026-09-05,21:59,loc_suprabha_girls,hostel_b_shivalik,1,student,normal,14.5,pending
req_20260905_0185,2026-09-05,22:00,loc_e_library,hostel_b_block7,3,student,normal,9.0,pending
req_20260905_0190,2026-09-05,22:03,loc_e_library,hostel_g_gh4,3,student,normal,10.7,pending
req_20260905_0187,2026-09-05,22:04,loc_boys_coop,hostel_g_gh6,2,student,normal,14.7,pending
req_20260905_0180,2026-09-05,22:38,loc_central_library,hostel_b_brahmagiri,1,staff,normal,14.0,pending
req_20260905_0183,2026-09-05,22:54,loc_suprabha_girls,hostel_g_gh5,1,student,normal,13.7,pending
req_20260906_0004,2026-09-06,05:00,hostel_b_block5,mess_b7_sahyadri,2,student,normal,12.7,pending
req_20260906_0003,2026-09-06,05:37,hostel_g_gh2,mess_b4_satpura,1,student,normal,8.3,pending
req_20260906_0008,2026-09-06,05:45,hostel_b_mt1,dept_ece,1,student,normal,13.7,pending
req_20260906_0007,2026-09-06,05:47,hostel_b_block5,dept_mining,3,student,normal,13.6,pending
req_20260906_0001,2026-09-06,05:50,hostel_g_gh2,mess_b2_aravali,2,student,normal,10.6,pending
req_20260906_0002,2026-09-06,05:54,hostel_b_mt2,mess_b2_aravali,1,faculty,normal,10.0,pending
req_20260906_0005,2026-09-06,06:15,hostel_g_gh3,loc_lhc_b,1,student,normal,12.9,pending
req_20260906_0009,2026-09-06,06:19,hostel_b_block6,dept_physics,1,student,normal,11.5,pending
req_20260906_0006,2026-09-06,06:58,hostel_b_block3,loc_main_gate,1,student,high,4.4,pending
req_20260906_0012,2026-09-06,07:01,hostel_b_block8,dept_physics,1,student,normal,14.2,pending
req_20260906_0024,2026-09-06,07:04,hostel_b_mt1,dept_mme,1,student,normal,12.4,pending
req_20260906_0044,2026-09-06,07:04,hostel_b_mt2,dept_chem,1,student,normal,14.9,pending
req_20260906_0032,2026-09-06,07:08,hostel_b_block2,loc_lhc_b,2,student,normal,12.7,pending
req_20260906_0027,2026-09-06,07:09,hostel_b_shivalik,loc_lhc_a,1,student,normal,14.5,pending
req_20260906_0050,2026-09-06,07:13,hostel_g_gh1,dept_mech,1,student,normal,14.6,pending
req_20260906_0056,2026-09-06,07:20,hostel_b_mt1,loc_lhc_b,2,student,normal,9.5,pending
req_20260906_0023,2026-09-06,07:21,hostel_b_block4,dept_ece,2,student,normal,8.1,pending
req_20260906_0043,2026-09-06,07:29,dept_chem,dept_macs,2,student,normal,11.5,pending
req_20260906_0051,2026-09-06,07:29,hostel_b_block7,loc_lhc_a,1,student,normal,8.3,pending
req_20260906_0021,2026-09-06,07:34,hostel_b_block3,loc_lhc_b,1,student,high,6.1,pending
req_20260906_0038,2026-09-06,07:34,mess_b3_vindhya,hostel_b_mt3,1,student,normal,10.3,pending
req_20260906_0053,2026-09-06,07:36,hostel_b_mt2,hostel_b_mt3,1,student,high,6.4,pending
req_20260906_0013,2026-09-06,07:37,hostel_b_brahmagiri,loc_lhc_b,1,student,normal,9.5,pending
req_20260906_0019,2026-09-06,07:40,hostel_b_mt3,loc_lhc_b,1,student,normal,14.7,pending
req_20260906_0037,2026-09-06,07:43,hostel_b_block1,loc_lhc_a,2,faculty,normal,8.2,pending
req_20260906_0046,2026-09-06,07:46,hostel_b_block8,dept_macs,1,student,normal,9.3,pending
req_20260906_0022,2026-09-06,07:47,hostel_g_gh2,loc_central_library,1,student,normal,12.0,pending
req_20260906_0047,2026-09-06,07:47,hostel_b_block6,dept_it,2,student,normal,11.2,pending
req_20260906_0052,2026-09-06,07:49,hostel_b_mt2,dept_cse,1,student,normal,8.8,pending
req_20260906_0055,2026-09-06,07:50,hostel_b_block2,dept_wroe,1,student,normal,14.3,pending
req_20260906_0036,2026-09-06,07:51,hostel_b_block1,loc_lhc_b,1,faculty,normal,8.8,pending
req_20260906_0015,2026-09-06,08:02,hostel_b_block1,loc_lhc_a,1,student,normal,12.8,pending
req_20260906_0057,2026-09-06,08:03,hostel_g_gh3,dept_hssm,1,student,high,6.5,pending
req_20260906_0029,2026-09-06,08:04,dept_civil,hostel_g_gh4,3,student,normal,11.6,pending
req_20260906_0045,2026-09-06,08:11,hostel_b_block2,dept_physics,1,faculty,normal,12.3,pending
req_20260906_0058,2026-09-06,08:20,hostel_b_block2,loc_lhc_a,1,student,normal,9.4,pending
req_20260906_0054,2026-09-06,08:25,hostel_b_block8,loc_lhc_a,1,student,normal,13.7,pending
req_20260906_0039,2026-09-06,08:26,hostel_b_block3,dept_hssm,2,student,normal,8.3,pending
req_20260906_0026,2026-09-06,08:35,hostel_b_shivalik,loc_lhc_a,1,student,normal,14.9,pending
req_20260906_0040,2026-09-06,08:44,hostel_b_shivalik,dept_hssm,1,student,normal,9.1,pending
req_20260906_0016,2026-09-06,08:50,hostel_b_mt3,loc_e_library,1,student,normal,10.0,pending
req_20260906_0028,2026-09-06,08:50,hostel_b_block6,loc_lhc_a,1,student,normal,12.3,pending
req_20260906_0049,2026-09-06,08:54,hostel_b_block3,dept_physics,1,student,normal,10.4,pending
req_20260906_0034,2026-09-06,08:57,hostel_b_mt1,mess_b5_nilgiri,1,student,normal,10.9,pending
req_20260906_0018,2026-09-06,08:58,hostel_b_brahmagiri,dept_civil,1,student,normal,14.7,pending
req_20260906_0030,2026-09-06,09:08,hostel_g_gh5,hostel_b_block6,1,student,normal,12.6,pending
req_20260906_0048,2026-09-06,09:09,hostel_g_gh1,loc_e_library,1,student,normal,14.7,pending
req_20260906_0031,2026-09-06,09:10,hostel_b_block3,loc_lhc_b,1,student,normal,9.7,pending
req_20260906_0014,2026-09-06,09:15,hostel_b_block4,loc_e_library,2,student,high,4.6,pending
req_20260906_0041,2026-09-06,09:16,hostel_g_gh6,dept_physics,1,student,normal,14.6,pending
req_20260906_0011,2026-09-06,09:17,hostel_g_gh2,dept_cse,1,student,normal,10.1,pending
req_20260906_0042,2026-09-06,09:34,hostel_b_mt2,loc_lhc_a,1,student,normal,10.4,pending
req_20260906_0033,2026-09-06,09:46,hostel_g_gh1,loc_e_library,1,student,normal,11.2,pending
req_20260906_0035,2026-09-06,09:50,hostel_b_block2,loc_lhc_b,1,student,normal,8.4,pending
req_20260906_0010,2026-09-06,09:53,hostel_b_block3,dept_macs,2,student,high,5.8,pending
req_20260906_0020,2026-09-06,09:53,hostel_g_gh4,loc_lhc_a,1,student,normal,10.7,pending
req_20260906_0017,2026-09-06,09:58,hostel_g_gh5,loc_central_library,1,student,normal,11.0,pending
req_20260906_0025,2026-09-06,09:59,hostel_g_gh4,loc_lhc_b,1,student,normal,10.2,pending
req_20260906_0070,2026-09-06,10:03,dept_physics,dept_civil,1,student,normal,11.9,pending
req_20260906_0071,2026-09-06,10:05,dept_cse,dept_hssm,1,student,normal,9.5,pending
req_20260906_0075,2026-09-06,10:06,dept_it,hostel_g_gh5,1,student,normal,13.1,pending
req_20260906_0060,2026-09-06,10:11,loc_central_library,loc_e_library,1,staff,high,6.5,pending
req_20260906_0067,2026-09-06,10:24,dept_it,dept_mme,1,student,normal,11.8,pending
req_20260906_0073,2026-09-06,10:26,dept_cse,dept_eee,1,student,normal,12.2,pending
req_20260906_0065,2026-09-06,10:29,dept_chemistry,dept_civil,1,student,high,7.7,pending
req_20260906_0063,2026-09-06,10:43,dept_macs,dept_chemistry,1,student,normal,9.2,pending
req_20260906_0069,2026-09-06,10:45,dept_chemistry,dept_eee,2,student,normal,12.0,pending
req_20260906_0061,2026-09-06,11:08,dept_eee,hostel_b_block8,1,student,normal,13.1,pending
req_20260906_0072,2026-09-06,11:08,dept_ece,dept_cse,1,student,normal,9.2,pending
req_20260906_0068,2026-09-06,11:14,dept_physics,loc_central_library,1,student,normal,12.4,pending
req_20260906_0062,2026-09-06,11:17,dept_eee,dept_cse,1,student,normal,9.6,pending
req_20260906_0076,2026-09-06,11:18,loc_central_library,hostel_b_block2,4,student,high,4.0,pending
req_20260906_0074,2026-09-06,11:26,dept_physics,loc_e_library,1,student,normal,9.5,pending
req_20260906_0066,2026-09-06,11:55,dept_mech,loc_central_library,1,staff,normal,10.2,pending
req_20260906_0064,2026-09-06,11:56,dept_mme,dept_chem,1,student,normal,11.7,pending
req_20260906_0059,2026-09-06,11:57,dept_macs,loc_e_library,1,student,normal,11.1,pending
req_20260906_0109,2026-09-06,12:03,dept_wroe,mess_gb,1,student,normal,10.0,pending
req_20260906_0108,2026-09-06,12:11,dept_it,mess_b7_sahyadri,1,student,high,5.5,pending
req_20260906_0100,2026-09-06,12:13,loc_lhc_a,mess_b8_trishul,3,staff,normal,14.3,pending
req_20260906_0099,2026-09-06,12:17,loc_lhc_b,mess_b1_karavali,4,student,high,6.1,pending
req_20260906_0090,2026-09-06,12:26,dept_it,mess_b5_nilgiri,1,student,normal,13.3,pending
req_20260906_0081,2026-09-06,12:30,loc_lhc_a,mess_pg_pushpagiri,1,student,normal,12.5,pending
req_20260906_0077,2026-09-06,12:32,loc_lhc_a,mess_b7_sahyadri,1,student,normal,13.9,pending
req_20260906_0118,2026-09-06,12:33,dept_macs,mess_pg_pushpagiri,1,student,normal,10.3,pending
req_20260906_0085,2026-09-06,12:47,dept_mech,mess_b7_sahyadri,1,student,normal,10.5,pending
req_20260906_0096,2026-09-06,12:48,dept_cse,mess_pg_new_brahmagiri,1,student,normal,8.2,pending
req_20260906_0093,2026-09-06,12:56,dept_wroe,mess_b3_vindhya,1,student,normal,8.0,pending
req_20260906_0082,2026-09-06,13:02,dept_cse,mess_b1_karavali,1,student,normal,13.5,pending
req_20260906_0095,2026-09-06,13:02,dept_ece,mess_b1_karavali,1,student,high,5.7,pending
req_20260906_0097,2026-09-06,13:02,loc_e_library,mess_b5_nilgiri,2,student,normal,9.6,pending
req_20260906_0101,2026-09-06,13:07,dept_mining,mess_b8_trishul,1,student,normal,14.6,pending
req_20260906_0103,2026-09-06,13:07,loc_lhc_a,mess_mega,1,student,normal,8.3,pending
req_20260906_0117,2026-09-06,13:10,loc_lhc_a,mess_b7_sahyadri,1,student,high,5.2,pending
req_20260906_0113,2026-09-06,13:14,dept_chemistry,mess_b4_satpura,1,student,normal,13.2,pending
req_20260906_0089,2026-09-06,13:17,dept_civil,mess_pg_pushpagiri,1,student,normal,13.8,pending
req_20260906_0107,2026-09-06,13:17,dept_chem,mess_b8_trishul,4,student,high,7.8,pending
req_20260906_0079,2026-09-06,13:18,dept_civil,mess_b7_sahyadri,1,student,normal,14.1,pending
req_20260906_0083,2026-09-06,13:19,dept_physics,mess_mega,1,staff,normal,12.4,pending
req_20260906_0092,2026-09-06,13:19,dept_chem,mess_b8_trishul,1,student,normal,14.3,pending
req_20260906_0094,2026-09-06,13:20,loc_lhc_b,mess_b4_satpura,2,student,normal,11.4,pending
req_20260906_0115,2026-09-06,13:24,dept_hssm,mess_b5_nilgiri,1,student,normal,14.6,pending
req_20260906_0084,2026-09-06,13:25,dept_it,mess_pg_pushpagiri,1,student,normal,12.9,pending
req_20260906_0105,2026-09-06,13:29,dept_physics,mess_pg_new_brahmagiri,1,student,normal,14.3,pending
req_20260906_0106,2026-09-06,13:33,loc_lhc_b,mess_mega,2,student,high,5.7,pending
req_20260906_0091,2026-09-06,13:35,loc_suprabha_boys,hostel_b_mt3,1,student,high,4.4,pending
req_20260906_0104,2026-09-06,13:35,dept_macs,mess_mega,1,staff,normal,10.7,pending
req_20260906_0080,2026-09-06,13:54,dept_civil,mess_gb,4,student,normal,12.8,pending
req_20260906_0098,2026-09-06,13:54,loc_central_library,mess_pg_new_brahmagiri,3,student,normal,14.3,pending
req_20260906_0087,2026-09-06,14:01,loc_lhc_b,mess_b4_satpura,1,student,normal,8.4,pending
req_20260906_0110,2026-09-06,14:02,dept_eee,mess_mega,1,student,normal,13.9,pending
req_20260906_0116,2026-09-06,14:04,loc_lhc_b,mess_pg_new_brahmagiri,3,student,normal,11.3,pending
req_20260906_0112,2026-09-06,14:07,dept_eee,mess_b3_vindhya,1,staff,normal,13.4,pending
req_20260906_0088,2026-09-06,14:09,loc_lhc_b,mess_pg_new_brahmagiri,1,student,high,4.7,pending
req_20260906_0111,2026-09-06,14:10,dept_civil,mess_b1_karavali,2,staff,normal,14.6,pending
req_20260906_0114,2026-09-06,14:12,dept_macs,mess_b1_karavali,2,student,normal,12.7,pending
req_20260906_0086,2026-09-06,14:14,loc_lhc_b,mess_b5_nilgiri,1,student,normal,12.7,pending
req_20260906_0102,2026-09-06,14:23,loc_lhc_a,mess_b8_trishul,1,student,normal,14.6,pending
req_20260906_0078,2026-09-06,14:28,dept_mining,mess_b7_sahyadri,1,student,normal,8.7,pending
req_20260906_0124,2026-09-06,14:31,dept_civil,loc_e_library,1,faculty,normal,9.9,pending
req_20260906_0133,2026-09-06,14:32,loc_boys_coop,loc_main_gate,1,student,normal,8.5,pending
req_20260906_0125,2026-09-06,14:37,dept_physics,loc_central_library,2,student,normal,10.3,pending
req_20260906_0128,2026-09-06,14:41,mess_b3_vindhya,dept_eee,1,student,high,4.1,pending
req_20260906_0132,2026-09-06,14:41,mess_mega,dept_mme,1,staff,normal,8.4,pending
req_20260906_0120,2026-09-06,14:44,dept_ece,hostel_b_shivalik,2,student,normal,10.0,pending
req_20260906_0131,2026-09-06,15:02,mess_gb,hostel_g_gh6,1,staff,normal,11.8,pending
req_20260906_0135,2026-09-06,15:16,dept_eee,loc_e_library,4,student,normal,13.8,pending
req_20260906_0127,2026-09-06,15:35,dept_civil,loc_e_library,1,student,normal,12.8,pending
req_20260906_0126,2026-09-06,15:45,dept_cse,hostel_b_block3,1,student,normal,12.8,pending
req_20260906_0121,2026-09-06,15:48,dept_chemistry,hostel_b_brahmagiri,1,student,normal,11.1,pending
req_20260906_0130,2026-09-06,15:56,mess_pg_new_brahmagiri,dept_mining,1,student,normal,11.8,pending
req_20260906_0134,2026-09-06,16:00,mess_b2_aravali,dept_chemistry,1,student,high,7.8,pending
req_20260906_0119,2026-09-06,16:25,dept_civil,loc_e_library,1,student,normal,8.2,pending
req_20260906_0129,2026-09-06,16:30,dept_civil,hostel_b_block5,1,student,normal,8.1,pending
req_20260906_0123,2026-09-06,16:31,dept_hssm,loc_e_library,1,student,normal,14.8,pending
req_20260906_0122,2026-09-06,16:36,dept_mining,loc_e_library,1,student,high,6.7,pending
req_20260906_0136,2026-09-06,16:36,mess_gb,dept_mme,4,student,high,7.5,pending
req_20260906_0149,2026-09-06,17:23,hostel_b_mt2,loc_central_library,1,student,normal,8.4,pending
req_20260906_0160,2026-09-06,17:34,hostel_b_block8,loc_e_library,1,staff,normal,11.0,pending
req_20260906_0162,2026-09-06,17:39,hostel_g_gh3,mess_b2_aravali,1,student,normal,8.8,pending
req_20260906_0161,2026-09-06,17:42,dept_mining,loc_central_library,1,staff,normal,9.1,pending
req_20260906_0145,2026-09-06,17:50,hostel_b_block8,loc_central_library,1,student,normal,9.8,pending
req_20260906_0147,2026-09-06,17:55,hostel_b_block6,loc_suprabha_boys,1,student,normal,10.6,pending
req_20260906_0137,2026-09-06,17:58,loc_lhc_b,loc_boys_coop,2,student,normal,10.0,pending
req_20260906_0146,2026-09-06,18:06,hostel_g_gh6,loc_e_library,3,student,normal,8.6,pending
req_20260906_0155,2026-09-06,18:06,hostel_g_gh1,loc_e_library,1,student,normal,9.8,pending
req_20260906_0154,2026-09-06,18:07,hostel_b_block7,loc_suprabha_boys,1,student,normal,8.3,pending
req_20260906_0140,2026-09-06,18:11,hostel_b_mt1,loc_e_library,1,student,normal,9.9,pending
req_20260906_0157,2026-09-06,18:16,dept_ece,mess_b3_vindhya,1,student,normal,14.5,pending
req_20260906_0151,2026-09-06,18:21,dept_ece,loc_e_library,1,student,normal,12.6,pending
req_20260906_0153,2026-09-06,18:28,hostel_b_mt1,loc_suprabha_girls,2,student,normal,14.6,pending
req_20260906_0138,2026-09-06,18:33,dept_it,loc_central_library,2,student,normal,12.1,pending
req_20260906_0159,2026-09-06,18:34,dept_ece,loc_central_library,1,student,high,7.4,pending
req_20260906_0139,2026-09-06,18:52,hostel_b_mt3,loc_boys_coop,1,student,normal,8.5,pending
req_20260906_0143,2026-09-06,18:53,dept_it,mess_b8_trishul,1,student,normal,14.7,pending
req_20260906_0142,2026-09-06,18:54,hostel_b_brahmagiri,loc_e_library,1,staff,normal,13.3,pending
req_20260906_0158,2026-09-06,18:54,hostel_b_mt3,loc_central_library,3,student,normal,10.6,pending
req_20260906_0144,2026-09-06,19:15,hostel_b_block5,loc_central_library,1,student,normal,9.8,pending
req_20260906_0150,2026-09-06,19:17,hostel_b_block1,mess_b4_satpura,2,student,normal,14.7,pending
req_20260906_0152,2026-09-06,19:18,hostel_g_gh4,loc_central_library,1,student,normal,12.5,pending
req_20260906_0141,2026-09-06,19:26,hostel_b_shivalik,loc_suprabha_girls,1,student,normal,8.4,pending
req_20260906_0148,2026-09-06,19:36,dept_chem,loc_e_library,1,student,normal,8.6,pending
req_20260906_0156,2026-09-06,19:55,hostel_g_gh1,loc_suprabha_girls,2,student,normal,10.8,pending
req_20260906_0175,2026-09-06,20:06,dept_mech,hostel_b_block8,1,student,normal,10.3,pending
req_20260906_0166,2026-09-06,20:25,loc_e_library,hostel_g_gh4,1,student,normal,10.7,pending
req_20260906_0163,2026-09-06,20:27,loc_e_library,hostel_b_block3,1,student,normal,13.8,pending
req_20260906_0167,2026-09-06,20:33,loc_suprabha_boys,hostel_b_mt1,2,student,normal,8.3,pending
req_20260906_0172,2026-09-06,20:54,loc_suprabha_boys,hostel_b_block8,3,student,normal,11.3,pending
req_20260906_0170,2026-09-06,21:00,loc_e_library,hostel_b_block4,1,faculty,normal,11.4,pending
req_20260906_0164,2026-09-06,21:10,mess_b1_karavali,dept_mining,1,student,normal,11.3,pending
req_20260906_0165,2026-09-06,21:10,loc_central_library,hostel_b_block7,2,student,normal,11.0,pending
req_20260906_0169,2026-09-06,21:13,loc_suprabha_girls,hostel_b_brahmagiri,1,student,normal,9.9,pending
req_20260906_0173,2026-09-06,21:51,loc_boys_coop,hostel_b_block4,1,student,high,4.6,pending
req_20260906_0176,2026-09-06,22:08,dept_hssm,hostel_b_block7,1,student,normal,10.9,pending
req_20260906_0174,2026-09-06,22:22,dept_physics,hostel_b_mt1,4,student,normal,11.5,pending
req_20260906_0168,2026-09-06,22:30,loc_e_library,hostel_b_block2,1,student,normal,10.2,pending
req_20260906_0171,2026-09-06,22:57,loc_e_library,hostel_g_gh5,3,student,normal,12.8,pending
req_20260907_0001,2026-09-07,05:05,hostel_b_mt3,mess_b4_satpura,1,student,normal,13.5,pending
req_20260907_0006,2026-09-07,05:29,mess_b3_vindhya,hostel_b_block4,1,student,normal,13.6,pending
req_20260907_0002,2026-09-07,05:37,hostel_b_block2,loc_main_gate,2,student,normal,12.3,pending
req_20260907_0007,2026-09-07,06:10,hostel_g_gh3,dept_physics,1,student,normal,14.1,pending
req_20260907_0005,2026-09-07,06:27,hostel_b_shivalik,mess_b3_vindhya,1,student,high,5.7,pending
req_20260907_0008,2026-09-07,06:42,hostel_b_block6,loc_main_gate,1,student,normal,8.0,pending
req_20260907_0004,2026-09-07,06:49,hostel_b_mt2,loc_lhc_a,1,student,normal,9.4,pending
req_20260907_0003,2026-09-07,06:51,hostel_b_block5,dept_it,1,student,normal,14.2,pending
req_20260907_0021,2026-09-07,07:19,hostel_b_mt2,loc_lhc_a,2,student,normal,13.7,pending
req_20260907_0024,2026-09-07,07:19,hostel_b_shivalik,loc_lhc_a,3,student,normal,9.1,pending
req_20260907_0020,2026-09-07,07:28,hostel_g_gh4,loc_lhc_a,2,student,normal,9.3,pending
req_20260907_0037,2026-09-07,07:32,hostel_b_brahmagiri,dept_mining,1,student,high,5.8,pending
req_20260907_0036,2026-09-07,07:37,hostel_g_gh6,loc_lhc_b,1,student,normal,11.2,pending
req_20260907_0053,2026-09-07,07:38,hostel_b_mt1,loc_lhc_a,2,student,normal,14.8,pending
req_20260907_0018,2026-09-07,07:40,hostel_b_brahmagiri,loc_lhc_a,1,staff,normal,12.6,pending
req_20260907_0026,2026-09-07,07:40,hostel_b_mt2,loc_lhc_a,1,staff,normal,13.3,pending
req_20260907_0047,2026-09-07,07:43,hostel_b_block5,dept_macs,1,staff,normal,9.8,pending
req_20260907_0044,2026-09-07,07:45,hostel_b_block1,loc_central_library,1,student,normal,8.2,pending
req_20260907_0035,2026-09-07,07:51,hostel_b_mt3,loc_e_library,1,student,normal,13.5,pending
req_20260907_0022,2026-09-07,07:55,hostel_b_mt1,loc_e_library,4,student,normal,9.0,pending
req_20260907_0028,2026-09-07,07:56,hostel_b_mt3,loc_e_library,1,student,normal,9.0,pending
req_20260907_0019,2026-09-07,07:58,hostel_b_block6,dept_mining,1,student,high,7.1,pending
req_20260907_0017,2026-09-07,08:05,hostel_g_gh4,dept_physics,1,student,normal,11.9,pending
req_20260907_0011,2026-09-07,08:08,hostel_b_brahmagiri,loc_lhc_b,1,student,high,4.3,pending
req_20260907_0049,2026-09-07,08:11,hostel_b_brahmagiri,loc_central_library,1,faculty,normal,14.2,pending
req_20260907_0051,2026-09-07,08:13,dept_mech,hostel_b_mt3,1,student,normal,8.1,pending
req_20260907_0015,2026-09-07,08:18,hostel_g_gh5,dept_mme,2,student,normal,14.9,pending
req_20260907_0023,2026-09-07,08:18,mess_mega,mess_b4_satpura,2,student,normal,10.2,pending
req_20260907_0032,2026-09-07,08:18,hostel_b_block8,loc_lhc_a,2,student,normal,14.8,pending
req_20260907_0033,2026-09-07,08:20,hostel_g_gh2,loc_lhc_a,1,student,normal,9.3,pending
req_20260907_0040,2026-09-07,08:20,hostel_b_block6,loc_central_library,1,staff,normal,13.4,pending
req_20260907_0014,2026-09-07,08:29,hostel_b_block8,loc_lhc_b,1,student,normal,14.4,pending
req_20260907_0016,2026-09-07,08:33,hostel_g_gh3,loc_lhc_a,1,student,normal,13.6,pending
req_20260907_0009,2026-09-07,08:40,hostel_g_gh2,loc_lhc_a,1,student,normal,14.1,pending
req_20260907_0034,2026-09-07,08:41,hostel_b_mt2,dept_eee,3,staff,normal,11.8,pending
req_20260907_0050,2026-09-07,08:44,hostel_g_gh5,loc_central_library,1,student,normal,8.4,pending
req_20260907_0027,2026-09-07,08:46,hostel_b_block6,loc_lhc_b,4,faculty,normal,10.1,pending
req_20260907_0048,2026-09-07,08:51,hostel_b_shivalik,loc_lhc_b,2,student,normal,8.9,pending
req_20260907_0043,2026-09-07,08:57,hostel_g_gh1,loc_lhc_a,1,faculty,normal,11.5,pending
req_20260907_0045,2026-09-07,09:01,mess_pg_pushpagiri,loc_e_library,3,student,normal,13.5,pending
req_20260907_0041,2026-09-07,09:06,hostel_g_gh5,loc_lhc_b,2,student,normal,12.5,pending
req_20260907_0013,2026-09-07,09:10,hostel_b_brahmagiri,dept_macs,1,student,normal,14.7,pending
req_20260907_0031,2026-09-07,09:24,hostel_g_gh4,dept_mech,1,student,normal,11.6,pending
req_20260907_0030,2026-09-07,09:25,hostel_g_gh5,dept_eee,3,student,normal,14.7,pending
req_20260907_0010,2026-09-07,09:30,hostel_b_brahmagiri,loc_lhc_b,1,student,normal,9.9,pending
req_20260907_0052,2026-09-07,09:33,hostel_b_shivalik,dept_cse,1,student,normal,8.4,pending
req_20260907_0029,2026-09-07,09:36,hostel_g_gh5,loc_lhc_b,1,student,normal,8.9,pending
req_20260907_0046,2026-09-07,09:45,hostel_b_block4,loc_lhc_a,1,student,normal,8.8,pending
req_20260907_0012,2026-09-07,09:49,hostel_g_gh5,dept_civil,3,faculty,normal,13.1,pending
req_20260907_0039,2026-09-07,09:49,hostel_b_block4,dept_mech,2,student,normal,11.4,pending
req_20260907_0042,2026-09-07,09:49,hostel_b_block6,dept_macs,1,staff,normal,12.1,pending
req_20260907_0025,2026-09-07,09:51,hostel_b_shivalik,dept_hssm,1,staff,normal,13.7,pending
req_20260907_0038,2026-09-07,09:52,hostel_b_block6,loc_lhc_b,1,student,high,7.1,pending
req_20260907_0054,2026-09-07,10:00,dept_civil,hostel_b_block4,1,student,normal,13.5,pending
req_20260907_0059,2026-09-07,10:03,loc_lhc_a,loc_central_library,1,student,normal,10.2,pending
req_20260907_0057,2026-09-07,10:16,dept_civil,dept_hssm,1,staff,normal,8.4,pending
req_20260907_0063,2026-09-07,10:22,dept_mining,dept_chem,1,student,high,5.1,pending
req_20260907_0066,2026-09-07,10:28,dept_civil,dept_chem,3,student,normal,11.6,pending
req_20260907_0068,2026-09-07,10:29,dept_civil,dept_mech,1,student,normal,10.8,pending
req_20260907_0058,2026-09-07,10:35,dept_mech,dept_cse,1,student,normal,10.2,pending
req_20260907_0064,2026-09-07,10:37,dept_cse,hostel_b_block2,1,student,normal,13.2,pending
req_20260907_0069,2026-09-07,10:38,dept_civil,hostel_b_shivalik,1,staff,normal,12.3,pending
req_20260907_0062,2026-09-07,11:02,dept_wroe,dept_hssm,2,student,high,7.7,pending
req_20260907_0067,2026-09-07,11:07,dept_mech,loc_central_library,1,student,high,6.5,pending
req_20260907_0061,2026-09-07,11:27,dept_cse,loc_e_library,2,student,normal,12.7,pending
req_20260907_0055,2026-09-07,11:30,dept_mining,dept_civil,1,student,normal,14.1,pending
req_20260907_0056,2026-09-07,11:50,dept_civil,dept_physics,2,student,normal,12.3,pending
req_20260907_0060,2026-09-07,11:57,dept_it,loc_e_library,1,student,normal,9.4,pending
req_20260907_0065,2026-09-07,11:58,loc_e_library,hostel_b_brahmagiri,1,student,normal,10.9,pending
req_20260907_0101,2026-09-07,12:01,dept_it,mess_b8_trishul,2,staff,normal,12.6,pending
req_20260907_0085,2026-09-07,12:03,dept_chem,mess_pg_new_brahmagiri,3,student,normal,14.7,pending
req_20260907_0108,2026-09-07,12:06,loc_lhc_a,mess_pg_new_brahmagiri,1,student,normal,9.8,pending
req_20260907_0078,2026-09-07,12:17,loc_lhc_b,mess_mega,1,faculty,normal,14.1,pending
req_20260907_0097,2026-09-07,12:26,dept_physics,mess_b2_aravali,1,student,normal,13.8,pending
req_20260907_0102,2026-09-07,12:29,dept_mme,mess_gb,1,student,normal,12.2,pending
req_20260907_0081,2026-09-07,12:32,dept_mme,mess_gb,1,student,normal,9.0,pending
req_20260907_0107,2026-09-07,12:34,loc_central_library,mess_gb,1,student,normal,11.4,pending
req_20260907_0077,2026-09-07,12:40,loc_central_library,mess_b8_trishul,1,student,normal,10.4,pending
req_20260907_0079,2026-09-07,12:43,loc_lhc_a,mess_mega,3,student,normal,10.5,pending
req_20260907_0094,2026-09-07,12:43,dept_cse,mess_gb,2,student,high,5.1,pending
req_20260907_0082,2026-09-07,12:44,dept_ece,mess_gb,1,faculty,normal,11.4,pending
req_20260907_0093,2026-09-07,12:50,loc_lhc_b,mess_b4_satpura,1,student,high,7.2,pending
req_20260907_0087,2026-09-07,12:54,loc_lhc_a,mess_b2_aravali,2,student,normal,14.2,pending
req_20260907_0099,2026-09-07,12:55,loc_lhc_b,mess_b4_satpura,2,student,normal,14.5,pending
req_20260907_0088,2026-09-07,12:56,mess_b1_karavali,mess_b4_satpura,2,faculty,normal,8.1,pending
req_20260907_0091,2026-09-07,12:57,loc_lhc_b,mess_b3_vindhya,1,faculty,normal,12.1,pending
req_20260907_0106,2026-09-07,13:07,dept_chem,mess_pg_new_brahmagiri,1,student,normal,12.7,pending
req_20260907_0071,2026-09-07,13:08,dept_mining,mess_b7_sahyadri,3,student,normal,9.6,pending
req_20260907_0076,2026-09-07,13:09,dept_chem,mess_b8_trishul,1,student,normal,10.2,pending
req_20260907_0084,2026-09-07,13:09,dept_physics,mess_b7_sahyadri,1,student,normal,8.7,pending
req_20260907_0080,2026-09-07,13:17,loc_lhc_a,mess_pg_pushpagiri,1,student,normal,9.3,pending
req_20260907_0096,2026-09-07,13:28,loc_lhc_a,mess_gb,1,student,normal,9.2,pending
req_20260907_0100,2026-09-07,13:38,dept_it,mess_gb,1,student,normal,14.7,pending
req_20260907_0072,2026-09-07,13:41,dept_eee,mess_b5_nilgiri,1,student,normal,8.5,pending
req_20260907_0070,2026-09-07,13:42,dept_civil,mess_b4_satpura,1,staff,normal,12.8,pending
req_20260907_0073,2026-09-07,13:48,loc_central_library,mess_b1_karavali,1,student,high,6.0,pending
req_20260907_0083,2026-09-07,13:51,dept_ece,mess_b8_trishul,2,student,normal,10.8,pending
req_20260907_0090,2026-09-07,13:52,hostel_b_mt3,loc_lhc_a,2,student,high,6.9,pending
req_20260907_0086,2026-09-07,13:55,mess_b2_aravali,mess_b3_vindhya,1,student,normal,12.9,pending
req_20260907_0089,2026-09-07,13:58,dept_chem,mess_b7_sahyadri,1,student,normal,12.6,pending
req_20260907_0103,2026-09-07,13:58,dept_eee,mess_mega,1,student,normal,12.5,pending
req_20260907_0104,2026-09-07,14:02,dept_chem,mess_pg_new_brahmagiri,1,student,normal,9.9,pending
req_20260907_0105,2026-09-07,14:04,dept_mech,mess_b8_trishul,2,student,normal,11.3,pending
req_20260907_0098,2026-09-07,14:08,loc_lhc_a,mess_pg_new_brahmagiri,3,student,normal,8.3,pending
req_20260907_0075,2026-09-07,14:13,dept_eee,mess_b3_vindhya,1,student,normal,8.1,pending
req_20260907_0092,2026-09-07,14:17,loc_lhc_b,mess_b8_trishul,1,student,normal,9.3,pending
req_20260907_0074,2026-09-07,14:21,loc_lhc_b,mess_mega,1,staff,normal,11.9,pending
req_20260907_0095,2026-09-07,14:21,loc_central_library,mess_b8_trishul,1,faculty,normal,10.8,pending
req_20260907_0112,2026-09-07,15:18,dept_wroe,hostel_b_brahmagiri,1,staff,normal,10.1,pending
req_20260907_0119,2026-09-07,15:32,dept_it,hostel_b_block1,1,student,normal,14.5,pending
req_20260907_0111,2026-09-07,15:38,dept_physics,loc_e_library,2,staff,normal,13.1,pending
req_20260907_0110,2026-09-07,15:43,hostel_b_brahmagiri,dept_ece,2,student,normal,8.2,pending
req_20260907_0120,2026-09-07,15:52,dept_eee,loc_central_library,1,student,normal,8.1,pending
req_20260907_0109,2026-09-07,16:18,dept_mining,loc_e_library,2,student,normal,13.1,pending
req_20260907_0122,2026-09-07,16:18,mess_b1_karavali,dept_macs,1,staff,normal,10.2,pending
req_20260907_0114,2026-09-07,16:23,mess_mega,dept_eee,1,student,normal,12.0,pending
req_20260907_0116,2026-09-07,16:26,mess_pg_new_brahmagiri,dept_it,2,student,high,7.3,pending
req_20260907_0117,2026-09-07,16:30,mess_pg_pushpagiri,dept_civil,1,student,normal,9.4,pending
req_20260907_0123,2026-09-07,16:30,mess_b3_vindhya,dept_eee,1,student,normal,8.2,pending
req_20260907_0118,2026-09-07,16:34,dept_eee,loc_central_library,1,student,normal,8.8,pending
req_20260907_0124,2026-09-07,16:36,mess_pg_new_brahmagiri,dept_eee,1,student,normal,14.9,pending
req_20260907_0121,2026-09-07,16:40,hostel_b_block4,loc_lhc_a,1,student,normal,14.2,pending
req_20260907_0113,2026-09-07,16:43,dept_eee,hostel_g_gh3,1,student,normal,9.5,pending
req_20260907_0115,2026-09-07,16:59,dept_civil,loc_central_library,1,student,normal,10.7,pending
req_20260907_0146,2026-09-07,17:03,hostel_b_brahmagiri,loc_girls_coop,3,student,normal,13.3,pending
req_20260907_0143,2026-09-07,17:15,hostel_b_mt3,loc_e_library,1,student,normal,10.4,pending
req_20260907_0129,2026-09-07,17:23,hostel_b_block1,loc_boys_coop,1,student,normal,11.9,pending
req_20260907_0136,2026-09-07,17:27,hostel_b_shivalik,mess_b5_nilgiri,1,student,normal,10.5,pending
req_20260907_0139,2026-09-07,17:27,hostel_b_block4,loc_boys_coop,1,student,normal,10.6,pending
req_20260907_0135,2026-09-07,17:51,dept_eee,loc_central_library,2,student,normal,13.5,pending
req_20260907_0142,2026-09-07,18:02,hostel_g_gh3,loc_suprabha_boys,1,student,normal,12.4,pending
req_20260907_0137,2026-09-07,18:03,hostel_b_block7,loc_suprabha_boys,1,student,normal,10.9,pending
req_20260907_0140,2026-09-07,18:04,hostel_b_shivalik,loc_central_library,1,student,normal,11.1,pending
req_20260907_0144,2026-09-07,18:09,dept_wroe,loc_e_library,1,student,normal,8.4,pending
req_20260907_0138,2026-09-07,18:16,hostel_b_block2,loc_boys_coop,1,student,normal,14.6,pending
req_20260907_0145,2026-09-07,18:16,dept_hssm,loc_e_library,1,student,normal,12.7,pending
req_20260907_0147,2026-09-07,18:17,hostel_b_block8,loc_girls_coop,2,student,normal,13.2,pending
req_20260907_0132,2026-09-07,18:45,hostel_b_block1,loc_e_library,4,student,normal,10.0,pending
req_20260907_0126,2026-09-07,18:56,mess_b5_nilgiri,hostel_g_gh2,2,student,normal,13.1,pending
req_20260907_0131,2026-09-07,18:57,hostel_g_gh5,loc_central_library,2,student,normal,10.3,pending
req_20260907_0125,2026-09-07,19:01,dept_chemistry,hostel_b_mt2,2,faculty,normal,11.4,pending
req_20260907_0141,2026-09-07,19:03,hostel_g_gh2,loc_e_library,1,student,high,6.0,pending
req_20260907_0133,2026-09-07,19:08,hostel_b_shivalik,loc_central_library,1,student,normal,12.2,pending
req_20260907_0130,2026-09-07,19:13,hostel_b_mt2,loc_suprabha_boys,1,student,normal,8.9,pending
req_20260907_0128,2026-09-07,19:31,hostel_g_gh3,loc_boys_coop,1,student,normal,9.9,pending
req_20260907_0134,2026-09-07,19:47,hostel_b_mt1,loc_central_library,1,staff,high,7.1,pending
req_20260907_0127,2026-09-07,19:49,hostel_b_block7,loc_central_library,1,student,normal,13.8,pending
req_20260907_0148,2026-09-07,19:57,hostel_b_block8,mess_b3_vindhya,1,faculty,normal,14.7,pending
req_20260907_0153,2026-09-07,20:00,loc_suprabha_girls,hostel_b_mt2,1,faculty,normal,13.1,pending
req_20260907_0158,2026-09-07,20:11,loc_central_library,hostel_b_block4,1,staff,normal,14.8,pending
req_20260907_0157,2026-09-07,20:31,dept_eee,hostel_b_block6,1,student,normal,10.2,pending
req_20260907_0155,2026-09-07,20:59,loc_suprabha_boys,hostel_b_brahmagiri,1,student,normal,13.0,pending
req_20260907_0152,2026-09-07,21:07,loc_suprabha_boys,hostel_g_gh6,1,student,normal,14.0,pending
req_20260907_0159,2026-09-07,21:24,loc_girls_coop,hostel_g_gh3,1,student,high,6.3,pending
req_20260907_0156,2026-09-07,21:44,loc_central_library,hostel_b_mt3,1,student,normal,13.4,pending
req_20260907_0150,2026-09-07,21:45,loc_suprabha_boys,hostel_b_mt3,1,student,normal,8.0,pending
req_20260907_0151,2026-09-07,22:04,dept_it,hostel_b_block2,1,student,normal,9.9,pending
req_20260907_0160,2026-09-07,22:07,loc_central_library,hostel_g_gh6,1,student,normal,11.8,pending
req_20260907_0154,2026-09-07,22:08,loc_suprabha_girls,hostel_b_shivalik,1,student,normal,14.8,pending
req_20260907_0161,2026-09-07,22:28,loc_e_library,hostel_g_gh4,1,student,normal,8.9,pending
req_20260907_0149,2026-09-07,22:49,dept_mech,hostel_b_mt1,1,student,normal,13.2,pending
req_20260908_0006,2026-09-08,05:00,hostel_b_block3,dept_cse,4,student,normal,9.4,pending
req_20260908_0002,2026-09-08,05:44,hostel_b_mt2,dept_ece,2,student,normal,10.2,pending
req_20260908_0004,2026-09-08,05:52,hostel_b_mt2,mess_gb,1,student,normal,8.8,pending
req_20260908_0008,2026-09-08,06:01,hostel_g_gh3,loc_main_gate,2,student,normal,9.9,pending
req_20260908_0007,2026-09-08,06:08,hostel_b_block8,hostel_b_block3,1,student,high,5.9,pending
req_20260908_0009,2026-09-08,06:08,hostel_b_block3,mess_pg_new_brahmagiri,1,student,normal,10.2,pending
req_20260908_0001,2026-09-08,06:15,dept_chemistry,mess_pg_new_brahmagiri,2,staff,normal,8.5,pending
req_20260908_0003,2026-09-08,06:16,hostel_g_gh2,dept_chemistry,1,student,normal,12.2,pending
req_20260908_0005,2026-09-08,06:48,hostel_b_shivalik,loc_lhc_b,1,faculty,normal,9.1,pending
req_20260908_0028,2026-09-08,07:02,hostel_b_block5,dept_mech,1,student,normal,10.0,pending
req_20260908_0035,2026-09-08,07:03,hostel_b_block6,dept_mining,1,student,normal,12.8,pending
req_20260908_0020,2026-09-08,07:06,hostel_b_brahmagiri,loc_lhc_a,2,student,normal,9.0,pending
req_20260908_0015,2026-09-08,07:07,hostel_b_block5,dept_hssm,1,staff,normal,13.0,pending
req_20260908_0018,2026-09-08,07:15,hostel_b_shivalik,dept_it,1,student,normal,13.7,pending
req_20260908_0060,2026-09-08,07:15,hostel_g_gh1,loc_lhc_b,1,student,normal,12.0,pending
req_20260908_0013,2026-09-08,07:21,dept_chem,hostel_g_gh2,1,student,normal,8.2,pending
req_20260908_0027,2026-09-08,07:25,hostel_g_gh3,loc_lhc_b,1,student,normal,14.6,pending
req_20260908_0029,2026-09-08,07:25,hostel_g_gh5,loc_lhc_b,1,student,normal,14.9,pending
req_20260908_0049,2026-09-08,07:30,hostel_g_gh6,dept_eee,1,student,normal,14.0,pending
req_20260908_0039,2026-09-08,07:31,hostel_b_block2,dept_eee,2,faculty,normal,14.8,pending
req_20260908_0017,2026-09-08,07:32,hostel_g_gh2,loc_lhc_b,1,student,normal,10.3,pending
req_20260908_0021,2026-09-08,07:35,hostel_b_mt2,dept_eee,2,student,normal,9.0,pending
req_20260908_0042,2026-09-08,07:37,hostel_g_gh3,loc_lhc_b,1,faculty,normal,11.9,pending
req_20260908_0026,2026-09-08,07:39,hostel_b_block5,dept_mme,1,student,normal,9.0,pending
req_20260908_0056,2026-09-08,07:39,hostel_g_gh2,dept_mech,1,student,normal,9.0,pending
req_20260908_0025,2026-09-08,07:40,mess_b3_vindhya,loc_suprabha_boys,4,student,normal,12.4,pending
req_20260908_0057,2026-09-08,07:41,hostel_b_block3,loc_e_library,1,student,normal,14.3,pending
req_20260908_0014,2026-09-08,07:47,hostel_b_block7,loc_lhc_a,1,student,high,5.8,pending
req_20260908_0022,2026-09-08,07:56,hostel_b_block4,loc_lhc_a,1,student,high,5.8,pending
req_20260908_0050,2026-09-08,07:56,hostel_g_gh6,dept_chemistry,3,student,high,7.7,pending
req_20260908_0058,2026-09-08,08:12,hostel_b_block6,loc_lhc_b,3,student,normal,9.7,pending
req_20260908_0041,2026-09-08,08:18,hostel_b_mt2,dept_mining,2,student,high,6.6,pending
req_20260908_0019,2026-09-08,08:25,hostel_g_gh5,dept_chem,1,student,high,5.5,pending
req_20260908_0034,2026-09-08,08:25,hostel_b_mt2,loc_lhc_a,1,student,normal,9.8,pending
req_20260908_0055,2026-09-08,08:27,hostel_b_mt2,dept_mme,1,student,normal,14.9,pending
req_20260908_0037,2026-09-08,08:29,hostel_g_gh5,loc_lhc_b,2,student,normal,13.2,pending
req_20260908_0032,2026-09-08,08:33,hostel_b_mt1,loc_lhc_b,2,student,normal,13.7,pending
req_20260908_0033,2026-09-08,08:38,dept_hssm,dept_it,1,student,normal,8.8,pending
req_20260908_0030,2026-09-08,08:39,hostel_b_shivalik,dept_civil,1,student,normal,10.4,pending
req_20260908_0011,2026-09-08,08:43,hostel_b_block8,dept_mme,3,student,normal,10.4,pending
req_20260908_0059,2026-09-08,08:48,hostel_g_gh4,dept_chemistry,1,student,normal,11.4,pending
req_20260908_0048,2026-09-08,08:50,hostel_b_block5,loc_lhc_a,1,student,normal,12.9,pending
req_20260908_0047,2026-09-08,08:54,hostel_g_gh5,loc_e_library,2,student,normal,10.3,pending
req_20260908_0052,2026-09-08,08:55,hostel_b_block2,loc_lhc_b,1,student,normal,11.9,pending
req_20260908_0046,2026-09-08,09:01,hostel_g_gh6,loc_lhc_a,2,student,normal,13.2,pending
req_20260908_0031,2026-09-08,09:04,hostel_g_gh2,dept_mech,1,student,normal,11.1,pending
req_20260908_0010,2026-09-08,09:07,hostel_g_gh3,loc_lhc_b,1,student,normal,12.1,pending
req_20260908_0012,2026-09-08,09:08,hostel_b_block1,dept_eee,1,student,normal,13.0,pending
req_20260908_0053,2026-09-08,09:12,hostel_g_gh6,dept_mme,1,staff,normal,8.2,pending
req_20260908_0051,2026-09-08,09:16,hostel_b_block4,dept_mme,1,student,normal,9.6,pending
req_20260908_0036,2026-09-08,09:25,hostel_b_brahmagiri,dept_macs,1,student,high,4.4,pending
req_20260908_0054,2026-09-08,09:25,hostel_b_mt1,loc_lhc_a,1,student,normal,14.0,pending
req_20260908_0061,2026-09-08,09:25,hostel_b_shivalik,hostel_b_block8,1,student,normal,10.8,pending
req_20260908_0038,2026-09-08,09:31,hostel_g_gh6,dept_chemistry,1,student,normal,13.0,pending
req_20260908_0043,2026-09-08,09:34,hostel_b_block3,dept_wroe,2,student,normal,10.0,pending
req_20260908_0016,2026-09-08,09:35,hostel_b_mt3,loc_e_library,2,student,normal,9.1,pending
req_20260908_0040,2026-09-08,09:37,hostel_b_block5,dept_macs,1,student,normal,13.0,pending
req_20260908_0023,2026-09-08,09:38,hostel_g_gh4,dept_eee,1,student,normal,13.1,pending
req_20260908_0045,2026-09-08,09:47,hostel_b_block2,loc_lhc_b,2,student,normal,13.4,pending
req_20260908_0024,2026-09-08,09:48,hostel_b_brahmagiri,dept_physics,1,student,normal,14.0,pending
req_20260908_0044,2026-09-08,09:54,hostel_b_block5,loc_e_library,1,student,normal,10.9,pending
req_20260908_0079,2026-09-08,10:02,dept_chem,dept_cse,3,student,normal,10.9,pending
req_20260908_0071,2026-09-08,10:04,dept_mech,dept_mining,1,student,high,4.2,pending
req_20260908_0076,2026-09-08,10:06,dept_mining,dept_chemistry,2,staff,normal,13.7,pending
req_20260908_0070,2026-09-08,10:31,loc_main_gate,dept_it,2,student,normal,13.5,pending
req_20260908_0063,2026-09-08,10:34,dept_ece,loc_central_library,1,student,normal,14.4,pending
req_20260908_0064,2026-09-08,10:34,dept_civil,dept_mech,1,student,normal,11.9,pending
req_20260908_0065,2026-09-08,10:42,dept_it,loc_e_library,2,student,normal,12.1,pending
req_20260908_0074,2026-09-08,10:55,dept_ece,hostel_b_mt1,1,student,high,5.1,pending
req_20260908_0073,2026-09-08,11:03,dept_physics,dept_eee,1,staff,normal,14.0,pending
req_20260908_0077,2026-09-08,11:10,dept_wroe,loc_central_library,1,student,normal,9.5,pending
req_20260908_0066,2026-09-08,11:19,loc_central_library,loc_e_library,1,student,normal,8.4,pending
req_20260908_0072,2026-09-08,11:29,dept_eee,dept_chemistry,1,student,normal,12.9,pending
req_20260908_0075,2026-09-08,11:31,loc_central_library,hostel_g_gh6,1,student,normal,11.9,pending
req_20260908_0078,2026-09-08,11:31,dept_wroe,hostel_b_block7,2,student,high,6.0,pending
req_20260908_0067,2026-09-08,11:32,dept_macs,dept_mech,1,student,normal,13.4,pending
req_20260908_0069,2026-09-08,11:41,loc_lhc_a,loc_central_library,1,student,normal,10.9,pending
req_20260908_0068,2026-09-08,11:49,dept_physics,dept_mech,1,student,normal,14.7,pending
req_20260908_0062,2026-09-08,11:51,loc_lhc_a,hostel_g_gh5,1,staff,normal,8.9,pending
req_20260908_0118,2026-09-08,12:01,loc_e_library,mess_mega,3,student,normal,10.0,pending
req_20260908_0104,2026-09-08,12:06,dept_physics,mess_b2_aravali,1,student,normal,14.8,pending
req_20260908_0108,2026-09-08,12:10,dept_chem,mess_b1_karavali,2,student,normal,10.0,pending
req_20260908_0120,2026-09-08,12:13,dept_cse,mess_b8_trishul,1,student,normal,8.6,pending
req_20260908_0117,2026-09-08,12:16,dept_macs,mess_b7_sahyadri,3,student,normal,11.6,pending
req_20260908_0116,2026-09-08,12:17,loc_lhc_a,mess_b2_aravali,1,student,normal,8.6,pending
req_20260908_0097,2026-09-08,12:18,loc_e_library,hostel_b_block5,1,student,normal,8.1,pending
req_20260908_0100,2026-09-08,12:23,dept_civil,mess_pg_new_brahmagiri,1,student,normal,14.4,pending
req_20260908_0081,2026-09-08,12:30,dept_chem,mess_b7_sahyadri,3,student,normal,12.6,pending
req_20260908_0105,2026-09-08,12:32,loc_central_library,mess_mega,1,student,high,4.7,pending
req_20260908_0093,2026-09-08,12:37,dept_mme,mess_b4_satpura,1,student,normal,13.1,pending
req_20260908_0113,2026-09-08,12:40,dept_it,mess_b5_nilgiri,1,student,normal,13.2,pending
req_20260908_0115,2026-09-08,12:41,loc_e_library,mess_b5_nilgiri,1,student,normal,11.5,pending
req_20260908_0122,2026-09-08,12:44,loc_lhc_a,mess_b8_trishul,1,staff,normal,13.0,pending
req_20260908_0109,2026-09-08,12:55,dept_hssm,mess_mega,1,staff,normal,9.1,pending
req_20260908_0101,2026-09-08,12:59,mess_gb,hostel_b_block4,1,staff,high,5.3,pending
req_20260908_0085,2026-09-08,13:00,loc_lhc_a,mess_b8_trishul,1,student,normal,8.3,pending
req_20260908_0090,2026-09-08,13:05,loc_lhc_b,mess_pg_pushpagiri,1,student,normal,13.9,pending
req_20260908_0121,2026-09-08,13:14,loc_lhc_a,mess_b2_aravali,1,student,normal,14.1,pending
req_20260908_0082,2026-09-08,13:15,loc_lhc_a,mess_b8_trishul,1,student,normal,12.6,pending
req_20260908_0092,2026-09-08,13:17,dept_it,mess_pg_new_brahmagiri,1,student,normal,8.4,pending
req_20260908_0112,2026-09-08,13:28,loc_lhc_a,mess_gb,1,student,normal,13.3,pending
req_20260908_0123,2026-09-08,13:33,loc_lhc_b,mess_b8_trishul,2,student,normal,13.6,pending
req_20260908_0094,2026-09-08,13:41,dept_it,mess_pg_new_brahmagiri,2,student,normal,11.5,pending
req_20260908_0095,2026-09-08,13:41,dept_hssm,mess_b3_vindhya,3,student,normal,12.2,pending
req_20260908_0098,2026-09-08,13:42,loc_lhc_b,mess_b4_satpura,1,student,high,6.4,pending
req_20260908_0080,2026-09-08,13:45,mess_b7_sahyadri,loc_lhc_a,2,student,high,5.4,pending
req_20260908_0107,2026-09-08,13:49,dept_mech,mess_mega,1,student,normal,9.9,pending
req_20260908_0114,2026-09-08,13:51,dept_civil,mess_b5_nilgiri,1,student,normal,11.3,pending
req_20260908_0111,2026-09-08,13:52,dept_civil,mess_b4_satpura,1,student,normal,12.0,pending
req_20260908_0096,2026-09-08,13:53,dept_it,mess_b8_trishul,1,staff,normal,12.2,pending
req_20260908_0119,2026-09-08,13:53,dept_physics,mess_b2_aravali,1,student,normal,10.6,pending
req_20260908_0087,2026-09-08,13:54,dept_mining,mess_mega,2,student,normal,12.1,pending
req_20260908_0083,2026-09-08,13:56,mess_mega,loc_main_gate,1,student,normal,13.7,pending
req_20260908_0103,2026-09-08,14:00,loc_lhc_b,mess_mega,1,student,normal,8.5,pending
req_20260908_0110,2026-09-08,14:02,dept_mining,mess_pg_pushpagiri,2,student,normal,14.9,pending
req_20260908_0091,2026-09-08,14:06,dept_eee,mess_gb,1,student,normal,15.0,pending
req_20260908_0088,2026-09-08,14:09,hostel_b_block2,loc_suprabha_girls,1,student,normal,12.7,pending
req_20260908_0106,2026-09-08,14:14,dept_eee,mess_gb,1,student,normal,14.9,pending
req_20260908_0102,2026-09-08,14:17,loc_lhc_b,mess_b3_vindhya,1,faculty,normal,14.3,pending
req_20260908_0086,2026-09-08,14:18,dept_macs,mess_pg_pushpagiri,1,faculty,normal,11.1,pending
req_20260908_0089,2026-09-08,14:19,loc_lhc_a,mess_b5_nilgiri,1,student,normal,12.7,pending
req_20260908_0099,2026-09-08,14:21,loc_lhc_b,mess_gb,1,student,normal,11.4,pending
req_20260908_0084,2026-09-08,14:27,mess_b5_nilgiri,hostel_g_gh1,1,student,normal,14.6,pending
req_20260908_0126,2026-09-08,14:33,dept_ece,hostel_g_gh1,3,student,normal,15.0,pending
req_20260908_0130,2026-09-08,14:37,dept_hssm,hostel_b_mt1,1,student,normal,8.8,pending
req_20260908_0140,2026-09-08,14:48,dept_mech,loc_e_library,4,student,high,4.0,pending
req_20260908_0134,2026-09-08,14:52,mess_b5_nilgiri,dept_macs,1,student,normal,12.5,pending
req_20260908_0131,2026-09-08,15:00,dept_cse,hostel_b_block4,1,student,normal,12.4,pending
req_20260908_0129,2026-09-08,15:08,mess_b5_nilgiri,dept_civil,4,student,normal,8.2,pending
req_20260908_0136,2026-09-08,15:08,mess_b7_sahyadri,dept_hssm,3,staff,normal,9.7,pending
req_20260908_0141,2026-09-08,15:30,mess_b4_satpura,dept_ece,1,faculty,high,6.7,pending
req_20260908_0138,2026-09-08,15:33,mess_b2_aravali,dept_chem,2,student,normal,12.7,pending
req_20260908_0124,2026-09-08,15:40,mess_mega,dept_eee,1,student,normal,8.2,pending
req_20260908_0132,2026-09-08,15:45,mess_pg_new_brahmagiri,dept_wroe,4,student,normal,10.9,pending
req_20260908_0137,2026-09-08,15:46,dept_wroe,loc_central_library,1,student,normal,9.2,pending
req_20260908_0127,2026-09-08,15:49,mess_b4_satpura,hostel_b_block6,1,student,normal,8.3,pending
req_20260908_0133,2026-09-08,16:03,dept_civil,hostel_b_mt2,3,student,normal,11.4,pending
req_20260908_0125,2026-09-08,16:12,dept_eee,loc_central_library,1,staff,normal,8.6,pending
req_20260908_0139,2026-09-08,16:20,dept_civil,loc_e_library,1,student,normal,12.5,pending
req_20260908_0135,2026-09-08,16:26,mess_b5_nilgiri,dept_chemistry,3,staff,normal,13.2,pending
req_20260908_0128,2026-09-08,16:29,dept_mining,hostel_b_mt1,1,student,normal,15.0,pending
req_20260908_0155,2026-09-08,17:16,dept_mining,loc_e_library,1,faculty,normal,8.3,pending
req_20260908_0166,2026-09-08,17:16,dept_eee,mess_gb,2,student,high,7.1,pending
req_20260908_0160,2026-09-08,17:22,mess_b1_karavali,mess_b4_satpura,3,student,normal,10.4,pending
req_20260908_0147,2026-09-08,17:24,dept_it,hostel_b_mt1,2,student,normal,8.1,pending
req_20260908_0159,2026-09-08,17:25,mess_pg_new_brahmagiri,hostel_b_block6,1,student,normal,13.1,pending
req_20260908_0151,2026-09-08,17:39,hostel_g_gh4,loc_suprabha_boys,1,student,normal,13.8,pending
req_20260908_0157,2026-09-08,17:44,hostel_b_block8,loc_e_library,1,student,normal,13.6,pending
req_20260908_0169,2026-09-08,17:44,hostel_b_block1,loc_suprabha_girls,2,student,normal,9.6,pending
req_20260908_0156,2026-09-08,17:47,dept_it,loc_central_library,1,faculty,normal,14.4,pending
req_20260908_0154,2026-09-08,17:48,hostel_b_block2,loc_e_library,1,faculty,normal,12.1,pending
req_20260908_0165,2026-09-08,17:59,hostel_b_block4,loc_suprabha_girls,1,student,normal,9.6,pending
req_20260908_0142,2026-09-08,18:04,dept_eee,loc_suprabha_girls,1,student,normal,13.1,pending
req_20260908_0153,2026-09-08,18:10,dept_chem,loc_e_library,2,staff,normal,15.0,pending
req_20260908_0167,2026-09-08,18:12,hostel_b_block1,loc_central_library,1,student,normal,10.2,pending
req_20260908_0162,2026-09-08,18:15,dept_chem,loc_e_library,1,student,high,6.3,pending
req_20260908_0144,2026-09-08,18:26,hostel_g_gh3,loc_central_library,2,student,normal,9.4,pending
req_20260908_0149,2026-09-08,18:31,hostel_b_block5,loc_girls_coop,1,student,normal,8.5,pending
req_20260908_0161,2026-09-08,18:33,hostel_g_gh4,loc_central_library,1,faculty,normal,10.4,pending
req_20260908_0148,2026-09-08,18:34,hostel_g_gh3,loc_central_library,1,student,high,6.8,pending
req_20260908_0150,2026-09-08,18:41,hostel_b_block1,loc_e_library,4,student,normal,13.6,pending
req_20260908_0168,2026-09-08,18:42,hostel_b_block8,loc_e_library,1,student,normal,9.7,pending
req_20260908_0145,2026-09-08,18:47,hostel_b_block3,loc_e_library,1,student,high,5.9,pending
req_20260908_0152,2026-09-08,18:54,hostel_b_block8,loc_boys_coop,1,staff,normal,8.2,pending
req_20260908_0143,2026-09-08,19:01,hostel_g_gh2,loc_suprabha_girls,1,staff,high,4.9,pending
req_20260908_0163,2026-09-08,19:18,hostel_b_block5,loc_central_library,1,staff,normal,9.7,pending
req_20260908_0146,2026-09-08,19:21,hostel_b_shivalik,loc_suprabha_girls,3,student,normal,9.2,pending
req_20260908_0158,2026-09-08,19:21,hostel_g_gh3,loc_boys_coop,1,student,normal,9.2,pending
req_20260908_0164,2026-09-08,19:24,hostel_b_mt2,loc_boys_coop,1,student,normal,14.5,pending
req_20260908_0170,2026-09-08,20:09,loc_suprabha_boys,hostel_b_shivalik,2,student,normal,14.5,pending
req_20260908_0171,2026-09-08,20:48,loc_e_library,hostel_b_block1,1,student,normal,13.9,pending
req_20260908_0177,2026-09-08,20:51,dept_cse,hostel_b_mt1,2,student,normal,13.2,pending
req_20260908_0173,2026-09-08,20:53,loc_e_library,hostel_b_block8,1,student,normal,13.5,pending
req_20260908_0180,2026-09-08,20:56,loc_central_library,hostel_b_shivalik,1,staff,high,4.9,pending
req_20260908_0178,2026-09-08,20:57,loc_central_library,hostel_b_block3,1,student,normal,8.5,pending
req_20260908_0174,2026-09-08,21:09,loc_suprabha_boys,hostel_g_gh6,1,student,normal,14.9,pending
req_20260908_0176,2026-09-08,21:10,loc_e_library,hostel_b_mt2,1,student,normal,11.5,pending
req_20260908_0175,2026-09-08,21:15,loc_boys_coop,hostel_b_block6,1,student,normal,11.5,pending
req_20260908_0184,2026-09-08,21:41,dept_it,hostel_g_gh5,2,student,normal,14.1,pending
req_20260908_0172,2026-09-08,21:56,mess_b3_vindhya,loc_suprabha_girls,3,student,high,6.1,pending
req_20260908_0181,2026-09-08,21:56,loc_suprabha_girls,hostel_b_block6,1,student,normal,14.2,pending
req_20260908_0179,2026-09-08,22:23,hostel_g_gh3,mess_gb,2,student,normal,12.0,pending
req_20260908_0183,2026-09-08,22:32,loc_suprabha_boys,hostel_b_block2,2,student,normal,14.9,pending
req_20260908_0182,2026-09-08,22:51,loc_girls_coop,hostel_b_mt2,1,student,normal,12.9,pending
req_20260909_0002,2026-09-09,05:19,hostel_b_block1,dept_macs,1,student,normal,9.6,pending
req_20260909_0008,2026-09-09,05:24,hostel_g_gh2,mess_pg_new_brahmagiri,1,student,normal,9.6,pending
req_20260909_0004,2026-09-09,05:26,hostel_b_brahmagiri,dept_hssm,1,student,normal,8.7,pending
req_20260909_0005,2026-09-09,06:10,hostel_b_block1,mess_b1_karavali,1,student,normal,11.6,pending
req_20260909_0006,2026-09-09,06:15,hostel_b_block5,loc_main_gate,1,student,normal,10.3,pending
req_20260909_0001,2026-09-09,06:17,hostel_g_gh5,dept_ece,1,student,normal,10.7,pending
req_20260909_0007,2026-09-09,06:21,hostel_b_block1,loc_lhc_b,1,student,normal,9.7,pending
req_20260909_0003,2026-09-09,06:44,hostel_g_gh1,loc_main_gate,4,student,normal,10.2,pending
req_20260909_0017,2026-09-09,07:04,hostel_g_gh5,dept_macs,1,student,normal,11.7,pending
req_20260909_0034,2026-09-09,07:18,hostel_g_gh2,dept_mme,1,student,normal,13.7,pending
req_20260909_0026,2026-09-09,07:29,dept_mech,mess_b2_aravali,1,student,normal,12.5,pending
req_20260909_0050,2026-09-09,07:32,hostel_g_gh3,loc_lhc_b,1,student,normal,12.5,pending
req_20260909_0052,2026-09-09,07:32,hostel_b_block4,loc_lhc_a,1,staff,normal,9.0,pending
req_20260909_0031,2026-09-09,07:34,hostel_b_brahmagiri,loc_lhc_a,1,student,normal,8.7,pending
req_20260909_0049,2026-09-09,07:36,hostel_b_block2,dept_cse,1,student,normal,12.6,pending
req_20260909_0014,2026-09-09,07:39,hostel_b_mt3,dept_ece,2,student,normal,8.7,pending
req_20260909_0044,2026-09-09,07:43,hostel_b_block4,dept_it,1,student,normal,14.2,pending
req_20260909_0021,2026-09-09,07:44,hostel_g_gh6,dept_mining,1,student,normal,13.5,pending
req_20260909_0032,2026-09-09,07:51,hostel_b_block8,loc_e_library,2,student,normal,11.3,pending
req_20260909_0019,2026-09-09,07:58,loc_central_library,mess_b5_nilgiri,1,staff,normal,8.7,pending
req_20260909_0047,2026-09-09,08:02,hostel_g_gh3,dept_mech,1,student,normal,13.0,pending
req_20260909_0009,2026-09-09,08:03,hostel_b_block4,loc_central_library,1,student,normal,11.1,pending
req_20260909_0028,2026-09-09,08:03,hostel_b_block4,loc_lhc_a,1,student,normal,13.6,pending
req_20260909_0042,2026-09-09,08:06,hostel_b_block7,loc_lhc_a,1,student,normal,8.2,pending
req_20260909_0015,2026-09-09,08:09,hostel_b_mt2,dept_chem,4,student,normal,11.2,pending
req_20260909_0048,2026-09-09,08:10,hostel_b_mt1,loc_central_library,2,student,normal,9.5,pending
req_20260909_0020,2026-09-09,08:11,hostel_b_block6,loc_lhc_a,3,staff,high,5.7,pending
req_20260909_0027,2026-09-09,08:15,dept_eee,hostel_b_block1,3,student,normal,9.5,pending
req_20260909_0053,2026-09-09,08:15,hostel_b_mt1,loc_lhc_a,2,student,normal,8.8,pending
req_20260909_0016,2026-09-09,08:22,hostel_b_block3,loc_lhc_a,1,student,normal,14.1,pending
req_20260909_0018,2026-09-09,08:24,hostel_b_block8,loc_central_library,2,student,normal,12.6,pending
req_20260909_0025,2026-09-09,08:30,hostel_b_block8,dept_physics,2,student,high,5.7,pending
req_20260909_0043,2026-09-09,08:31,hostel_b_mt2,dept_chemistry,3,faculty,normal,14.6,pending
req_20260909_0041,2026-09-09,08:32,hostel_b_mt3,loc_lhc_b,2,student,normal,11.2,pending
req_20260909_0010,2026-09-09,08:35,hostel_b_shivalik,loc_lhc_b,1,student,high,6.7,pending
req_20260909_0023,2026-09-09,08:48,hostel_b_shivalik,dept_macs,2,student,normal,11.4,pending
req_20260909_0045,2026-09-09,08:51,hostel_g_gh4,loc_lhc_a,1,student,normal,13.0,pending
req_20260909_0037,2026-09-09,08:52,hostel_b_block4,dept_chem,1,staff,normal,13.7,pending
req_20260909_0030,2026-09-09,08:57,dept_mining,hostel_b_mt3,1,staff,normal,14.0,pending
req_20260909_0039,2026-09-09,09:00,hostel_g_gh5,loc_lhc_a,1,faculty,normal,14.4,pending
req_20260909_0051,2026-09-09,09:02,mess_mega,mess_pg_pushpagiri,1,student,normal,9.5,pending
req_20260909_0024,2026-09-09,09:11,hostel_b_mt2,dept_cse,1,student,normal,12.4,pending
req_20260909_0046,2026-09-09,09:11,hostel_b_shivalik,loc_lhc_b,1,student,normal,11.8,pending
req_20260909_0012,2026-09-09,09:15,hostel_b_mt2,loc_central_library,2,student,high,4.5,pending
req_20260909_0040,2026-09-09,09:26,hostel_b_shivalik,loc_lhc_a,1,staff,normal,14.7,pending
req_20260909_0054,2026-09-09,09:26,hostel_g_gh1,loc_central_library,2,student,normal,10.6,pending
req_20260909_0033,2026-09-09,09:27,hostel_b_mt2,loc_lhc_a,1,student,normal,12.2,pending
req_20260909_0038,2026-09-09,09:27,hostel_b_mt3,loc_lhc_a,1,staff,normal,10.3,pending
req_20260909_0036,2026-09-09,09:33,hostel_g_gh6,loc_lhc_b,2,staff,normal,14.3,pending
req_20260909_0011,2026-09-09,09:41,hostel_b_block4,dept_cse,3,student,normal,12.3,pending
req_20260909_0022,2026-09-09,09:43,hostel_g_gh2,loc_e_library,1,student,normal,11.6,pending
req_20260909_0029,2026-09-09,09:44,dept_cse,mess_gb,1,student,normal,8.8,pending
req_20260909_0013,2026-09-09,09:45,hostel_b_block4,loc_lhc_a,2,staff,normal,10.0,pending
req_20260909_0035,2026-09-09,09:56,hostel_b_block8,loc_lhc_a,1,student,normal,13.1,pending
req_20260909_0066,2026-09-09,10:07,loc_central_library,loc_e_library,2,student,normal,14.9,pending
req_20260909_0061,2026-09-09,10:23,hostel_b_block1,hostel_b_block8,1,student,normal,11.3,pending
req_20260909_0065,2026-09-09,10:31,loc_lhc_a,loc_central_library,1,student,normal,13.0,pending
req_20260909_0064,2026-09-09,10:34,dept_cse,hostel_g_gh1,1,student,normal,11.6,pending
req_20260909_0068,2026-09-09,10:34,loc_lhc_b,hostel_b_mt1,1,student,normal,14.8,pending
req_20260909_0063,2026-09-09,10:35,dept_eee,dept_ece,1,student,normal,13.3,pending
req_20260909_0056,2026-09-09,10:58,loc_lhc_a,loc_central_library,1,student,normal,8.2,pending
req_20260909_0070,2026-09-09,10:59,loc_central_library,hostel_b_block4,2,student,normal,8.1,pending
req_20260909_0057,2026-09-09,11:01,dept_cse,hostel_g_gh1,1,student,high,6.1,pending
req_20260909_0058,2026-09-09,11:11,dept_it,loc_central_library,1,student,normal,8.9,pending
req_20260909_0062,2026-09-09,11:11,dept_macs,dept_eee,1,student,high,5.8,pending
req_20260909_0060,2026-09-09,11:20,dept_wroe,loc_central_library,1,student,normal,9.4,pending
req_20260909_0055,2026-09-09,11:25,dept_ece,dept_mme,3,student,normal,9.6,pending
req_20260909_0069,2026-09-09,11:25,dept_mme,dept_cse,2,student,normal,9.3,pending
req_20260909_0071,2026-09-09,11:44,dept_civil,mess_pg_pushpagiri,1,student,high,6.6,pending
req_20260909_0059,2026-09-09,11:48,dept_eee,dept_mining,2,student,normal,14.5,pending
req_20260909_0067,2026-09-09,11:56,hostel_b_block1,loc_girls_coop,3,staff,normal,13.8,pending
req_20260909_0080,2026-09-09,12:00,dept_mining,mess_b8_trishul,1,student,normal,8.2,pending
req_20260909_0073,2026-09-09,12:01,dept_mech,mess_b3_vindhya,1,student,normal,10.9,pending
req_20260909_0101,2026-09-09,12:01,dept_mech,mess_gb,1,staff,normal,9.5,pending
req_20260909_0104,2026-09-09,12:01,loc_central_library,mess_b5_nilgiri,1,student,normal,12.2,pending
req_20260909_0103,2026-09-09,12:12,loc_lhc_b,mess_gb,1,faculty,normal,12.5,pending
req_20260909_0085,2026-09-09,12:14,dept_physics,mess_gb,1,student,normal,12.6,pending
req_20260909_0098,2026-09-09,12:17,dept_civil,mess_pg_pushpagiri,2,student,normal,8.8,pending
req_20260909_0093,2026-09-09,12:23,loc_lhc_b,mess_b5_nilgiri,4,student,normal,14.9,pending
req_20260909_0084,2026-09-09,12:24,loc_central_library,mess_pg_new_brahmagiri,1,student,normal,8.8,pending
req_20260909_0088,2026-09-09,12:25,dept_cse,mess_b3_vindhya,1,student,high,6.0,pending
req_20260909_0109,2026-09-09,12:29,dept_mining,mess_mega,1,student,normal,8.2,pending
req_20260909_0105,2026-09-09,12:38,loc_lhc_a,mess_b5_nilgiri,2,student,normal,14.5,pending
req_20260909_0072,2026-09-09,12:41,dept_chem,mess_mega,3,student,normal,13.1,pending
req_20260909_0108,2026-09-09,12:43,loc_e_library,mess_b2_aravali,3,faculty,normal,10.4,pending
req_20260909_0092,2026-09-09,12:45,loc_lhc_b,mess_b1_karavali,1,staff,normal,12.2,pending
req_20260909_0097,2026-09-09,12:58,dept_mining,mess_b8_trishul,2,faculty,normal,12.4,pending
req_20260909_0077,2026-09-09,13:07,loc_central_library,mess_b5_nilgiri,1,faculty,normal,8.4,pending
req_20260909_0100,2026-09-09,13:07,dept_mining,hostel_g_gh2,1,student,normal,14.1,pending
req_20260909_0091,2026-09-09,13:14,mess_pg_new_brahmagiri,dept_macs,1,student,normal,8.8,pending
req_20260909_0081,2026-09-09,13:16,dept_cse,mess_b1_karavali,1,student,normal,9.5,pending
req_20260909_0087,2026-09-09,13:17,loc_lhc_b,mess_pg_pushpagiri,1,student,normal,13.7,pending
req_20260909_0111,2026-09-09,13:25,dept_macs,mess_b7_sahyadri,1,faculty,normal,9.3,pending
req_20260909_0075,2026-09-09,13:28,dept_chem,mess_b3_vindhya,1,faculty,normal,14.0,pending
req_20260909_0076,2026-09-09,13:28,loc_lhc_a,mess_b3_vindhya,1,student,normal,13.0,pending
req_20260909_0074,2026-09-09,13:29,dept_eee,mess_b7_sahyadri,2,staff,normal,14.9,pending
req_20260909_0090,2026-09-09,13:32,dept_ece,mess_b7_sahyadri,2,student,normal,9.7,pending
req_20260909_0083,2026-09-09,13:36,loc_lhc_a,mess_b7_sahyadri,1,student,normal,14.7,pending
req_20260909_0094,2026-09-09,13:37,hostel_g_gh5,dept_civil,1,student,normal,11.5,pending
req_20260909_0086,2026-09-09,13:45,dept_chem,mess_b1_karavali,2,student,normal,11.3,pending
req_20260909_0102,2026-09-09,13:49,mess_b4_satpura,mess_mega,1,student,normal,12.2,pending
req_20260909_0095,2026-09-09,13:53,dept_mme,mess_b7_sahyadri,1,student,normal,11.6,pending
req_20260909_0079,2026-09-09,13:54,hostel_g_gh6,loc_main_building,1,student,high,4.2,pending
req_20260909_0107,2026-09-09,14:02,dept_cse,mess_b5_nilgiri,1,faculty,normal,9.4,pending
req_20260909_0096,2026-09-09,14:10,loc_lhc_a,mess_b8_trishul,1,student,high,5.7,pending
req_20260909_0110,2026-09-09,14:11,dept_it,mess_b7_sahyadri,1,student,normal,13.3,pending
req_20260909_0082,2026-09-09,14:15,dept_eee,mess_b4_satpura,1,student,normal,10.8,pending
req_20260909_0089,2026-09-09,14:16,loc_lhc_b,mess_mega,1,student,normal,9.9,pending
req_20260909_0099,2026-09-09,14:19,dept_physics,mess_b7_sahyadri,1,staff,normal,10.5,pending
req_20260909_0106,2026-09-09,14:22,dept_civil,mess_gb,1,student,normal,9.3,pending
req_20260909_0078,2026-09-09,14:29,loc_lhc_b,mess_pg_pushpagiri,1,student,normal,14.0,pending
req_20260909_0114,2026-09-09,14:33,dept_it,loc_central_library,4,staff,normal,13.0,pending
req_20260909_0119,2026-09-09,14:40,mess_b7_sahyadri,dept_it,2,student,normal,8.5,pending
req_20260909_0115,2026-09-09,14:41,dept_mech,loc_central_library,1,student,normal,11.2,pending
req_20260909_0125,2026-09-09,14:56,dept_mme,loc_central_library,2,student,normal,10.7,pending
req_20260909_0122,2026-09-09,15:02,mess_b8_trishul,dept_macs,3,student,normal,11.0,pending
req_20260909_0128,2026-09-09,15:07,mess_b4_satpura,dept_cse,1,student,normal,8.8,pending
req_20260909_0126,2026-09-09,15:11,mess_pg_pushpagiri,dept_wroe,1,student,normal,11.3,pending
req_20260909_0113,2026-09-09,15:15,dept_mme,hostel_g_gh5,3,student,normal,11.1,pending
req_20260909_0123,2026-09-09,15:22,dept_hssm,loc_central_library,3,staff,normal,8.5,pending
req_20260909_0117,2026-09-09,15:32,dept_wroe,mess_pg_new_brahmagiri,2,student,normal,10.4,pending
req_20260909_0121,2026-09-09,15:50,dept_it,loc_e_library,1,student,normal,8.9,pending
req_20260909_0120,2026-09-09,16:07,mess_b3_vindhya,dept_hssm,1,student,normal,9.4,pending
req_20260909_0112,2026-09-09,16:27,dept_ece,loc_central_library,3,student,normal,8.5,pending
req_20260909_0118,2026-09-09,16:36,dept_chemistry,hostel_b_mt2,1,student,normal,8.9,pending
req_20260909_0124,2026-09-09,16:42,mess_gb,dept_civil,1,staff,normal,12.5,pending
req_20260909_0127,2026-09-09,16:44,mess_b5_nilgiri,dept_macs,2,student,normal,14.3,pending
req_20260909_0116,2026-09-09,16:46,mess_b3_vindhya,dept_civil,3,student,normal,8.2,pending
req_20260909_0130,2026-09-09,17:06,hostel_b_block7,loc_suprabha_boys,1,student,normal,9.5,pending
req_20260909_0135,2026-09-09,17:08,dept_physics,loc_central_library,1,student,normal,10.1,pending
req_20260909_0143,2026-09-09,17:09,dept_it,loc_central_library,2,student,normal,9.0,pending
req_20260909_0147,2026-09-09,17:10,hostel_b_block4,loc_e_library,1,student,normal,12.7,pending
req_20260909_0144,2026-09-09,17:14,hostel_g_gh4,loc_boys_coop,2,student,normal,8.5,pending
req_20260909_0149,2026-09-09,17:32,hostel_g_gh1,loc_suprabha_boys,1,student,normal,9.9,pending
req_20260909_0138,2026-09-09,17:56,dept_cse,loc_e_library,1,student,normal,8.0,pending
req_20260909_0142,2026-09-09,17:56,hostel_b_mt3,loc_suprabha_boys,1,student,normal,10.8,pending
req_20260909_0133,2026-09-09,18:07,hostel_b_block2,loc_e_library,1,student,high,5.3,pending
req_20260909_0145,2026-09-09,18:07,hostel_g_gh2,loc_suprabha_girls,1,student,normal,11.4,pending
req_20260909_0134,2026-09-09,18:11,hostel_b_block2,loc_girls_coop,1,student,normal,9.8,pending
req_20260909_0136,2026-09-09,18:13,hostel_g_gh4,loc_suprabha_girls,1,faculty,normal,9.3,pending
req_20260909_0137,2026-09-09,18:15,hostel_g_gh1,loc_central_library,2,student,normal,11.0,pending
req_20260909_0152,2026-09-09,18:18,loc_main_gate,hostel_g_gh1,1,student,normal,12.0,pending
req_20260909_0139,2026-09-09,18:22,hostel_g_gh5,loc_central_library,3,student,normal,12.0,pending
req_20260909_0140,2026-09-09,18:22,hostel_b_mt2,loc_central_library,3,student,normal,11.4,pending
req_20260909_0150,2026-09-09,18:26,hostel_b_shivalik,loc_boys_coop,2,student,normal,11.3,pending
req_20260909_0131,2026-09-09,19:14,dept_ece,loc_central_library,3,student,normal,11.9,pending
req_20260909_0132,2026-09-09,19:22,loc_main_gate,dept_mining,1,student,normal,8.6,pending
req_20260909_0141,2026-09-09,19:42,hostel_b_shivalik,dept_physics,1,staff,normal,13.6,pending
req_20260909_0146,2026-09-09,19:43,hostel_g_gh6,loc_girls_coop,1,student,normal,14.6,pending
req_20260909_0148,2026-09-09,19:46,hostel_b_block7,loc_e_library,2,student,normal,9.4,pending
req_20260909_0151,2026-09-09,19:47,hostel_b_mt2,loc_central_library,1,student,normal,10.8,pending
req_20260909_0153,2026-09-09,19:49,hostel_b_block6,loc_e_library,1,student,normal,11.4,pending
req_20260909_0129,2026-09-09,19:58,hostel_b_block7,loc_boys_coop,1,student,normal,9.1,pending
req_20260909_0156,2026-09-09,20:08,loc_suprabha_boys,hostel_b_block3,1,student,high,6.1,pending
req_20260909_0163,2026-09-09,20:08,loc_boys_coop,hostel_g_gh5,2,student,normal,12.2,pending
req_20260909_0164,2026-09-09,20:16,loc_e_library,hostel_g_gh6,1,faculty,normal,14.7,pending
req_20260909_0155,2026-09-09,20:20,loc_suprabha_boys,hostel_b_mt2,1,staff,normal,8.9,pending
req_20260909_0166,2026-09-09,20:26,loc_central_library,hostel_b_block7,1,student,normal,13.9,pending
req_20260909_0160,2026-09-09,20:53,loc_suprabha_girls,hostel_g_gh1,2,student,normal,12.6,pending
req_20260909_0159,2026-09-09,20:54,loc_e_library,hostel_b_block8,1,student,normal,13.6,pending
req_20260909_0154,2026-09-09,20:57,loc_central_library,hostel_b_block6,1,student,normal,9.8,pending
req_20260909_0165,2026-09-09,21:12,loc_boys_coop,hostel_b_mt2,1,student,normal,13.2,pending
req_20260909_0161,2026-09-09,21:17,loc_girls_coop,hostel_b_shivalik,1,student,normal,13.2,pending
req_20260909_0162,2026-09-09,21:36,loc_central_library,hostel_g_gh3,2,faculty,normal,9.7,pending
req_20260909_0158,2026-09-09,21:55,loc_central_library,hostel_b_block7,1,student,normal,12.9,pending
req_20260909_0157,2026-09-09,22:44,loc_e_library,hostel_g_gh5,1,student,normal,11.2,pending
req_20260910_0004,2026-09-10,05:03,hostel_b_block2,dept_physics,3,faculty,normal,12.0,pending
req_20260910_0001,2026-09-10,05:06,hostel_b_mt1,loc_lhc_b,3,staff,normal,11.2,pending
req_20260910_0008,2026-09-10,05:12,hostel_b_block1,mess_b3_vindhya,1,student,normal,11.0,pending
req_20260910_0006,2026-09-10,05:18,hostel_b_block1,mess_b7_sahyadri,1,staff,normal,15.0,pending
req_20260910_0002,2026-09-10,05:46,hostel_g_gh4,dept_it,1,student,normal,8.8,pending
req_20260910_0005,2026-09-10,05:56,hostel_g_gh3,mess_pg_new_brahmagiri,2,student,normal,13.2,pending
req_20260910_0007,2026-09-10,06:33,hostel_b_block8,mess_pg_new_brahmagiri,3,student,normal,8.7,pending
req_20260910_0003,2026-09-10,06:58,hostel_b_block1,loc_main_gate,1,student,normal,10.0,pending
req_20260910_0013,2026-09-10,07:00,hostel_g_gh3,dept_mining,2,student,normal,13.6,pending
req_20260910_0043,2026-09-10,07:00,hostel_g_gh6,loc_lhc_a,1,student,normal,12.8,pending
req_20260910_0050,2026-09-10,07:05,hostel_b_mt1,dept_ece,1,student,normal,13.5,pending
req_20260910_0014,2026-09-10,07:07,hostel_b_block3,loc_lhc_a,1,student,normal,13.6,pending
req_20260910_0040,2026-09-10,07:07,hostel_b_mt3,loc_lhc_a,2,student,high,4.6,pending
req_20260910_0053,2026-09-10,07:10,hostel_g_gh6,loc_central_library,1,staff,normal,12.8,pending
req_20260910_0024,2026-09-10,07:15,hostel_b_mt2,loc_lhc_b,1,student,normal,11.6,pending
req_20260910_0020,2026-09-10,07:19,hostel_b_shivalik,loc_lhc_a,1,student,normal,13.5,pending
req_20260910_0033,2026-09-10,07:25,hostel_g_gh6,loc_central_library,1,student,normal,14.9,pending
req_20260910_0042,2026-09-10,07:32,hostel_g_gh5,loc_lhc_b,1,student,normal,13.8,pending
req_20260910_0015,2026-09-10,07:35,hostel_b_shivalik,loc_e_library,1,student,normal,9.5,pending
req_20260910_0025,2026-09-10,07:37,hostel_b_block8,dept_wroe,1,student,normal,11.8,pending
req_20260910_0045,2026-09-10,07:39,hostel_b_brahmagiri,dept_civil,1,student,normal,9.7,pending
req_20260910_0034,2026-09-10,07:46,hostel_g_gh2,loc_lhc_a,1,student,normal,8.3,pending
req_20260910_0032,2026-09-10,07:49,loc_boys_coop,loc_lhc_a,1,student,normal,10.4,pending
req_20260910_0047,2026-09-10,07:52,hostel_b_mt2,loc_lhc_b,1,student,normal,9.0,pending
req_20260910_0038,2026-09-10,07:55,hostel_b_block3,loc_lhc_b,2,student,normal,8.9,pending
req_20260910_0044,2026-09-10,08:03,hostel_b_block2,dept_mech,1,student,normal,14.4,pending
req_20260910_0041,2026-09-10,08:22,hostel_g_gh1,loc_lhc_a,2,student,normal,10.8,pending
req_20260910_0035,2026-09-10,08:24,hostel_b_mt3,loc_lhc_b,1,student,normal,8.9,pending
req_20260910_0028,2026-09-10,08:26,hostel_b_shivalik,hostel_b_block7,1,staff,normal,14.0,pending
req_20260910_0048,2026-09-10,08:30,hostel_b_block1,loc_lhc_a,2,student,normal,13.4,pending
req_20260910_0051,2026-09-10,08:31,hostel_b_mt3,hostel_g_gh4,1,student,normal,14.0,pending
req_20260910_0010,2026-09-10,08:38,hostel_b_mt2,dept_macs,1,staff,normal,14.9,pending
req_20260910_0046,2026-09-10,08:39,hostel_b_block6,loc_lhc_b,1,student,normal,10.8,pending
req_20260910_0021,2026-09-10,08:43,hostel_b_mt1,dept_mme,1,student,normal,8.5,pending
req_20260910_0011,2026-09-10,08:46,hostel_b_mt2,loc_lhc_a,1,student,normal,13.9,pending
req_20260910_0036,2026-09-10,08:46,hostel_b_block2,loc_e_library,3,student,normal,10.8,pending
req_20260910_0027,2026-09-10,08:49,hostel_b_block8,loc_central_library,1,staff,normal,9.5,pending
req_20260910_0052,2026-09-10,09:01,hostel_b_mt3,dept_chemistry,3,student,normal,13.9,pending
req_20260910_0016,2026-09-10,09:03,hostel_b_block6,loc_central_library,1,student,normal,8.7,pending
req_20260910_0009,2026-09-10,09:06,hostel_b_block5,loc_lhc_a,4,student,normal,14.2,pending
req_20260910_0037,2026-09-10,09:17,hostel_b_mt3,loc_lhc_a,1,student,normal,12.9,pending
req_20260910_0049,2026-09-10,09:20,hostel_g_gh2,loc_central_library,3,student,high,5.6,pending
req_20260910_0031,2026-09-10,09:28,hostel_g_gh4,loc_lhc_b,2,staff,normal,14.2,pending
req_20260910_0022,2026-09-10,09:32,hostel_b_block2,dept_hssm,1,faculty,normal,13.1,pending
req_20260910_0026,2026-09-10,09:37,hostel_b_mt3,loc_lhc_b,1,student,normal,9.0,pending
req_20260910_0023,2026-09-10,09:39,hostel_b_block1,dept_ece,1,staff,normal,8.0,pending
req_20260910_0030,2026-09-10,09:42,hostel_g_gh6,loc_lhc_b,1,student,normal,8.7,pending
req_20260910_0029,2026-09-10,09:52,hostel_g_gh6,loc_lhc_b,1,faculty,high,7.1,pending
req_20260910_0012,2026-09-10,09:53,hostel_b_shivalik,loc_lhc_a,3,staff,normal,11.5,pending
req_20260910_0017,2026-09-10,09:53,hostel_b_block8,loc_lhc_a,1,student,normal,11.0,pending
req_20260910_0019,2026-09-10,09:54,hostel_b_block4,loc_lhc_a,1,student,high,7.4,pending
req_20260910_0018,2026-09-10,09:56,hostel_b_block5,dept_macs,1,student,normal,9.6,pending
req_20260910_0039,2026-09-10,09:59,dept_ece,loc_main_building,1,student,normal,12.5,pending
req_20260910_0069,2026-09-10,10:01,loc_lhc_a,loc_central_library,1,student,normal,12.4,pending
req_20260910_0059,2026-09-10,10:17,loc_e_library,loc_boys_coop,1,student,high,4.3,pending
req_20260910_0067,2026-09-10,10:30,dept_chemistry,dept_wroe,1,student,normal,13.5,pending
req_20260910_0055,2026-09-10,10:36,loc_central_library,loc_e_library,1,student,normal,9.7,pending
req_20260910_0057,2026-09-10,10:36,loc_lhc_b,hostel_b_block8,2,student,normal,14.6,pending
req_20260910_0065,2026-09-10,10:38,dept_eee,dept_chemistry,1,student,normal,11.8,pending
req_20260910_0062,2026-09-10,11:01,loc_central_library,loc_e_library,2,student,normal,12.9,pending
req_20260910_0066,2026-09-10,11:03,dept_cse,dept_mme,1,student,normal,13.4,pending
req_20260910_0054,2026-09-10,11:13,dept_eee,hostel_g_gh4,1,student,normal,9.0,pending
req_20260910_0068,2026-09-10,11:35,dept_mech,dept_mme,1,student,normal,11.4,pending
req_20260910_0058,2026-09-10,11:38,dept_mme,dept_ece,2,student,normal,14.8,pending
req_20260910_0060,2026-09-10,11:51,loc_e_library,loc_central_library,1,student,high,6.2,pending
req_20260910_0061,2026-09-10,11:51,dept_eee,dept_mme,2,student,normal,10.4,pending
req_20260910_0063,2026-09-10,11:53,loc_lhc_a,hostel_b_shivalik,2,student,normal,13.8,pending
req_20260910_0064,2026-09-10,11:53,dept_macs,loc_central_library,4,student,normal,14.5,pending
req_20260910_0056,2026-09-10,11:55,dept_mining,dept_eee,4,student,normal,10.2,pending
req_20260910_0072,2026-09-10,12:02,loc_lhc_b,mess_b2_aravali,1,student,normal,14.9,pending
req_20260910_0102,2026-09-10,12:11,hostel_b_block2,mess_gb,1,student,normal,9.3,pending
req_20260910_0088,2026-09-10,12:15,dept_mining,mess_gb,2,student,normal,8.8,pending
req_20260910_0107,2026-09-10,12:17,dept_wroe,mess_b3_vindhya,3,staff,normal,14.9,pending
req_20260910_0095,2026-09-10,12:20,dept_mech,mess_b5_nilgiri,3,student,normal,14.3,pending
req_20260910_0073,2026-09-10,12:33,dept_ece,mess_pg_new_brahmagiri,1,student,high,6.2,pending
req_20260910_0082,2026-09-10,12:39,loc_lhc_a,mess_b4_satpura,1,faculty,normal,14.9,pending
req_20260910_0086,2026-09-10,12:51,loc_lhc_b,mess_b2_aravali,1,student,normal,13.3,pending
req_20260910_0075,2026-09-10,12:56,loc_e_library,mess_pg_pushpagiri,1,student,normal,14.5,pending
req_20260910_0078,2026-09-10,13:02,loc_central_library,mess_b1_karavali,1,student,normal,8.4,pending
req_20260910_0089,2026-09-10,13:03,loc_lhc_a,mess_b5_nilgiri,1,student,normal,11.7,pending
req_20260910_0106,2026-09-10,13:05,dept_chemistry,mess_b8_trishul,2,student,normal,12.8,pending
req_20260910_0093,2026-09-10,13:10,loc_lhc_a,mess_pg_pushpagiri,1,student,normal,10.2,pending
req_20260910_0079,2026-09-10,13:14,loc_central_library,mess_b7_sahyadri,2,student,normal,11.6,pending
req_20260910_0071,2026-09-10,13:17,loc_central_library,mess_b5_nilgiri,1,staff,normal,9.5,pending
req_20260910_0076,2026-09-10,13:19,loc_central_library,mess_pg_new_brahmagiri,1,student,normal,14.4,pending
req_20260910_0100,2026-09-10,13:22,dept_it,mess_pg_pushpagiri,1,student,normal,9.9,pending
req_20260910_0099,2026-09-10,13:23,dept_mme,mess_pg_new_brahmagiri,1,student,normal,12.9,pending
req_20260910_0081,2026-09-10,13:25,dept_civil,mess_b8_trishul,1,student,normal,14.3,pending
req_20260910_0090,2026-09-10,13:32,dept_ece,mess_b7_sahyadri,2,student,normal,12.4,pending
req_20260910_0074,2026-09-10,13:33,loc_lhc_b,mess_gb,3,student,normal,10.4,pending
req_20260910_0104,2026-09-10,13:33,loc_lhc_a,mess_b5_nilgiri,1,student,normal,11.3,pending
req_20260910_0092,2026-09-10,13:38,loc_lhc_a,mess_gb,2,student,normal,8.9,pending
req_20260910_0103,2026-09-10,13:43,dept_cse,mess_gb,2,student,normal,8.1,pending
req_20260910_0105,2026-09-10,13:44,dept_physics,mess_b8_trishul,1,student,normal,13.4,pending
req_20260910_0084,2026-09-10,13:53,dept_civil,mess_gb,1,staff,normal,9.8,pending
req_20260910_0101,2026-09-10,13:54,loc_lhc_a,mess_b5_nilgiri,1,student,normal,10.3,pending
req_20260910_0080,2026-09-10,13:55,loc_lhc_a,mess_pg_pushpagiri,2,student,high,4.7,pending
req_20260910_0087,2026-09-10,13:55,loc_lhc_a,mess_b7_sahyadri,1,student,high,6.8,pending
req_20260910_0097,2026-09-10,13:57,loc_lhc_b,mess_mega,3,student,normal,10.0,pending
req_20260910_0070,2026-09-10,14:01,loc_lhc_b,mess_b7_sahyadri,1,student,normal,13.3,pending
req_20260910_0096,2026-09-10,14:10,dept_mme,mess_b3_vindhya,1,student,normal,8.9,pending
req_20260910_0085,2026-09-10,14:12,dept_mme,mess_b5_nilgiri,1,student,normal,14.6,pending
req_20260910_0091,2026-09-10,14:12,loc_e_library,mess_pg_pushpagiri,3,student,normal,10.7,pending
req_20260910_0077,2026-09-10,14:13,dept_physics,mess_b8_trishul,2,student,normal,10.1,pending
req_20260910_0094,2026-09-10,14:18,dept_mech,mess_b1_karavali,1,student,normal,14.4,pending
req_20260910_0083,2026-09-10,14:22,dept_chem,mess_b5_nilgiri,1,student,normal,11.9,pending
req_20260910_0098,2026-09-10,14:24,dept_mech,mess_b7_sahyadri,2,student,normal,13.4,pending
req_20260910_0119,2026-09-10,15:06,dept_cse,hostel_b_block8,1,student,normal,11.8,pending
req_20260910_0111,2026-09-10,15:19,mess_b3_vindhya,dept_chemistry,1,student,normal,10.1,pending
req_20260910_0112,2026-09-10,15:24,mess_gb,dept_wroe,2,student,normal,14.1,pending
req_20260910_0113,2026-09-10,15:30,hostel_g_gh3,hostel_g_gh6,3,student,normal,10.6,pending
req_20260910_0108,2026-09-10,15:33,dept_chemistry,hostel_b_brahmagiri,3,staff,normal,13.3,pending
req_20260910_0116,2026-09-10,15:54,mess_b4_satpura,dept_physics,2,student,normal,8.8,pending
req_20260910_0122,2026-09-10,15:57,mess_gb,dept_ece,1,student,normal,8.4,pending
req_20260910_0117,2026-09-10,16:00,mess_b7_sahyadri,dept_macs,1,student,normal,13.4,pending
req_20260910_0109,2026-09-10,16:03,dept_ece,hostel_b_block5,1,staff,normal,10.7,pending
req_20260910_0120,2026-09-10,16:04,hostel_b_brahmagiri,hostel_b_block4,1,student,normal,14.7,pending
req_20260910_0118,2026-09-10,16:05,mess_b3_vindhya,dept_eee,1,student,normal,13.6,pending
req_20260910_0114,2026-09-10,16:09,mess_b8_trishul,dept_ece,3,student,normal,12.0,pending
req_20260910_0110,2026-09-10,16:34,dept_mme,hostel_b_mt3,1,student,normal,9.1,pending
req_20260910_0115,2026-09-10,16:34,loc_girls_coop,hostel_b_block3,3,student,normal,12.0,pending
req_20260910_0121,2026-09-10,16:39,mess_pg_new_brahmagiri,dept_cse,1,student,normal,14.3,pending
req_20260910_0123,2026-09-10,16:52,dept_mech,hostel_g_gh4,1,student,high,5.6,pending
req_20260910_0139,2026-09-10,17:04,hostel_b_block2,loc_girls_coop,3,student,normal,13.1,pending
req_20260910_0130,2026-09-10,17:07,hostel_g_gh6,loc_girls_coop,2,staff,normal,10.8,pending
req_20260910_0143,2026-09-10,17:08,dept_mme,loc_e_library,1,student,normal,9.9,pending
req_20260910_0124,2026-09-10,17:39,dept_physics,hostel_b_block6,2,student,normal,9.7,pending
req_20260910_0147,2026-09-10,17:47,dept_mech,loc_e_library,1,student,normal,12.0,pending
req_20260910_0137,2026-09-10,17:48,hostel_b_block6,loc_suprabha_boys,1,student,normal,10.5,pending
req_20260910_0133,2026-09-10,18:04,hostel_b_block5,loc_central_library,2,student,normal,9.6,pending
req_20260910_0141,2026-09-10,18:10,hostel_b_mt3,loc_boys_coop,2,student,normal,11.8,pending
req_20260910_0145,2026-09-10,18:12,hostel_g_gh4,loc_central_library,2,student,normal,11.0,pending
req_20260910_0129,2026-09-10,18:19,mess_gb,loc_central_library,1,staff,normal,13.8,pending
req_20260910_0126,2026-09-10,18:35,hostel_b_mt2,loc_boys_coop,1,student,normal,8.5,pending
req_20260910_0127,2026-09-10,18:41,mess_pg_pushpagiri,dept_mech,1,student,normal,10.5,pending
req_20260910_0142,2026-09-10,19:05,hostel_b_brahmagiri,loc_central_library,4,student,normal,11.6,pending
req_20260910_0135,2026-09-10,19:09,mess_pg_pushpagiri,loc_main_building,1,student,high,7.5,pending
req_20260910_0125,2026-09-10,19:14,dept_eee,loc_central_library,1,student,normal,10.8,pending
req_20260910_0138,2026-09-10,19:15,loc_e_library,hostel_g_gh3,2,student,normal,8.5,pending
req_20260910_0136,2026-09-10,19:25,hostel_g_gh3,loc_suprabha_girls,1,student,high,8.0,pending
req_20260910_0146,2026-09-10,19:27,hostel_b_block6,loc_girls_coop,1,student,normal,13.0,pending
req_20260910_0144,2026-09-10,19:30,hostel_g_gh6,loc_central_library,1,staff,normal,9.5,pending
req_20260910_0134,2026-09-10,19:35,hostel_b_block5,loc_central_library,2,student,normal,11.3,pending
req_20260910_0128,2026-09-10,19:44,hostel_g_gh1,loc_girls_coop,1,student,normal,10.0,pending
req_20260910_0140,2026-09-10,19:45,dept_eee,loc_central_library,1,student,normal,12.6,pending
req_20260910_0131,2026-09-10,19:47,hostel_b_block5,loc_e_library,1,student,normal,10.3,pending
req_20260910_0132,2026-09-10,19:48,hostel_b_brahmagiri,loc_boys_coop,1,faculty,normal,8.8,pending
req_20260910_0159,2026-09-10,20:21,dept_eee,hostel_g_gh5,1,student,normal,10.1,pending
req_20260910_0148,2026-09-10,20:28,loc_central_library,hostel_b_block4,3,student,normal,12.9,pending
req_20260910_0151,2026-09-10,20:50,loc_e_library,hostel_g_gh6,1,student,normal,13.1,pending
req_20260910_0157,2026-09-10,20:57,loc_suprabha_boys,hostel_b_brahmagiri,1,student,normal,8.9,pending
req_20260910_0153,2026-09-10,21:13,dept_wroe,hostel_g_gh2,4,student,normal,8.5,pending
req_20260910_0160,2026-09-10,21:52,loc_e_library,hostel_g_gh5,2,student,high,6.6,pending
req_20260910_0154,2026-09-10,21:59,loc_suprabha_boys,hostel_b_block3,1,student,normal,14.8,pending
req_20260910_0155,2026-09-10,22:03,dept_eee,hostel_b_block8,1,student,normal,10.2,pending
req_20260910_0158,2026-09-10,22:16,loc_central_library,hostel_b_mt2,2,student,normal,10.0,pending
req_20260910_0156,2026-09-10,22:28,loc_suprabha_girls,hostel_b_shivalik,1,student,normal,14.9,pending
req_20260910_0152,2026-09-10,22:33,loc_suprabha_boys,hostel_b_block4,1,staff,normal,9.0,pending
req_20260910_0150,2026-09-10,22:51,loc_boys_coop,hostel_b_brahmagiri,1,student,normal,8.7,pending
req_20260910_0149,2026-09-10,22:52,mess_b5_nilgiri,loc_central_library,1,staff,normal,14.0,pending
req_20260911_0009,2026-09-11,05:10,hostel_b_block1,hostel_b_mt2,2,student,normal,12.8,pending
req_20260911_0008,2026-09-11,05:12,hostel_b_block4,loc_main_gate,1,student,normal,13.5,pending
req_20260911_0006,2026-09-11,05:26,hostel_b_block3,loc_main_gate,1,staff,normal,14.2,pending
req_20260911_0002,2026-09-11,05:33,hostel_b_mt3,loc_lhc_a,1,student,normal,14.2,pending
req_20260911_0001,2026-09-11,05:38,hostel_g_gh5,dept_mech,1,staff,normal,14.3,pending
req_20260911_0004,2026-09-11,05:45,hostel_g_gh2,dept_it,1,student,normal,10.0,pending
req_20260911_0005,2026-09-11,06:14,hostel_g_gh4,dept_mme,3,student,high,4.1,pending
req_20260911_0003,2026-09-11,06:26,hostel_g_gh1,mess_gb,1,student,normal,9.8,pending
req_20260911_0007,2026-09-11,06:41,hostel_b_block1,mess_pg_pushpagiri,1,student,normal,12.6,pending
req_20260911_0025,2026-09-11,07:01,hostel_b_brahmagiri,dept_cse,2,student,normal,11.6,pending
req_20260911_0033,2026-09-11,07:01,hostel_g_gh5,loc_lhc_b,1,student,normal,13.3,pending
req_20260911_0054,2026-09-11,07:16,hostel_b_mt3,dept_cse,1,student,normal,11.2,pending
req_20260911_0042,2026-09-11,07:21,hostel_b_mt2,dept_macs,2,student,normal,10.1,pending
req_20260911_0023,2026-09-11,07:25,hostel_b_mt2,dept_physics,1,student,normal,13.4,pending
req_20260911_0047,2026-09-11,07:38,hostel_b_mt2,loc_lhc_b,1,student,normal,11.5,pending
req_20260911_0037,2026-09-11,07:40,hostel_g_gh2,dept_civil,1,student,normal,12.4,pending
req_20260911_0026,2026-09-11,07:46,hostel_b_block3,dept_it,2,student,normal,13.6,pending
req_20260911_0057,2026-09-11,07:46,hostel_g_gh5,loc_lhc_b,1,student,high,4.1,pending
req_20260911_0013,2026-09-11,07:47,hostel_g_gh5,loc_lhc_b,1,student,normal,10.9,pending
req_20260911_0015,2026-09-11,07:50,hostel_b_block1,loc_e_library,2,faculty,normal,8.4,pending
req_20260911_0028,2026-09-11,07:52,loc_e_library,hostel_b_block4,3,student,normal,11.0,pending
req_20260911_0039,2026-09-11,07:55,mess_b2_aravali,dept_civil,1,student,high,5.1,pending
req_20260911_0044,2026-09-11,07:57,hostel_b_block1,loc_lhc_b,1,student,normal,12.9,pending
req_20260911_0012,2026-09-11,08:00,hostel_g_gh4,loc_lhc_b,2,student,normal,10.7,pending
req_20260911_0032,2026-09-11,08:04,hostel_b_block2,loc_lhc_a,1,student,normal,9.8,pending
req_20260911_0024,2026-09-11,08:13,hostel_g_gh5,loc_lhc_a,1,student,normal,8.3,pending
req_20260911_0049,2026-09-11,08:25,hostel_b_mt2,dept_chemistry,1,student,normal,10.1,pending
req_20260911_0052,2026-09-11,08:30,hostel_b_shivalik,loc_lhc_a,2,student,high,7.6,pending
req_20260911_0040,2026-09-11,08:31,mess_b2_aravali,hostel_b_block4,1,student,normal,14.7,pending
req_20260911_0016,2026-09-11,08:33,hostel_b_brahmagiri,dept_mech,1,student,normal,11.1,pending
req_20260911_0034,2026-09-11,08:35,hostel_b_block3,dept_it,1,student,high,4.4,pending
req_20260911_0011,2026-09-11,08:36,hostel_g_gh6,loc_lhc_b,1,student,high,5.0,pending
req_20260911_0030,2026-09-11,08:41,hostel_g_gh2,loc_lhc_a,1,student,normal,11.2,pending
req_20260911_0021,2026-09-11,08:45,hostel_b_mt2,dept_chem,3,student,normal,13.4,pending
req_20260911_0029,2026-09-11,08:47,hostel_b_block3,loc_lhc_b,1,student,normal,12.6,pending
req_20260911_0055,2026-09-11,08:52,hostel_b_block7,loc_lhc_a,1,student,normal,14.4,pending
req_20260911_0018,2026-09-11,08:53,hostel_b_block7,dept_chem,2,student,normal,10.6,pending
req_20260911_0053,2026-09-11,08:58,hostel_b_mt3,dept_physics,1,staff,normal,14.5,pending
req_20260911_0048,2026-09-11,09:01,hostel_g_gh2,dept_eee,1,student,normal,12.1,pending
req_20260911_0035,2026-09-11,09:10,hostel_g_gh2,loc_lhc_a,1,student,normal,11.6,pending
req_20260911_0043,2026-09-11,09:10,hostel_b_block6,loc_central_library,1,student,normal,13.0,pending
req_20260911_0038,2026-09-11,09:11,hostel_b_block8,loc_lhc_a,1,staff,normal,14.1,pending
req_20260911_0027,2026-09-11,09:14,hostel_b_block4,loc_suprabha_girls,1,student,normal,13.6,pending
req_20260911_0041,2026-09-11,09:19,hostel_b_mt3,loc_lhc_b,1,staff,normal,9.9,pending
req_20260911_0050,2026-09-11,09:22,hostel_b_brahmagiri,dept_wroe,1,student,normal,11.6,pending
req_20260911_0010,2026-09-11,09:27,hostel_b_brahmagiri,loc_lhc_a,1,student,normal,12.8,pending
req_20260911_0046,2026-09-11,09:27,hostel_b_shivalik,dept_chem,2,student,normal,9.0,pending
req_20260911_0056,2026-09-11,09:31,hostel_b_block2,loc_lhc_a,3,student,normal,14.3,pending
req_20260911_0031,2026-09-11,09:34,loc_lhc_b,loc_central_library,2,student,normal,13.5,pending
req_20260911_0051,2026-09-11,09:34,hostel_b_block1,loc_lhc_a,2,staff,normal,12.6,pending
req_20260911_0017,2026-09-11,09:40,hostel_b_block7,loc_lhc_a,1,student,normal,10.1,pending
req_20260911_0022,2026-09-11,09:41,hostel_g_gh3,hostel_b_block1,1,student,normal,13.8,pending
req_20260911_0019,2026-09-11,09:44,hostel_b_shivalik,dept_mining,1,student,normal,11.8,pending
req_20260911_0045,2026-09-11,09:44,hostel_g_gh6,loc_lhc_b,1,student,normal,8.8,pending
req_20260911_0014,2026-09-11,09:47,hostel_b_mt1,loc_lhc_b,1,student,normal,9.3,pending
req_20260911_0036,2026-09-11,09:48,hostel_b_block2,loc_lhc_b,1,staff,normal,13.5,pending
req_20260911_0020,2026-09-11,09:56,hostel_b_block6,loc_lhc_b,1,student,normal,14.4,pending
req_20260911_0074,2026-09-11,10:07,loc_central_library,hostel_b_mt2,1,student,normal,9.0,pending
req_20260911_0067,2026-09-11,10:13,dept_eee,loc_suprabha_girls,1,student,normal,13.8,pending
req_20260911_0069,2026-09-11,10:18,dept_chem,dept_cse,1,student,normal,13.7,pending
req_20260911_0070,2026-09-11,10:21,dept_mme,dept_ece,1,student,normal,14.5,pending
req_20260911_0071,2026-09-11,10:23,dept_mech,dept_chem,2,staff,normal,12.9,pending
req_20260911_0062,2026-09-11,10:34,dept_eee,loc_e_library,4,student,normal,11.5,pending
req_20260911_0072,2026-09-11,10:51,loc_e_library,loc_central_library,1,student,high,6.8,pending
req_20260911_0063,2026-09-11,11:02,dept_cse,dept_ece,1,student,normal,10.7,pending
req_20260911_0061,2026-09-11,11:07,dept_chem,loc_e_library,1,student,normal,9.3,pending
req_20260911_0064,2026-09-11,11:13,mess_pg_new_brahmagiri,hostel_b_block8,1,student,normal,11.6,pending
req_20260911_0059,2026-09-11,11:20,dept_physics,dept_mech,1,student,normal,14.7,pending
req_20260911_0068,2026-09-11,11:22,dept_physics,dept_mining,1,student,normal,12.1,pending
req_20260911_0060,2026-09-11,11:30,dept_physics,hostel_g_gh6,1,student,normal,14.6,pending
req_20260911_0058,2026-09-11,11:38,dept_cse,hostel_b_block3,1,student,normal,9.1,pending
req_20260911_0065,2026-09-11,11:47,dept_mining,dept_ece,1,student,normal,8.1,pending
req_20260911_0073,2026-09-11,11:48,dept_mech,dept_civil,1,student,normal,10.0,pending
req_20260911_0066,2026-09-11,11:50,dept_civil,dept_eee,1,student,normal,11.8,pending
req_20260911_0106,2026-09-11,12:15,dept_mining,mess_mega,1,student,normal,13.6,pending
req_20260911_0113,2026-09-11,12:21,dept_wroe,mess_b7_sahyadri,1,student,normal,8.6,pending
req_20260911_0111,2026-09-11,12:27,dept_ece,mess_b7_sahyadri,1,student,high,5.1,pending
req_20260911_0092,2026-09-11,12:31,loc_central_library,mess_b7_sahyadri,1,student,high,7.5,pending
req_20260911_0108,2026-09-11,12:31,loc_lhc_b,mess_b5_nilgiri,1,student,normal,14.2,pending
req_20260911_0086,2026-09-11,12:44,hostel_b_brahmagiri,mess_mega,2,student,normal,14.1,pending
req_20260911_0088,2026-09-11,12:44,dept_hssm,mess_pg_new_brahmagiri,1,staff,normal,10.4,pending
req_20260911_0100,2026-09-11,12:44,loc_lhc_b,mess_pg_pushpagiri,4,staff,normal,9.6,pending
req_20260911_0095,2026-09-11,12:47,mess_b1_karavali,mess_b8_trishul,1,student,normal,14.1,pending
req_20260911_0087,2026-09-11,12:58,loc_lhc_a,mess_mega,4,student,normal,14.1,pending
req_20260911_0093,2026-09-11,13:00,loc_central_library,mess_b4_satpura,2,student,normal,12.8,pending
req_20260911_0084,2026-09-11,13:02,loc_lhc_a,mess_mega,1,student,normal,14.9,pending
req_20260911_0098,2026-09-11,13:04,loc_central_library,mess_mega,1,student,normal,14.1,pending
req_20260911_0077,2026-09-11,13:09,dept_physics,mess_b8_trishul,1,student,normal,10.8,pending
req_20260911_0116,2026-09-11,13:09,dept_mining,mess_gb,2,student,high,4.5,pending
req_20260911_0091,2026-09-11,13:11,loc_lhc_b,mess_mega,2,student,normal,10.3,pending
req_20260911_0075,2026-09-11,13:13,mess_pg_new_brahmagiri,hostel_b_block7,1,student,normal,12.7,pending
req_20260911_0107,2026-09-11,13:26,loc_lhc_b,mess_b4_satpura,3,student,normal,9.3,pending
req_20260911_0081,2026-09-11,13:29,dept_macs,mess_b7_sahyadri,2,student,normal,13.8,pending
req_20260911_0094,2026-09-11,13:33,mess_pg_pushpagiri,loc_lhc_b,1,student,high,7.3,pending
req_20260911_0076,2026-09-11,13:34,dept_cse,mess_gb,1,student,normal,10.9,pending
req_20260911_0096,2026-09-11,13:35,dept_ece,mess_b7_sahyadri,1,student,normal,10.9,pending
req_20260911_0101,2026-09-11,13:43,dept_chemistry,mess_b4_satpura,2,student,normal,12.8,pending
req_20260911_0080,2026-09-11,13:44,dept_physics,mess_b7_sahyadri,1,student,normal,8.6,pending
req_20260911_0102,2026-09-11,13:51,dept_mech,mess_b4_satpura,1,faculty,normal,10.4,pending
req_20260911_0085,2026-09-11,13:53,loc_lhc_b,mess_b8_trishul,1,student,normal,10.8,pending
req_20260911_0083,2026-09-11,13:54,loc_lhc_b,mess_pg_new_brahmagiri,2,student,normal,12.3,pending
req_20260911_0078,2026-09-11,13:56,dept_mech,mess_pg_new_brahmagiri,2,student,normal,8.6,pending
req_20260911_0104,2026-09-11,13:56,loc_lhc_b,mess_b2_aravali,1,staff,normal,13.2,pending
req_20260911_0079,2026-09-11,14:01,loc_lhc_b,mess_pg_new_brahmagiri,1,student,normal,10.1,pending
req_20260911_0115,2026-09-11,14:02,loc_lhc_b,mess_pg_new_brahmagiri,1,student,normal,14.9,pending
req_20260911_0105,2026-09-11,14:06,loc_girls_coop,mess_b1_karavali,1,student,high,7.0,pending
req_20260911_0110,2026-09-11,14:07,dept_mining,mess_b5_nilgiri,1,student,normal,14.5,pending
req_20260911_0097,2026-09-11,14:12,loc_lhc_b,mess_b8_trishul,1,faculty,normal,13.3,pending
req_20260911_0103,2026-09-11,14:16,dept_mech,mess_b4_satpura,1,student,normal,11.7,pending
req_20260911_0112,2026-09-11,14:17,loc_lhc_b,mess_b1_karavali,1,student,normal,13.6,pending
req_20260911_0099,2026-09-11,14:18,dept_cse,mess_b7_sahyadri,1,student,normal,11.0,pending
req_20260911_0114,2026-09-11,14:19,loc_lhc_a,mess_b7_sahyadri,1,student,normal,11.0,pending
req_20260911_0089,2026-09-11,14:21,loc_central_library,mess_pg_new_brahmagiri,1,student,normal,12.3,pending
req_20260911_0109,2026-09-11,14:25,dept_chem,mess_b4_satpura,2,student,normal,13.3,pending
req_20260911_0082,2026-09-11,14:26,dept_wroe,mess_b8_trishul,1,staff,normal,9.9,pending
req_20260911_0090,2026-09-11,14:27,loc_lhc_b,mess_gb,2,student,normal,8.9,pending
req_20260911_0127,2026-09-11,14:31,mess_gb,dept_cse,1,student,normal,9.8,pending
req_20260911_0126,2026-09-11,14:36,mess_b4_satpura,dept_hssm,1,student,normal,12.7,pending
req_20260911_0118,2026-09-11,14:59,dept_mech,loc_e_library,2,student,high,5.2,pending
req_20260911_0123,2026-09-11,15:05,mess_b2_aravali,loc_lhc_a,2,faculty,normal,13.4,pending
req_20260911_0124,2026-09-11,15:26,mess_b7_sahyadri,dept_physics,1,student,high,7.4,pending
req_20260911_0120,2026-09-11,15:43,dept_it,hostel_g_gh5,2,student,normal,11.4,pending
req_20260911_0119,2026-09-11,15:45,dept_chemistry,loc_central_library,3,student,high,5.5,pending
req_20260911_0128,2026-09-11,15:49,dept_hssm,hostel_b_block6,1,student,normal,11.6,pending
req_20260911_0129,2026-09-11,15:49,dept_hssm,hostel_g_gh4,1,student,normal,8.0,pending
req_20260911_0132,2026-09-11,15:52,dept_it,loc_central_library,1,student,normal,10.6,pending
req_20260911_0122,2026-09-11,15:53,dept_civil,loc_e_library,1,student,normal,11.6,pending
req_20260911_0130,2026-09-11,16:18,mess_b8_trishul,dept_wroe,1,student,normal,12.4,pending
req_20260911_0125,2026-09-11,16:23,mess_b7_sahyadri,dept_it,1,staff,normal,14.6,pending
req_20260911_0133,2026-09-11,16:37,mess_b2_aravali,hostel_b_block8,1,student,normal,11.2,pending
req_20260911_0131,2026-09-11,16:47,dept_eee,hostel_b_mt3,3,student,normal,10.8,pending
req_20260911_0121,2026-09-11,16:51,mess_b2_aravali,dept_hssm,2,student,normal,13.1,pending
req_20260911_0117,2026-09-11,16:53,hostel_g_gh3,loc_girls_coop,1,student,normal,14.6,pending
req_20260911_0149,2026-09-11,17:02,dept_physics,loc_e_library,3,student,normal,8.0,pending
req_20260911_0134,2026-09-11,17:08,dept_it,loc_central_library,1,staff,high,6.1,pending
req_20260911_0144,2026-09-11,17:16,dept_mme,loc_e_library,1,staff,high,6.3,pending
req_20260911_0147,2026-09-11,17:21,hostel_b_block5,loc_central_library,1,student,normal,11.4,pending
req_20260911_0146,2026-09-11,17:26,hostel_b_mt1,loc_boys_coop,2,student,normal,8.8,pending
req_20260911_0145,2026-09-11,17:30,hostel_g_gh6,loc_central_library,1,student,normal,9.1,pending
req_20260911_0137,2026-09-11,17:37,hostel_g_gh5,loc_boys_coop,1,student,normal,12.5,pending
req_20260911_0155,2026-09-11,17:50,hostel_g_gh2,loc_e_library,1,student,normal,8.4,pending
req_20260911_0158,2026-09-11,18:09,hostel_b_brahmagiri,loc_suprabha_girls,1,student,normal,11.8,pending
req_20260911_0154,2026-09-11,18:10,dept_chem,loc_e_library,4,student,normal,10.1,pending
req_20260911_0141,2026-09-11,18:14,hostel_b_brahmagiri,loc_suprabha_boys,4,student,normal,10.8,pending
req_20260911_0148,2026-09-11,18:16,hostel_b_brahmagiri,loc_e_library,1,student,normal,11.0,pending
req_20260911_0150,2026-09-11,18:26,hostel_b_brahmagiri,loc_e_library,1,student,normal,9.8,pending
req_20260911_0143,2026-09-11,18:36,dept_cse,loc_central_library,1,student,normal,11.2,pending
req_20260911_0151,2026-09-11,18:42,hostel_b_mt1,loc_e_library,2,staff,normal,9.9,pending
req_20260911_0142,2026-09-11,18:43,hostel_g_gh4,loc_central_library,2,faculty,normal,14.9,pending
req_20260911_0152,2026-09-11,18:43,hostel_b_block8,loc_boys_coop,1,student,normal,9.3,pending
req_20260911_0139,2026-09-11,18:57,hostel_g_gh2,loc_boys_coop,1,student,normal,8.9,pending
req_20260911_0135,2026-09-11,19:22,hostel_b_block3,loc_suprabha_boys,1,faculty,high,5.1,pending
req_20260911_0138,2026-09-11,19:24,hostel_b_block3,loc_e_library,1,student,high,5.9,pending
req_20260911_0156,2026-09-11,19:30,hostel_b_block5,loc_boys_coop,1,student,normal,13.9,pending
req_20260911_0140,2026-09-11,19:41,hostel_b_block1,loc_central_library,1,faculty,normal,8.7,pending
req_20260911_0153,2026-09-11,19:46,hostel_b_brahmagiri,loc_girls_coop,2,student,normal,14.0,pending
req_20260911_0157,2026-09-11,19:47,hostel_b_brahmagiri,loc_suprabha_girls,1,student,normal,11.7,pending
req_20260911_0159,2026-09-11,19:54,hostel_g_gh6,mess_b2_aravali,1,student,high,5.1,pending
req_20260911_0136,2026-09-11,19:57,dept_wroe,loc_e_library,1,student,normal,14.3,pending
req_20260911_0173,2026-09-11,20:11,dept_eee,hostel_g_gh5,1,student,normal,10.6,pending
req_20260911_0161,2026-09-11,20:19,loc_suprabha_girls,hostel_b_mt3,2,student,normal,11.3,pending
req_20260911_0165,2026-09-11,20:28,loc_boys_coop,hostel_b_block1,1,student,normal,9.8,pending
req_20260911_0170,2026-09-11,21:09,loc_suprabha_girls,hostel_g_gh2,3,student,normal,8.4,pending
req_20260911_0160,2026-09-11,21:10,loc_suprabha_boys,hostel_b_mt1,1,student,high,4.3,pending
req_20260911_0166,2026-09-11,21:14,dept_ece,hostel_g_gh4,2,student,normal,8.8,pending
req_20260911_0164,2026-09-11,21:29,loc_boys_coop,hostel_b_block1,4,student,normal,13.3,pending
req_20260911_0172,2026-09-11,21:38,loc_e_library,hostel_b_block4,2,student,normal,9.4,pending
req_20260911_0162,2026-09-11,21:50,dept_cse,hostel_b_mt1,1,student,normal,11.9,pending
req_20260911_0167,2026-09-11,22:20,loc_boys_coop,hostel_b_block7,1,student,normal,12.5,pending
req_20260911_0171,2026-09-11,22:25,loc_central_library,hostel_b_mt1,2,student,normal,14.6,pending
req_20260911_0163,2026-09-11,22:26,dept_mme,hostel_g_gh5,1,student,normal,8.0,pending
req_20260911_0168,2026-09-11,22:55,loc_suprabha_girls,hostel_b_mt3,3,student,normal,10.2,pending
req_20260911_0169,2026-09-11,22:57,hostel_b_mt3,loc_central_library,2,student,normal,13.0,pending
req_20260912_0007,2026-09-12,05:00,hostel_b_block5,loc_main_gate,1,student,normal,14.8,pending
req_20260912_0008,2026-09-12,05:04,hostel_b_block4,dept_cse,1,student,normal,10.9,pending
req_20260912_0001,2026-09-12,05:05,hostel_g_gh1,loc_main_gate,1,student,normal,10.7,pending
req_20260912_0006,2026-09-12,05:09,hostel_b_mt3,dept_chem,4,student,normal,11.4,pending
req_20260912_0004,2026-09-12,05:47,hostel_b_mt3,mess_mega,1,student,normal,14.0,pending
req_20260912_0002,2026-09-12,06:01,hostel_b_block6,dept_macs,1,student,normal,13.8,pending
req_20260912_0003,2026-09-12,06:26,hostel_b_block4,dept_ece,4,staff,high,5.4,pending
req_20260912_0005,2026-09-12,06:38,hostel_g_gh3,dept_chemistry,1,faculty,normal,10.2,pending
req_20260912_0037,2026-09-12,07:06,hostel_b_block4,loc_lhc_b,1,student,normal,9.5,pending
req_20260912_0022,2026-09-12,07:11,hostel_b_block1,dept_cse,2,staff,normal,8.6,pending
req_20260912_0035,2026-09-12,07:18,hostel_b_block1,dept_mme,1,student,normal,13.4,pending
req_20260912_0016,2026-09-12,07:19,hostel_g_gh4,loc_e_library,1,student,normal,13.4,pending
req_20260912_0023,2026-09-12,07:22,hostel_g_gh6,loc_lhc_b,1,student,normal,9.7,pending
req_20260912_0013,2026-09-12,07:24,hostel_b_block5,loc_lhc_b,1,student,normal,9.9,pending
req_20260912_0053,2026-09-12,07:29,hostel_g_gh1,dept_cse,2,student,normal,9.5,pending
req_20260912_0030,2026-09-12,07:30,hostel_b_block8,loc_lhc_b,1,student,normal,11.1,pending
req_20260912_0040,2026-09-12,07:30,hostel_g_gh1,dept_mme,1,student,normal,11.8,pending
req_20260912_0033,2026-09-12,07:33,hostel_b_block3,loc_lhc_a,2,student,normal,12.5,pending
req_20260912_0049,2026-09-12,07:38,mess_gb,dept_ece,2,student,normal,10.4,pending
req_20260912_0010,2026-09-12,07:39,hostel_b_brahmagiri,loc_lhc_a,2,student,normal,13.6,pending
req_20260912_0029,2026-09-12,07:39,hostel_b_shivalik,dept_cse,1,student,normal,8.7,pending
req_20260912_0044,2026-09-12,07:50,hostel_b_block2,dept_it,1,student,normal,8.2,pending
req_20260912_0015,2026-09-12,07:56,hostel_b_block4,loc_e_library,1,student,normal,9.9,pending
req_20260912_0051,2026-09-12,07:56,hostel_b_block2,dept_chem,3,staff,normal,12.3,pending
req_20260912_0032,2026-09-12,08:00,hostel_b_block6,dept_it,1,student,normal,10.0,pending
req_20260912_0020,2026-09-12,08:01,hostel_b_shivalik,dept_chemistry,1,student,high,6.5,pending
req_20260912_0048,2026-09-12,08:13,hostel_g_gh4,loc_lhc_a,1,staff,normal,11.1,pending
req_20260912_0047,2026-09-12,08:14,hostel_g_gh5,loc_lhc_a,2,student,normal,8.2,pending
req_20260912_0028,2026-09-12,08:23,dept_cse,hostel_b_block5,1,staff,normal,10.6,pending
req_20260912_0025,2026-09-12,08:26,hostel_b_block6,loc_central_library,1,student,normal,14.5,pending
req_20260912_0017,2026-09-12,08:28,hostel_g_gh4,dept_hssm,1,student,normal,13.5,pending
req_20260912_0011,2026-09-12,08:31,hostel_b_block5,dept_it,1,student,normal,14.2,pending
req_20260912_0046,2026-09-12,08:32,hostel_g_gh6,dept_macs,2,staff,normal,9.6,pending
req_20260912_0050,2026-09-12,08:34,hostel_b_block2,dept_mech,1,student,normal,11.2,pending
req_20260912_0041,2026-09-12,08:36,hostel_g_gh1,loc_lhc_b,3,student,normal,9.2,pending
req_20260912_0027,2026-09-12,08:52,hostel_b_block4,dept_mining,1,student,normal,10.0,pending
req_20260912_0031,2026-09-12,08:53,hostel_b_mt1,dept_mech,1,student,normal,13.0,pending
req_20260912_0018,2026-09-12,08:55,hostel_g_gh5,loc_lhc_a,3,student,normal,9.7,pending
req_20260912_0024,2026-09-12,08:57,hostel_g_gh1,loc_lhc_a,1,student,normal,12.9,pending
req_20260912_0026,2026-09-12,08:59,hostel_b_mt1,loc_lhc_b,1,student,high,4.3,pending
req_20260912_0054,2026-09-12,09:04,hostel_g_gh2,dept_civil,2,staff,normal,8.3,pending
req_20260912_0021,2026-09-12,09:12,hostel_b_mt3,loc_lhc_b,1,student,normal,11.1,pending
req_20260912_0042,2026-09-12,09:12,hostel_g_gh5,loc_lhc_b,1,student,normal,10.2,pending
req_20260912_0038,2026-09-12,09:14,hostel_b_block1,loc_lhc_a,2,student,normal,9.3,pending
req_20260912_0055,2026-09-12,09:22,hostel_b_mt1,loc_lhc_a,2,staff,normal,8.5,pending
req_20260912_0036,2026-09-12,09:35,hostel_b_block7,dept_chem,1,student,normal,11.5,pending
req_20260912_0012,2026-09-12,09:40,hostel_g_gh1,dept_wroe,3,staff,normal,8.9,pending
req_20260912_0034,2026-09-12,09:45,hostel_g_gh3,dept_wroe,1,student,normal,9.6,pending
req_20260912_0043,2026-09-12,09:47,hostel_g_gh4,dept_eee,1,student,high,5.2,pending
req_20260912_0039,2026-09-12,09:50,hostel_b_mt3,dept_chem,1,faculty,normal,10.7,pending
req_20260912_0009,2026-09-12,09:51,hostel_b_block7,loc_lhc_b,1,student,normal,13.8,pending
req_20260912_0045,2026-09-12,09:53,hostel_g_gh1,loc_lhc_b,2,student,normal,12.7,pending
req_20260912_0019,2026-09-12,09:54,hostel_g_gh2,loc_lhc_a,3,student,normal,10.8,pending
req_20260912_0014,2026-09-12,09:55,hostel_b_block2,dept_wroe,1,student,normal,11.0,pending
req_20260912_0052,2026-09-12,09:59,hostel_b_mt3,dept_mech,1,student,high,4.1,pending
req_20260912_0065,2026-09-12,10:04,dept_mech,loc_central_library,1,student,normal,14.4,pending
req_20260912_0061,2026-09-12,10:07,loc_lhc_a,hostel_b_block8,2,student,normal,10.9,pending
req_20260912_0060,2026-09-12,10:13,dept_chemistry,loc_e_library,2,student,normal,13.0,pending
req_20260912_0069,2026-09-12,10:16,dept_it,loc_e_library,2,student,normal,10.5,pending
req_20260912_0064,2026-09-12,10:40,dept_cse,loc_e_library,1,student,normal,9.2,pending
req_20260912_0056,2026-09-12,10:46,dept_eee,dept_macs,2,student,normal,11.4,pending
req_20260912_0072,2026-09-12,10:49,dept_it,loc_central_library,2,student,normal,10.9,pending
req_20260912_0059,2026-09-12,10:58,dept_eee,hostel_b_block8,3,staff,normal,12.7,pending
req_20260912_0063,2026-09-12,11:00,dept_civil,hostel_g_gh4,1,faculty,normal,10.8,pending
req_20260912_0068,2026-09-12,11:04,dept_chemistry,dept_chem,1,student,normal,11.7,pending
req_20260912_0058,2026-09-12,11:15,dept_chem,dept_chemistry,1,student,normal,12.4,pending
req_20260912_0067,2026-09-12,11:30,loc_lhc_a,hostel_b_block8,2,student,normal,9.0,pending
req_20260912_0057,2026-09-12,11:33,dept_hssm,dept_mech,1,student,normal,10.7,pending
req_20260912_0070,2026-09-12,11:35,dept_chem,loc_e_library,1,student,normal,13.4,pending
req_20260912_0062,2026-09-12,11:50,dept_mech,dept_chem,1,student,normal,13.2,pending
req_20260912_0066,2026-09-12,11:54,dept_mme,dept_civil,1,student,high,4.5,pending
req_20260912_0071,2026-09-12,11:58,loc_lhc_a,dept_mech,3,student,normal,13.1,pending
req_20260912_0100,2026-09-12,12:00,dept_cse,mess_mega,1,staff,normal,8.0,pending
req_20260912_0092,2026-09-12,12:02,dept_mining,mess_pg_new_brahmagiri,2,student,normal,15.0,pending
req_20260912_0086,2026-09-12,12:03,loc_central_library,mess_b8_trishul,1,student,high,5.7,pending
req_20260912_0073,2026-09-12,12:04,loc_lhc_a,mess_mega,1,student,normal,8.5,pending
req_20260912_0090,2026-09-12,12:06,loc_lhc_b,mess_b4_satpura,1,student,normal,10.7,pending
req_20260912_0085,2026-09-12,12:08,loc_lhc_a,mess_pg_pushpagiri,1,student,normal,13.2,pending
req_20260912_0091,2026-09-12,12:09,loc_lhc_a,mess_b8_trishul,1,student,normal,9.4,pending
req_20260912_0078,2026-09-12,12:11,loc_e_library,mess_mega,1,student,high,7.9,pending
req_20260912_0087,2026-09-12,12:16,dept_it,mess_pg_pushpagiri,1,student,normal,8.1,pending
req_20260912_0104,2026-09-12,12:17,loc_lhc_b,mess_b2_aravali,1,student,normal,12.6,pending
req_20260912_0081,2026-09-12,12:18,dept_wroe,mess_b8_trishul,1,student,normal,14.2,pending
req_20260912_0082,2026-09-12,12:19,dept_mining,mess_b3_vindhya,1,student,normal,9.5,pending
req_20260912_0074,2026-09-12,12:32,dept_physics,mess_b1_karavali,1,student,normal,14.2,pending
req_20260912_0097,2026-09-12,12:39,loc_lhc_a,mess_b4_satpura,3,student,normal,10.1,pending
req_20260912_0096,2026-09-12,12:40,dept_mme,mess_mega,1,student,normal,13.9,pending
req_20260912_0109,2026-09-12,12:48,dept_chem,mess_mega,1,student,normal,11.3,pending
req_20260912_0089,2026-09-12,12:55,dept_hssm,mess_b2_aravali,2,student,normal,13.4,pending
req_20260912_0111,2026-09-12,12:59,loc_lhc_b,mess_gb,4,student,normal,8.7,pending
req_20260912_0084,2026-09-12,13:01,dept_eee,mess_b1_karavali,1,student,normal,9.1,pending
req_20260912_0088,2026-09-12,13:05,dept_mme,mess_b3_vindhya,1,student,normal,9.2,pending
req_20260912_0101,2026-09-12,13:06,mess_b7_sahyadri,mess_gb,1,student,high,7.7,pending
req_20260912_0098,2026-09-12,13:17,dept_macs,mess_pg_pushpagiri,1,staff,normal,11.6,pending
req_20260912_0103,2026-09-12,13:17,loc_lhc_b,mess_mega,1,student,normal,11.9,pending
req_20260912_0105,2026-09-12,13:31,mess_b3_vindhya,mess_pg_pushpagiri,1,student,normal,14.5,pending
req_20260912_0093,2026-09-12,13:32,dept_hssm,mess_pg_new_brahmagiri,1,student,normal,11.7,pending
req_20260912_0095,2026-09-12,13:34,dept_macs,mess_b1_karavali,3,student,normal,9.0,pending
req_20260912_0083,2026-09-12,13:35,loc_lhc_a,mess_b7_sahyadri,1,student,normal,10.9,pending
req_20260912_0106,2026-09-12,13:40,dept_mme,mess_b5_nilgiri,1,student,normal,12.5,pending
req_20260912_0077,2026-09-12,13:44,loc_lhc_b,mess_b8_trishul,1,student,normal,8.2,pending
req_20260912_0112,2026-09-12,13:45,loc_lhc_a,mess_gb,1,student,normal,13.6,pending
req_20260912_0108,2026-09-12,13:49,loc_central_library,mess_pg_pushpagiri,3,student,normal,9.3,pending
req_20260912_0094,2026-09-12,13:56,loc_central_library,mess_b3_vindhya,4,student,normal,12.8,pending
req_20260912_0099,2026-09-12,13:59,loc_lhc_b,mess_b1_karavali,1,student,normal,12.2,pending
req_20260912_0079,2026-09-12,14:01,loc_lhc_a,mess_pg_pushpagiri,3,student,normal,14.3,pending
req_20260912_0107,2026-09-12,14:01,loc_lhc_a,mess_pg_pushpagiri,1,staff,normal,13.1,pending
req_20260912_0076,2026-09-12,14:03,dept_chem,mess_pg_new_brahmagiri,1,student,normal,14.4,pending
req_20260912_0080,2026-09-12,14:03,loc_lhc_a,mess_b5_nilgiri,1,student,normal,10.3,pending
req_20260912_0110,2026-09-12,14:06,dept_eee,mess_mega,1,faculty,normal,14.5,pending
req_20260912_0102,2026-09-12,14:17,loc_lhc_a,mess_pg_new_brahmagiri,1,student,normal,10.0,pending
req_20260912_0075,2026-09-12,14:28,dept_mech,mess_b8_trishul,1,student,normal,12.6,pending
req_20260912_0113,2026-09-12,14:54,dept_wroe,hostel_b_block4,4,student,normal,11.8,pending
req_20260912_0116,2026-09-12,15:14,mess_b8_trishul,dept_mining,1,student,normal,12.3,pending
req_20260912_0127,2026-09-12,15:15,dept_cse,loc_suprabha_boys,1,faculty,normal,10.9,pending
req_20260912_0124,2026-09-12,15:16,loc_lhc_a,dept_macs,1,student,normal,14.5,pending
req_20260912_0120,2026-09-12,15:33,dept_eee,loc_central_library,1,student,normal,8.3,pending
req_20260912_0115,2026-09-12,15:38,mess_b4_satpura,dept_civil,1,student,normal,12.1,pending
req_20260912_0123,2026-09-12,15:47,dept_it,loc_e_library,1,student,normal,13.0,pending
req_20260912_0129,2026-09-12,15:54,dept_ece,loc_e_library,2,student,normal,10.5,pending
req_20260912_0125,2026-09-12,15:55,mess_mega,dept_civil,1,staff,normal,12.2,pending
req_20260912_0114,2026-09-12,16:10,dept_hssm,hostel_b_block7,1,student,normal,9.2,pending
req_20260912_0118,2026-09-12,16:13,hostel_b_shivalik,dept_cse,1,student,normal,12.2,pending
req_20260912_0121,2026-09-12,16:18,mess_pg_pushpagiri,dept_cse,2,student,normal,11.2,pending
req_20260912_0122,2026-09-12,16:19,dept_ece,hostel_g_gh2,1,student,normal,9.5,pending
req_20260912_0128,2026-09-12,16:28,mess_pg_new_brahmagiri,dept_mme,1,student,normal,10.1,pending
req_20260912_0126,2026-09-12,16:33,dept_mech,hostel_g_gh1,1,student,normal,11.5,pending
req_20260912_0119,2026-09-12,16:38,mess_b2_aravali,dept_civil,1,student,high,6.0,pending
req_20260912_0117,2026-09-12,16:50,dept_mining,loc_central_library,1,student,normal,9.2,pending
req_20260912_0141,2026-09-12,17:02,hostel_b_mt3,loc_e_library,1,student,normal,10.3,pending
req_20260912_0139,2026-09-12,17:06,hostel_b_block2,loc_suprabha_girls,2,student,normal,13.5,pending
req_20260912_0149,2026-09-12,17:16,hostel_b_mt3,mess_b1_karavali,1,student,normal,13.1,pending
req_20260912_0147,2026-09-12,17:23,hostel_g_gh1,loc_suprabha_girls,1,faculty,normal,14.3,pending
req_20260912_0140,2026-09-12,17:37,dept_ece,loc_e_library,3,student,normal,11.1,pending
req_20260912_0138,2026-09-12,17:51,mess_pg_pushpagiri,loc_lhc_b,1,faculty,normal,9.2,pending
req_20260912_0153,2026-09-12,17:53,dept_macs,loc_e_library,1,student,normal,8.5,pending
req_20260912_0134,2026-09-12,17:57,hostel_b_brahmagiri,loc_lhc_b,2,student,normal,13.8,pending
req_20260912_0133,2026-09-12,18:07,hostel_g_gh2,loc_central_library,3,student,normal,14.1,pending
req_20260912_0131,2026-09-12,18:11,dept_it,loc_e_library,1,student,normal,8.1,pending
req_20260912_0152,2026-09-12,18:11,hostel_b_mt2,loc_suprabha_girls,1,student,high,6.1,pending
req_20260912_0132,2026-09-12,18:24,hostel_b_block1,loc_e_library,2,student,normal,11.7,pending
req_20260912_0136,2026-09-12,18:25,hostel_b_block6,loc_girls_coop,1,student,normal,14.0,pending
req_20260912_0142,2026-09-12,18:35,hostel_g_gh5,loc_suprabha_boys,1,student,high,6.0,pending
req_20260912_0146,2026-09-12,18:39,hostel_b_block1,loc_suprabha_girls,2,student,normal,10.8,pending
req_20260912_0135,2026-09-12,18:54,hostel_b_block8,loc_suprabha_girls,1,student,normal,10.5,pending
req_20260912_0130,2026-09-12,18:57,hostel_g_gh1,loc_central_library,1,faculty,normal,8.6,pending
req_20260912_0151,2026-09-12,19:00,dept_hssm,loc_central_library,1,student,normal,12.6,pending
req_20260912_0137,2026-09-12,19:07,dept_civil,mess_b1_karavali,1,staff,normal,10.0,pending
req_20260912_0148,2026-09-12,19:20,dept_mech,loc_central_library,1,student,normal,10.9,pending
req_20260912_0143,2026-09-12,19:25,hostel_b_block1,loc_central_library,1,student,normal,12.3,pending
req_20260912_0154,2026-09-12,19:36,hostel_g_gh6,loc_suprabha_boys,1,student,normal,8.5,pending
req_20260912_0145,2026-09-12,19:44,hostel_b_block3,loc_suprabha_girls,1,student,normal,13.0,pending
req_20260912_0144,2026-09-12,19:55,hostel_g_gh3,hostel_g_gh6,1,staff,normal,9.1,pending
req_20260912_0150,2026-09-12,19:59,mess_pg_new_brahmagiri,dept_chem,1,student,normal,8.2,pending
req_20260912_0159,2026-09-12,20:14,loc_suprabha_boys,hostel_g_gh1,1,student,normal,14.0,pending
req_20260912_0162,2026-09-12,20:19,dept_mech,hostel_b_block1,1,faculty,normal,12.0,pending
req_20260912_0158,2026-09-12,20:48,loc_boys_coop,hostel_b_mt2,2,student,normal,10.5,pending
req_20260912_0164,2026-09-12,21:05,loc_girls_coop,hostel_b_mt2,1,student,normal,14.7,pending
req_20260912_0161,2026-09-12,21:18,dept_eee,hostel_b_block7,1,student,normal,12.6,pending
req_20260912_0167,2026-09-12,21:24,dept_physics,hostel_g_gh2,1,student,normal,13.3,pending
req_20260912_0157,2026-09-12,21:25,dept_ece,hostel_b_mt2,1,staff,normal,10.3,pending
req_20260912_0160,2026-09-12,21:34,loc_suprabha_girls,hostel_b_block1,2,student,normal,8.8,pending
req_20260912_0166,2026-09-12,22:14,loc_e_library,hostel_b_mt2,1,student,normal,11.7,pending
req_20260912_0155,2026-09-12,22:19,dept_chem,hostel_b_block6,1,student,normal,9.5,pending
req_20260912_0156,2026-09-12,22:25,dept_cse,hostel_b_shivalik,1,student,normal,8.2,pending
req_20260912_0163,2026-09-12,22:48,loc_central_library,hostel_b_block1,1,student,normal,9.3,pending
req_20260912_0165,2026-09-12,22:53,loc_girls_coop,hostel_b_block2,1,student,normal,10.7,pending
req_20260913_0004,2026-09-13,05:33,hostel_b_block6,mess_b3_vindhya,1,student,normal,12.5,pending
req_20260913_0003,2026-09-13,05:51,hostel_b_block1,dept_cse,3,staff,normal,13.6,pending
req_20260913_0002,2026-09-13,05:52,hostel_g_gh3,loc_main_gate,1,student,normal,14.0,pending
req_20260913_0001,2026-09-13,06:10,dept_mining,hostel_b_block8,1,staff,normal,14.0,pending
req_20260913_0005,2026-09-13,06:14,dept_cse,dept_eee,3,student,normal,9.1,pending
req_20260913_0006,2026-09-13,06:37,hostel_b_brahmagiri,loc_main_gate,1,student,normal,14.1,pending
req_20260913_0008,2026-09-13,06:41,dept_wroe,hostel_b_mt1,1,faculty,normal,12.1,pending
req_20260913_0007,2026-09-13,06:46,hostel_b_mt2,dept_chemistry,2,student,normal,12.1,pending
req_20260913_0009,2026-09-13,06:52,hostel_b_mt1,mess_pg_pushpagiri,2,student,normal,11.4,pending
req_20260913_0023,2026-09-13,07:05,hostel_b_block6,loc_e_library,1,student,normal,9.3,pending
req_20260913_0038,2026-09-13,07:06,hostel_g_gh2,loc_suprabha_girls,1,student,normal,13.3,pending
req_20260913_0053,2026-09-13,07:13,hostel_b_block7,loc_lhc_a,1,student,normal,8.8,pending
req_20260913_0059,2026-09-13,07:15,dept_civil,loc_lhc_b,3,student,high,6.9,pending
req_20260913_0014,2026-09-13,07:16,hostel_g_gh3,dept_it,1,staff,normal,13.1,pending
req_20260913_0035,2026-09-13,07:17,hostel_g_gh1,loc_central_library,2,student,normal,9.6,pending
req_20260913_0047,2026-09-13,07:21,hostel_b_block2,loc_e_library,1,student,normal,12.4,pending
req_20260913_0024,2026-09-13,07:23,hostel_b_block1,loc_e_library,1,student,normal,10.7,pending
req_20260913_0058,2026-09-13,07:32,hostel_b_brahmagiri,loc_lhc_b,1,student,normal,13.2,pending
req_20260913_0055,2026-09-13,07:33,hostel_g_gh5,dept_wroe,3,staff,normal,9.0,pending
req_20260913_0036,2026-09-13,07:34,dept_cse,mess_gb,2,student,normal,10.0,pending
req_20260913_0054,2026-09-13,07:35,hostel_g_gh3,loc_lhc_a,2,student,normal,12.9,pending
req_20260913_0022,2026-09-13,07:43,hostel_b_block1,loc_lhc_a,1,student,normal,13.8,pending
req_20260913_0039,2026-09-13,07:54,dept_eee,hostel_b_block6,4,student,normal,8.1,pending
req_20260913_0018,2026-09-13,07:55,hostel_b_block7,dept_chemistry,2,staff,normal,11.0,pending
req_20260913_0027,2026-09-13,08:00,hostel_g_gh4,dept_mining,1,student,normal,8.8,pending
req_20260913_0050,2026-09-13,08:03,hostel_b_block7,loc_lhc_a,1,faculty,normal,12.2,pending
req_20260913_0011,2026-09-13,08:04,hostel_b_block2,dept_hssm,1,student,normal,13.7,pending
req_20260913_0020,2026-09-13,08:16,hostel_b_block2,loc_lhc_b,1,student,normal,11.3,pending
req_20260913_0042,2026-09-13,08:16,hostel_g_gh6,loc_lhc_a,2,student,normal,11.6,pending
req_20260913_0048,2026-09-13,08:18,hostel_g_gh1,loc_lhc_b,4,student,normal,10.2,pending
req_20260913_0051,2026-09-13,08:19,mess_mega,hostel_b_block2,2,student,normal,10.4,pending
req_20260913_0033,2026-09-13,08:21,hostel_b_brahmagiri,loc_lhc_b,1,student,normal,11.7,pending
req_20260913_0026,2026-09-13,08:25,hostel_b_block5,loc_lhc_b,2,student,normal,10.9,pending
req_20260913_0012,2026-09-13,08:35,hostel_b_block8,hostel_b_block5,2,student,normal,13.4,pending
req_20260913_0044,2026-09-13,08:35,hostel_b_block8,dept_physics,1,student,normal,14.2,pending
req_20260913_0019,2026-09-13,08:49,hostel_b_mt1,loc_lhc_a,3,student,normal,9.5,pending
req_20260913_0028,2026-09-13,08:49,hostel_b_block7,loc_e_library,1,student,normal,9.7,pending
req_20260913_0010,2026-09-13,08:52,hostel_g_gh1,dept_mme,1,student,normal,9.8,pending
req_20260913_0046,2026-09-13,08:58,hostel_g_gh6,loc_lhc_b,1,student,high,4.8,pending
req_20260913_0016,2026-09-13,08:59,hostel_b_mt3,loc_lhc_a,1,student,normal,8.9,pending
req_20260913_0040,2026-09-13,09:05,hostel_b_block5,dept_wroe,1,student,normal,12.8,pending
req_20260913_0015,2026-09-13,09:12,hostel_g_gh4,dept_mme,1,student,normal,9.7,pending
req_20260913_0056,2026-09-13,09:15,hostel_b_mt2,loc_lhc_a,1,student,normal,8.2,pending
req_20260913_0034,2026-09-13,09:17,hostel_g_gh5,loc_e_library,4,student,normal,8.7,pending
req_20260913_0031,2026-09-13,09:19,hostel_b_mt3,dept_it,1,student,normal,10.0,pending
req_20260913_0029,2026-09-13,09:20,hostel_b_block8,loc_lhc_a,1,staff,normal,10.4,pending
req_20260913_0041,2026-09-13,09:20,hostel_g_gh4,loc_lhc_a,1,staff,normal,12.5,pending
req_20260913_0032,2026-09-13,09:21,hostel_b_mt2,loc_lhc_b,3,student,high,6.2,pending
req_20260913_0045,2026-09-13,09:31,hostel_b_block2,dept_macs,1,student,normal,11.7,pending
req_20260913_0021,2026-09-13,09:32,hostel_b_block8,loc_lhc_b,2,student,normal,12.0,pending
req_20260913_0037,2026-09-13,09:34,hostel_g_gh2,loc_e_library,3,student,normal,13.1,pending
req_20260913_0017,2026-09-13,09:37,hostel_b_block3,loc_lhc_a,3,student,normal,12.0,pending
req_20260913_0043,2026-09-13,09:41,hostel_b_block7,dept_wroe,1,student,high,5.0,pending
req_20260913_0049,2026-09-13,09:42,hostel_b_block7,dept_civil,2,student,normal,13.9,pending
req_20260913_0052,2026-09-13,09:43,hostel_b_block2,loc_lhc_a,1,student,normal,9.4,pending
req_20260913_0057,2026-09-13,09:43,loc_main_gate,loc_suprabha_boys,1,student,normal,11.3,pending
req_20260913_0025,2026-09-13,09:48,hostel_b_mt3,loc_lhc_b,1,student,normal,11.2,pending
req_20260913_0030,2026-09-13,09:52,hostel_b_block8,loc_lhc_a,2,student,normal,8.6,pending
req_20260913_0013,2026-09-13,09:55,hostel_b_mt1,loc_lhc_a,2,student,normal,8.7,pending
req_20260913_0069,2026-09-13,10:02,loc_lhc_b,loc_central_library,1,student,normal,9.9,pending
req_20260913_0076,2026-09-13,10:13,dept_mech,hostel_b_mt1,1,student,normal,13.7,pending
req_20260913_0065,2026-09-13,10:16,dept_eee,loc_suprabha_boys,1,student,normal,11.5,pending
req_20260913_0071,2026-09-13,10:42,dept_chemistry,dept_ece,1,student,normal,14.1,pending
req_20260913_0060,2026-09-13,10:43,dept_ece,loc_central_library,2,student,high,6.9,pending
req_20260913_0070,2026-09-13,10:43,loc_lhc_b,loc_central_library,1,student,normal,12.8,pending
req_20260913_0064,2026-09-13,10:50,dept_mech,dept_macs,1,student,normal,14.4,pending
req_20260913_0073,2026-09-13,10:54,dept_ece,loc_e_library,3,student,normal,10.0,pending
req_20260913_0075,2026-09-13,10:59,dept_chemistry,dept_physics,4,student,normal,12.5,pending
req_20260913_0074,2026-09-13,11:06,dept_mme,dept_chem,1,student,normal,10.8,pending
req_20260913_0077,2026-09-13,11:07,loc_e_library,loc_lhc_b,1,student,normal,9.1,pending
req_20260913_0067,2026-09-13,11:21,dept_macs,dept_physics,1,student,normal,12.6,pending
req_20260913_0072,2026-09-13,11:26,dept_mech,dept_wroe,1,faculty,normal,12.2,pending
req_20260913_0063,2026-09-13,11:36,dept_mme,hostel_g_gh1,1,student,normal,8.1,pending
req_20260913_0062,2026-09-13,11:39,dept_chem,loc_e_library,1,student,normal,8.4,pending
req_20260913_0061,2026-09-13,11:46,dept_it,hostel_b_block4,1,student,normal,10.5,pending
req_20260913_0066,2026-09-13,11:46,dept_hssm,dept_macs,1,student,normal,9.4,pending
req_20260913_0068,2026-09-13,11:46,dept_mme,dept_chem,1,faculty,normal,11.1,pending
req_20260913_0104,2026-09-13,12:01,loc_lhc_a,mess_b2_aravali,2,student,normal,8.8,pending
req_20260913_0105,2026-09-13,12:01,loc_central_library,mess_b5_nilgiri,1,student,high,7.3,pending
req_20260913_0113,2026-09-13,12:16,loc_lhc_b,mess_gb,1,student,normal,12.4,pending
req_20260913_0101,2026-09-13,12:17,loc_girls_coop,dept_physics,1,student,normal,9.8,pending
req_20260913_0103,2026-09-13,12:19,dept_mining,mess_b3_vindhya,2,student,normal,12.4,pending
req_20260913_0102,2026-09-13,12:27,hostel_b_brahmagiri,loc_suprabha_boys,2,student,normal,9.6,pending
req_20260913_0118,2026-09-13,12:35,loc_lhc_a,mess_gb,1,student,normal,11.5,pending
req_20260913_0092,2026-09-13,12:59,dept_chemistry,mess_b1_karavali,1,student,normal,13.0,pending
req_20260913_0095,2026-09-13,13:02,mess_b1_karavali,mess_pg_pushpagiri,1,student,normal,12.3,pending
req_20260913_0110,2026-09-13,13:02,dept_ece,mess_b4_satpura,2,student,normal,12.2,pending
req_20260913_0083,2026-09-13,13:04,loc_lhc_a,mess_b2_aravali,1,student,normal,14.8,pending
req_20260913_0088,2026-09-13,13:06,dept_chem,mess_pg_new_brahmagiri,1,staff,normal,11.4,pending
req_20260913_0112,2026-09-13,13:06,dept_macs,mess_b7_sahyadri,3,student,normal,10.7,pending
req_20260913_0087,2026-09-13,13:09,dept_chem,mess_gb,1,student,normal,12.4,pending
req_20260913_0120,2026-09-13,13:15,dept_it,mess_mega,2,staff,normal,14.0,pending
req_20260913_0114,2026-09-13,13:18,dept_mining,mess_pg_pushpagiri,1,student,normal,14.8,pending
req_20260913_0086,2026-09-13,13:22,dept_mme,hostel_b_mt1,1,staff,normal,9.0,pending
req_20260913_0119,2026-09-13,13:25,loc_lhc_b,mess_b1_karavali,1,student,normal,14.4,pending
req_20260913_0081,2026-09-13,13:33,mess_b7_sahyadri,dept_eee,1,student,high,4.1,pending
req_20260913_0089,2026-09-13,13:36,loc_lhc_a,mess_b3_vindhya,1,student,normal,9.6,pending
req_20260913_0096,2026-09-13,13:37,dept_it,mess_pg_pushpagiri,2,student,normal,12.2,pending
req_20260913_0107,2026-09-13,13:38,loc_lhc_b,mess_b2_aravali,1,staff,high,5.3,pending
req_20260913_0111,2026-09-13,13:38,dept_macs,mess_b1_karavali,1,student,normal,11.0,pending
req_20260913_0098,2026-09-13,13:40,loc_lhc_a,mess_b5_nilgiri,1,student,normal,8.7,pending
req_20260913_0093,2026-09-13,13:46,loc_lhc_a,mess_gb,1,student,normal,10.5,pending
req_20260913_0094,2026-09-13,13:46,loc_central_library,mess_b3_vindhya,1,staff,normal,8.5,pending
req_20260913_0115,2026-09-13,13:46,mess_b8_trishul,dept_chemistry,1,staff,normal,9.6,pending
req_20260913_0082,2026-09-13,13:49,dept_chem,mess_mega,1,student,normal,11.6,pending
req_20260913_0097,2026-09-13,13:49,dept_ece,mess_b4_satpura,2,student,normal,9.3,pending
req_20260913_0080,2026-09-13,13:50,dept_mme,mess_gb,1,student,normal,12.0,pending
req_20260913_0084,2026-09-13,13:56,dept_wroe,mess_b1_karavali,1,student,normal,9.4,pending
req_20260913_0117,2026-09-13,13:58,loc_e_library,mess_b1_karavali,1,student,normal,11.8,pending
req_20260913_0100,2026-09-13,13:59,mess_b8_trishul,dept_physics,2,student,normal,8.1,pending
req_20260913_0106,2026-09-13,14:00,loc_central_library,mess_mega,1,student,normal,13.9,pending
req_20260913_0108,2026-09-13,14:00,loc_lhc_b,loc_e_library,2,student,normal,11.1,pending
req_20260913_0079,2026-09-13,14:02,dept_chemistry,mess_pg_pushpagiri,1,staff,normal,13.3,pending
req_20260913_0090,2026-09-13,14:17,dept_mme,mess_b8_trishul,1,student,normal,13.5,pending
req_20260913_0116,2026-09-13,14:17,loc_lhc_b,mess_gb,1,student,normal,9.7,pending
req_20260913_0099,2026-09-13,14:19,loc_lhc_b,mess_b1_karavali,1,student,normal,11.5,pending
req_20260913_0078,2026-09-13,14:23,dept_chem,mess_b3_vindhya,1,student,normal,10.4,pending
req_20260913_0085,2026-09-13,14:28,loc_lhc_a,mess_b5_nilgiri,4,faculty,normal,11.1,pending
req_20260913_0091,2026-09-13,14:29,loc_lhc_b,mess_b5_nilgiri,2,student,normal,9.6,pending
req_20260913_0109,2026-09-13,14:29,dept_it,mess_b5_nilgiri,2,student,normal,14.1,pending
req_20260913_0121,2026-09-13,14:30,dept_eee,loc_central_library,1,staff,normal,14.3,pending
req_20260913_0130,2026-09-13,14:32,mess_b4_satpura,dept_physics,2,student,normal,12.1,pending
req_20260913_0122,2026-09-13,14:46,dept_ece,loc_e_library,1,student,normal,12.2,pending
req_20260913_0124,2026-09-13,14:57,dept_hssm,hostel_b_block5,1,student,normal,9.6,pending
req_20260913_0125,2026-09-13,15:28,mess_gb,dept_cse,1,student,normal,8.4,pending
req_20260913_0133,2026-09-13,15:30,mess_b7_sahyadri,dept_mining,1,student,normal,14.5,pending
req_20260913_0123,2026-09-13,15:34,mess_b7_sahyadri,dept_eee,1,student,normal,14.4,pending
req_20260913_0132,2026-09-13,15:51,mess_mega,dept_it,3,student,normal,10.1,pending
req_20260913_0135,2026-09-13,15:52,dept_mining,loc_e_library,1,student,normal,9.5,pending
req_20260913_0134,2026-09-13,16:04,dept_mme,loc_central_library,3,staff,normal,12.9,pending
req_20260913_0126,2026-09-13,16:06,mess_b3_vindhya,dept_mining,1,student,normal,12.8,pending
req_20260913_0137,2026-09-13,16:06,mess_b5_nilgiri,dept_civil,1,student,high,6.3,pending
req_20260913_0131,2026-09-13,16:08,dept_it,loc_central_library,1,student,normal,11.3,pending
req_20260913_0138,2026-09-13,16:21,mess_b8_trishul,dept_ece,1,student,normal,10.7,pending
req_20260913_0128,2026-09-13,16:22,dept_macs,loc_central_library,1,student,high,4.8,pending
req_20260913_0129,2026-09-13,16:23,mess_mega,dept_it,1,staff,normal,14.4,pending
req_20260913_0127,2026-09-13,16:40,mess_b3_vindhya,dept_physics,1,student,normal,13.2,pending
req_20260913_0136,2026-09-13,16:48,dept_ece,loc_e_library,1,student,normal,12.4,pending
req_20260913_0148,2026-09-13,17:12,hostel_g_gh6,loc_central_library,1,student,high,5.7,pending
req_20260913_0143,2026-09-13,17:14,hostel_g_gh1,loc_central_library,1,student,normal,11.8,pending
req_20260913_0153,2026-09-13,17:19,hostel_b_mt3,loc_suprabha_girls,1,student,normal,11.1,pending
req_20260913_0157,2026-09-13,17:27,hostel_g_gh3,loc_e_library,3,staff,normal,14.9,pending
req_20260913_0145,2026-09-13,17:36,dept_cse,loc_boys_coop,4,student,normal,11.0,pending
req_20260913_0158,2026-09-13,17:37,dept_macs,loc_central_library,2,student,normal,11.6,pending
req_20260913_0163,2026-09-13,17:38,hostel_b_block2,loc_suprabha_girls,1,faculty,normal,9.8,pending
req_20260913_0164,2026-09-13,17:40,hostel_g_gh3,loc_suprabha_girls,2,student,normal,10.6,pending
req_20260913_0141,2026-09-13,17:43,dept_hssm,loc_central_library,1,student,normal,13.6,pending
req_20260913_0161,2026-09-13,17:47,hostel_g_gh3,loc_suprabha_girls,2,student,normal,10.5,pending
req_20260913_0162,2026-09-13,17:56,dept_cse,loc_e_library,1,student,normal,14.3,pending
req_20260913_0139,2026-09-13,17:58,hostel_b_block3,loc_suprabha_girls,2,student,normal,8.5,pending
req_20260913_0150,2026-09-13,18:01,hostel_b_block7,loc_e_library,1,student,high,5.0,pending
req_20260913_0142,2026-09-13,18:04,dept_chem,loc_e_library,1,student,high,7.1,pending
req_20260913_0155,2026-09-13,18:17,hostel_b_block5,loc_suprabha_boys,1,student,normal,14.1,pending
req_20260913_0149,2026-09-13,18:19,dept_mining,loc_e_library,1,student,high,5.7,pending
req_20260913_0152,2026-09-13,18:36,dept_macs,hostel_g_gh1,1,staff,normal,14.3,pending
req_20260913_0154,2026-09-13,18:40,hostel_b_block3,loc_e_library,1,student,normal,10.5,pending
req_20260913_0160,2026-09-13,18:41,hostel_b_mt3,loc_central_library,1,student,normal,11.4,pending
req_20260913_0147,2026-09-13,18:44,hostel_b_block2,loc_suprabha_girls,1,student,normal,9.5,pending
req_20260913_0165,2026-09-13,18:47,hostel_b_block2,loc_suprabha_girls,2,student,normal,9.5,pending
req_20260913_0146,2026-09-13,18:53,hostel_b_block3,loc_central_library,1,faculty,normal,12.7,pending
req_20260913_0144,2026-09-13,19:03,hostel_b_mt1,loc_boys_coop,2,student,normal,12.7,pending
req_20260913_0159,2026-09-13,19:22,hostel_b_shivalik,loc_central_library,1,student,normal,8.8,pending
req_20260913_0151,2026-09-13,19:24,hostel_g_gh1,loc_central_library,2,student,normal,10.8,pending
req_20260913_0140,2026-09-13,19:44,hostel_g_gh3,loc_e_library,1,student,normal,9.2,pending
req_20260913_0156,2026-09-13,19:54,dept_mining,loc_e_library,1,student,normal,13.8,pending
req_20260913_0179,2026-09-13,20:01,loc_e_library,hostel_b_block1,3,student,normal,13.9,pending
req_20260913_0170,2026-09-13,20:12,loc_e_library,hostel_b_block6,2,staff,normal,8.5,pending
req_20260913_0176,2026-09-13,20:13,loc_e_library,hostel_g_gh3,3,student,normal,11.7,pending
req_20260913_0172,2026-09-13,20:16,loc_e_library,hostel_g_gh6,1,student,normal,8.1,pending
req_20260913_0171,2026-09-13,20:32,loc_e_library,hostel_b_block7,4,staff,normal,9.9,pending
req_20260913_0167,2026-09-13,20:33,loc_central_library,hostel_b_block5,2,student,normal,11.5,pending
req_20260913_0168,2026-09-13,20:56,loc_girls_coop,hostel_b_brahmagiri,2,student,normal,14.3,pending
req_20260913_0166,2026-09-13,21:40,loc_suprabha_girls,hostel_b_block3,1,student,normal,8.1,pending
req_20260913_0177,2026-09-13,22:22,loc_e_library,hostel_g_gh5,1,student,normal,12.7,pending
req_20260913_0169,2026-09-13,22:28,loc_central_library,hostel_b_mt3,2,student,normal,10.8,pending
req_20260913_0175,2026-09-13,22:32,dept_cse,hostel_b_brahmagiri,2,student,high,4.7,pending
req_20260913_0174,2026-09-13,22:47,dept_it,dept_ece,2,student,normal,10.0,pending
req_20260913_0178,2026-09-13,22:53,dept_cse,hostel_b_block8,1,student,normal,13.6,pending
req_20260913_0173,2026-09-13,22:55,loc_suprabha_girls,hostel_g_gh1,2,student,normal,9.2,pending
req_20260914_0008,2026-09-14,05:02,hostel_b_block1,dept_eee,4,student,normal,14.8,pending
req_20260914_0006,2026-09-14,05:13,hostel_b_brahmagiri,dept_eee,1,student,high,5.3,pending
req_20260914_0003,2026-09-14,05:19,hostel_b_block5,dept_cse,2,student,normal,12.3,pending
req_20260914_0001,2026-09-14,05:52,hostel_b_block3,mess_mega,2,student,normal,14.3,pending
req_20260914_0005,2026-09-14,05:55,hostel_b_block5,loc_lhc_b,2,student,normal,10.7,pending
req_20260914_0004,2026-09-14,06:02,hostel_g_gh3,mess_b4_satpura,1,student,high,5.2,pending
req_20260914_0007,2026-09-14,06:49,dept_eee,hostel_b_block1,1,student,normal,12.8,pending
req_20260914_0002,2026-09-14,06:56,dept_mme,loc_lhc_b,1,student,normal,14.1,pending
req_20260914_0041,2026-09-14,07:01,hostel_b_mt3,dept_wroe,1,student,normal,13.0,pending
req_20260914_0039,2026-09-14,07:04,hostel_b_shivalik,loc_lhc_b,1,student,high,5.2,pending
req_20260914_0042,2026-09-14,07:18,hostel_b_block2,loc_lhc_b,1,student,normal,13.5,pending
req_20260914_0035,2026-09-14,07:25,hostel_g_gh1,dept_wroe,1,student,normal,10.5,pending
req_20260914_0019,2026-09-14,07:30,hostel_g_gh3,loc_lhc_a,2,student,normal,8.8,pending
req_20260914_0044,2026-09-14,07:30,hostel_b_block1,hostel_b_block8,1,student,normal,11.4,pending
req_20260914_0050,2026-09-14,07:40,hostel_b_block4,loc_lhc_a,1,student,normal,11.7,pending
req_20260914_0032,2026-09-14,07:41,dept_it,dept_mining,1,student,normal,10.6,pending
req_20260914_0033,2026-09-14,07:41,hostel_b_block1,dept_civil,1,student,high,5.5,pending
req_20260914_0036,2026-09-14,07:54,hostel_b_block1,loc_lhc_b,2,student,normal,10.7,pending
req_20260914_0027,2026-09-14,07:57,hostel_b_brahmagiri,dept_cse,2,student,normal,8.5,pending
req_20260914_0046,2026-09-14,08:06,hostel_b_block4,loc_lhc_b,1,student,normal,10.0,pending
req_20260914_0025,2026-09-14,08:18,hostel_g_gh3,loc_lhc_a,1,student,normal,11.4,pending
req_20260914_0022,2026-09-14,08:21,hostel_b_shivalik,dept_physics,1,student,normal,13.5,pending
req_20260914_0021,2026-09-14,08:25,hostel_b_mt2,loc_lhc_a,1,student,normal,10.8,pending
req_20260914_0034,2026-09-14,08:33,hostel_g_gh6,loc_lhc_b,1,student,normal,10.4,pending
req_20260914_0024,2026-09-14,08:35,hostel_g_gh1,dept_chem,3,student,normal,8.4,pending
req_20260914_0016,2026-09-14,08:36,hostel_b_block3,dept_mining,2,staff,normal,11.4,pending
req_20260914_0045,2026-09-14,08:36,hostel_b_block2,mess_b8_trishul,1,student,high,7.9,pending
req_20260914_0017,2026-09-14,08:41,hostel_b_mt2,loc_e_library,3,student,normal,12.6,pending
req_20260914_0029,2026-09-14,08:46,hostel_b_block8,loc_lhc_b,1,student,normal,13.9,pending
req_20260914_0009,2026-09-14,09:02,hostel_b_mt3,dept_cse,2,student,normal,14.5,pending
req_20260914_0014,2026-09-14,09:10,hostel_b_block6,loc_lhc_a,1,student,high,6.8,pending
req_20260914_0048,2026-09-14,09:10,hostel_b_mt1,loc_lhc_a,1,student,normal,14.1,pending
req_20260914_0013,2026-09-14,09:12,hostel_b_block2,loc_lhc_a,2,student,normal,11.4,pending
req_20260914_0026,2026-09-14,09:13,mess_b5_nilgiri,dept_eee,1,student,normal,13.7,pending
req_20260914_0028,2026-09-14,09:15,hostel_g_gh5,loc_lhc_b,3,student,normal,8.5,pending
req_20260914_0011,2026-09-14,09:16,hostel_b_block2,dept_mech,1,faculty,normal,12.8,pending
req_20260914_0031,2026-09-14,09:17,hostel_g_gh6,loc_lhc_a,1,student,normal,10.0,pending
req_20260914_0037,2026-09-14,09:20,hostel_g_gh3,dept_mme,1,student,normal,10.5,pending
req_20260914_0040,2026-09-14,09:22,hostel_g_gh5,dept_eee,1,staff,normal,11.9,pending
req_20260914_0043,2026-09-14,09:34,hostel_b_mt2,dept_mining,1,student,normal,11.8,pending
req_20260914_0015,2026-09-14,09:35,hostel_b_mt3,loc_lhc_b,1,student,normal,14.2,pending
req_20260914_0018,2026-09-14,09:39,hostel_b_block3,dept_eee,1,student,normal,15.0,pending
req_20260914_0023,2026-09-14,09:43,hostel_b_block4,loc_e_library,1,student,normal,10.6,pending
req_20260914_0047,2026-09-14,09:43,hostel_g_gh2,loc_lhc_b,2,student,normal,8.8,pending
req_20260914_0010,2026-09-14,09:46,hostel_b_block7,loc_lhc_b,1,student,normal,8.8,pending
req_20260914_0020,2026-09-14,09:47,hostel_b_block8,dept_cse,1,student,high,5.5,pending
req_20260914_0051,2026-09-14,09:50,hostel_g_gh1,dept_mining,3,student,normal,11.4,pending
req_20260914_0049,2026-09-14,09:56,hostel_b_block1,loc_lhc_b,3,student,normal,8.4,pending
req_20260914_0030,2026-09-14,09:57,hostel_g_gh2,loc_lhc_b,1,student,normal,14.8,pending
req_20260914_0012,2026-09-14,09:59,mess_pg_new_brahmagiri,mess_mega,1,student,normal,14.4,pending
req_20260914_0038,2026-09-14,09:59,hostel_b_block3,dept_physics,4,staff,normal,14.1,pending
req_20260914_0066,2026-09-14,10:20,dept_civil,loc_e_library,4,student,normal,14.0,pending
req_20260914_0060,2026-09-14,10:24,dept_civil,hostel_b_mt1,1,staff,normal,8.7,pending
req_20260914_0052,2026-09-14,10:26,dept_ece,dept_it,2,student,normal,11.1,pending
req_20260914_0055,2026-09-14,10:26,dept_chemistry,hostel_b_mt1,3,student,normal,8.9,pending
req_20260914_0058,2026-09-14,10:43,dept_chem,loc_central_library,2,student,normal,9.8,pending
req_20260914_0059,2026-09-14,10:44,loc_lhc_b,loc_e_library,1,student,normal,11.0,pending
req_20260914_0056,2026-09-14,10:47,dept_hssm,loc_e_library,1,student,normal,8.0,pending
req_20260914_0061,2026-09-14,10:49,dept_ece,dept_cse,1,student,normal,14.8,pending
req_20260914_0057,2026-09-14,10:53,dept_chem,hostel_g_gh3,1,student,normal,11.5,pending
req_20260914_0064,2026-09-14,10:58,dept_eee,loc_central_library,1,student,normal,13.9,pending
req_20260914_0062,2026-09-14,11:05,dept_physics,hostel_g_gh5,1,student,normal,12.6,pending
req_20260914_0054,2026-09-14,11:09,dept_chem,dept_mme,2,student,normal,8.0,pending
req_20260914_0053,2026-09-14,11:16,dept_mme,loc_central_library,1,student,normal,10.3,pending
req_20260914_0063,2026-09-14,11:32,dept_cse,dept_physics,1,student,normal,8.2,pending
req_20260914_0065,2026-09-14,11:48,dept_ece,hostel_b_block5,2,student,normal,13.7,pending
req_20260914_0082,2026-09-14,12:06,loc_lhc_a,mess_b2_aravali,1,staff,normal,14.0,pending
req_20260914_0087,2026-09-14,12:08,loc_central_library,mess_b2_aravali,2,student,high,5.0,pending
req_20260914_0097,2026-09-14,12:11,dept_hssm,mess_mega,1,student,normal,14.1,pending
req_20260914_0070,2026-09-14,12:12,loc_lhc_a,mess_b1_karavali,2,student,normal,9.5,pending
req_20260914_0079,2026-09-14,12:14,loc_lhc_b,mess_pg_new_brahmagiri,1,staff,normal,14.7,pending
req_20260914_0101,2026-09-14,12:14,dept_physics,mess_mega,3,staff,normal,12.3,pending
req_20260914_0077,2026-09-14,12:15,dept_mining,mess_b2_aravali,2,student,high,4.9,pending
req_20260914_0095,2026-09-14,12:21,mess_b1_karavali,hostel_g_gh3,1,student,normal,14.9,pending
req_20260914_0067,2026-09-14,12:28,dept_ece,mess_b4_satpura,1,student,normal,11.7,pending
req_20260914_0098,2026-09-14,12:33,dept_macs,mess_b8_trishul,1,student,normal,14.0,pending
req_20260914_0074,2026-09-14,12:34,loc_lhc_b,mess_mega,1,student,high,5.5,pending
req_20260914_0078,2026-09-14,12:42,dept_physics,mess_b1_karavali,1,student,normal,12.7,pending
req_20260914_0102,2026-09-14,12:45,dept_physics,mess_mega,1,student,normal,12.1,pending
req_20260914_0084,2026-09-14,12:49,loc_main_building,hostel_b_brahmagiri,1,student,normal,10.2,pending
req_20260914_0073,2026-09-14,12:53,dept_it,mess_b1_karavali,2,student,normal,11.8,pending
req_20260914_0086,2026-09-14,12:54,loc_lhc_a,mess_b7_sahyadri,3,faculty,normal,11.1,pending
req_20260914_0090,2026-09-14,12:56,dept_mech,dept_chem,3,student,normal,14.8,pending
req_20260914_0092,2026-09-14,13:05,dept_mining,mess_b5_nilgiri,1,student,normal,9.2,pending
req_20260914_0085,2026-09-14,13:06,dept_mech,mess_b2_aravali,1,student,normal,11.2,pending
req_20260914_0088,2026-09-14,13:06,dept_macs,mess_b1_karavali,1,student,high,6.7,pending
req_20260914_0071,2026-09-14,13:12,loc_lhc_b,mess_b3_vindhya,2,faculty,normal,9.7,pending
req_20260914_0083,2026-09-14,13:15,dept_macs,mess_b2_aravali,1,student,normal,9.8,pending
req_20260914_0099,2026-09-14,13:15,dept_chemistry,mess_b3_vindhya,2,faculty,normal,14.5,pending
req_20260914_0069,2026-09-14,13:21,dept_macs,mess_pg_new_brahmagiri,1,student,normal,14.7,pending
req_20260914_0091,2026-09-14,13:27,loc_central_library,mess_pg_new_brahmagiri,1,student,normal,8.2,pending
req_20260914_0089,2026-09-14,13:33,loc_lhc_a,mess_gb,1,student,normal,14.4,pending
req_20260914_0080,2026-09-14,13:41,loc_lhc_a,mess_gb,1,student,normal,10.8,pending
req_20260914_0081,2026-09-14,13:46,dept_chemistry,mess_b4_satpura,1,student,normal,8.6,pending
req_20260914_0096,2026-09-14,13:47,loc_e_library,mess_b3_vindhya,3,student,normal,8.3,pending
req_20260914_0072,2026-09-14,14:00,loc_e_library,mess_b2_aravali,2,faculty,normal,10.2,pending
req_20260914_0100,2026-09-14,14:00,loc_lhc_a,mess_b5_nilgiri,2,student,high,6.3,pending
req_20260914_0076,2026-09-14,14:09,loc_lhc_a,mess_b8_trishul,1,staff,normal,11.3,pending
req_20260914_0093,2026-09-14,14:13,loc_central_library,mess_b1_karavali,2,student,normal,8.9,pending
req_20260914_0068,2026-09-14,14:18,mess_pg_new_brahmagiri,hostel_g_gh3,1,student,normal,12.8,pending
req_20260914_0094,2026-09-14,14:20,loc_lhc_a,mess_mega,3,student,normal,9.7,pending
req_20260914_0103,2026-09-14,14:25,loc_lhc_a,mess_b8_trishul,1,staff,normal,11.3,pending
req_20260914_0075,2026-09-14,14:26,loc_e_library,mess_b2_aravali,1,student,normal,14.2,pending
req_20260914_0114,2026-09-14,14:31,dept_physics,hostel_b_brahmagiri,1,student,normal,14.6,pending
req_20260914_0106,2026-09-14,14:34,dept_civil,hostel_b_mt3,1,student,normal,12.9,pending
req_20260914_0118,2026-09-14,14:43,dept_ece,loc_central_library,1,student,normal,10.7,pending
req_20260914_0112,2026-09-14,14:50,mess_b5_nilgiri,dept_mining,1,student,normal,9.2,pending
req_20260914_0109,2026-09-14,15:10,mess_b2_aravali,dept_mech,2,student,normal,14.9,pending
req_20260914_0111,2026-09-14,15:22,mess_b4_satpura,dept_ece,3,student,normal,10.6,pending
req_20260914_0110,2026-09-14,15:24,dept_mme,hostel_b_mt1,1,student,normal,9.3,pending
req_20260914_0116,2026-09-14,15:27,mess_mega,dept_ece,1,student,normal,13.8,pending
req_20260914_0105,2026-09-14,15:44,mess_b5_nilgiri,dept_physics,1,staff,normal,11.1,pending
req_20260914_0113,2026-09-14,15:50,mess_b8_trishul,dept_it,1,staff,normal,10.0,pending
req_20260914_0117,2026-09-14,16:17,mess_mega,dept_mining,1,student,high,4.1,pending
req_20260914_0107,2026-09-14,16:19,dept_mech,loc_central_library,2,student,high,8.0,pending
req_20260914_0108,2026-09-14,16:21,mess_gb,dept_physics,1,staff,normal,9.4,pending
req_20260914_0104,2026-09-14,16:22,dept_eee,hostel_b_block1,1,student,high,5.5,pending
req_20260914_0115,2026-09-14,16:55,dept_ece,loc_central_library,3,staff,normal,11.6,pending
req_20260914_0121,2026-09-14,17:00,hostel_g_gh2,loc_girls_coop,1,student,normal,11.4,pending
req_20260914_0133,2026-09-14,17:06,hostel_b_block6,hostel_g_gh5,1,student,high,5.6,pending
req_20260914_0126,2026-09-14,17:07,mess_mega,mess_b5_nilgiri,1,student,normal,8.1,pending
req_20260914_0135,2026-09-14,17:22,hostel_b_mt2,loc_central_library,1,student,normal,13.0,pending
req_20260914_0129,2026-09-14,17:29,dept_it,hostel_b_block2,1,staff,normal,9.5,pending
req_20260914_0131,2026-09-14,17:31,hostel_g_gh3,loc_central_library,1,student,normal,11.4,pending
req_20260914_0125,2026-09-14,17:46,hostel_b_block8,loc_e_library,1,student,normal,10.1,pending
req_20260914_0141,2026-09-14,18:00,hostel_b_mt3,loc_girls_coop,1,student,normal,10.4,pending
req_20260914_0137,2026-09-14,18:04,hostel_b_block2,loc_e_library,1,staff,normal,8.2,pending
req_20260914_0128,2026-09-14,18:11,hostel_b_block3,loc_central_library,2,student,normal,13.3,pending
req_20260914_0120,2026-09-14,18:12,hostel_g_gh4,loc_suprabha_boys,2,student,normal,10.8,pending
req_20260914_0140,2026-09-14,18:25,hostel_g_gh5,loc_suprabha_boys,3,student,normal,12.6,pending
req_20260914_0123,2026-09-14,18:26,hostel_g_gh3,loc_e_library,2,student,normal,10.6,pending
req_20260914_0124,2026-09-14,18:29,hostel_b_shivalik,loc_girls_coop,1,student,normal,10.6,pending
req_20260914_0127,2026-09-14,18:31,hostel_b_block2,loc_e_library,1,student,normal,10.9,pending
req_20260914_0132,2026-09-14,18:45,hostel_b_block8,mess_gb,1,staff,normal,9.8,pending
req_20260914_0119,2026-09-14,18:47,dept_wroe,loc_central_library,1,student,normal,13.2,pending
req_20260914_0134,2026-09-14,18:48,hostel_b_block3,loc_boys_coop,1,student,normal,14.5,pending
req_20260914_0136,2026-09-14,18:57,hostel_b_mt3,loc_e_library,1,student,normal,14.2,pending
req_20260914_0138,2026-09-14,19:11,hostel_g_gh2,loc_boys_coop,2,student,normal,14.2,pending
req_20260914_0139,2026-09-14,19:31,hostel_b_block5,loc_suprabha_girls,1,student,normal,14.8,pending
req_20260914_0122,2026-09-14,19:45,hostel_b_block5,hostel_b_block3,1,student,normal,11.1,pending
req_20260914_0130,2026-09-14,19:55,hostel_b_block7,loc_suprabha_girls,4,staff,normal,11.2,pending
req_20260914_0145,2026-09-14,20:21,loc_suprabha_girls,hostel_b_block6,1,staff,normal,8.4,pending
req_20260914_0146,2026-09-14,20:35,dept_eee,hostel_g_gh3,1,student,normal,12.2,pending
req_20260914_0150,2026-09-14,20:35,loc_e_library,hostel_b_block1,1,faculty,normal,8.3,pending
req_20260914_0144,2026-09-14,20:37,loc_suprabha_girls,hostel_b_mt3,1,student,normal,8.4,pending
req_20260914_0152,2026-09-14,20:37,loc_suprabha_girls,hostel_g_gh6,3,student,high,4.7,pending
req_20260914_0148,2026-09-14,20:51,loc_central_library,hostel_b_block3,1,student,normal,10.3,pending
req_20260914_0151,2026-09-14,21:08,dept_mining,hostel_g_gh4,1,student,normal,9.5,pending
req_20260914_0147,2026-09-14,21:42,loc_e_library,hostel_b_mt3,1,student,normal,11.9,pending
req_20260914_0149,2026-09-14,22:11,loc_girls_coop,hostel_b_block3,4,student,normal,12.3,pending
req_20260914_0143,2026-09-14,22:18,loc_boys_coop,hostel_b_block7,1,student,normal,12.1,pending
req_20260914_0142,2026-09-14,22:36,dept_mech,hostel_b_block8,2,student,high,6.7,pending
req_20260914_0153,2026-09-14,22:43,loc_boys_coop,hostel_b_block7,1,student,normal,12.2,pending
req_20260915_0004,2026-09-15,05:27,hostel_g_gh4,dept_civil,1,student,normal,9.9,pending
req_20260915_0002,2026-09-15,05:47,hostel_b_block3,mess_b7_sahyadri,1,student,normal,8.1,pending
req_20260915_0008,2026-09-15,05:54,hostel_g_gh2,loc_main_gate,1,faculty,normal,11.4,pending
req_20260915_0003,2026-09-15,06:18,hostel_b_block4,mess_b7_sahyadri,1,student,normal,14.3,pending
req_20260915_0006,2026-09-15,06:32,hostel_b_shivalik,dept_chem,2,student,high,4.6,pending
req_20260915_0001,2026-09-15,06:38,hostel_b_block1,dept_cse,1,student,normal,13.7,pending
req_20260915_0005,2026-09-15,06:43,hostel_b_mt1,mess_b3_vindhya,1,student,normal,12.6,pending
req_20260915_0007,2026-09-15,06:59,hostel_g_gh2,loc_main_gate,3,student,normal,8.0,pending
req_20260915_0031,2026-09-15,07:00,hostel_g_gh2,dept_civil,1,student,normal,13.7,pending
req_20260915_0011,2026-09-15,07:03,hostel_g_gh1,loc_lhc_a,1,student,normal,13.6,pending
req_20260915_0012,2026-09-15,07:19,hostel_b_block1,loc_central_library,3,staff,normal,12.4,pending
req_20260915_0047,2026-09-15,07:24,hostel_b_brahmagiri,dept_it,1,staff,normal,14.2,pending
req_20260915_0018,2026-09-15,07:27,hostel_b_block5,loc_lhc_b,2,student,normal,12.2,pending
req_20260915_0015,2026-09-15,07:34,hostel_b_mt2,loc_lhc_b,1,student,normal,12.5,pending
req_20260915_0025,2026-09-15,07:48,hostel_b_mt1,mess_pg_new_brahmagiri,1,student,normal,8.7,pending
req_20260915_0030,2026-09-15,07:49,hostel_b_shivalik,dept_it,1,student,normal,9.2,pending
req_20260915_0022,2026-09-15,08:19,hostel_g_gh1,loc_lhc_a,1,student,normal,13.7,pending
req_20260915_0023,2026-09-15,08:23,hostel_b_block3,dept_mech,2,faculty,normal,12.4,pending
req_20260915_0037,2026-09-15,08:23,hostel_b_block4,dept_it,2,student,normal,10.9,pending
req_20260915_0043,2026-09-15,08:27,hostel_g_gh6,dept_wroe,1,student,normal,10.0,pending
req_20260915_0045,2026-09-15,08:30,hostel_b_mt1,dept_eee,3,student,normal,9.3,pending
req_20260915_0013,2026-09-15,08:31,hostel_g_gh5,loc_lhc_b,2,student,normal,13.7,pending
req_20260915_0032,2026-09-15,08:36,hostel_g_gh5,loc_e_library,1,student,high,7.7,pending
req_20260915_0014,2026-09-15,08:37,hostel_b_block4,loc_lhc_b,4,student,high,5.6,pending
req_20260915_0044,2026-09-15,08:37,hostel_b_mt3,loc_lhc_b,1,student,normal,9.7,pending
req_20260915_0038,2026-09-15,08:40,hostel_b_mt2,loc_lhc_b,2,student,normal,9.9,pending
req_20260915_0036,2026-09-15,08:41,hostel_b_brahmagiri,loc_lhc_a,1,student,normal,10.0,pending
req_20260915_0040,2026-09-15,08:42,hostel_b_mt3,loc_lhc_b,1,faculty,normal,10.9,pending
req_20260915_0010,2026-09-15,08:44,hostel_b_mt1,loc_e_library,4,student,normal,14.2,pending
req_20260915_0054,2026-09-15,08:49,hostel_b_shivalik,loc_central_library,1,student,normal,14.0,pending
req_20260915_0050,2026-09-15,08:51,hostel_g_gh6,loc_lhc_b,1,student,normal,8.4,pending
req_20260915_0009,2026-09-15,08:53,hostel_b_block1,loc_lhc_a,3,staff,normal,13.4,pending
req_20260915_0029,2026-09-15,08:56,dept_mech,dept_chem,3,student,normal,13.4,pending
req_20260915_0035,2026-09-15,08:58,hostel_g_gh5,dept_civil,1,student,normal,10.4,pending
req_20260915_0024,2026-09-15,09:04,hostel_b_mt1,loc_lhc_b,1,student,normal,10.6,pending
req_20260915_0042,2026-09-15,09:11,hostel_g_gh6,loc_lhc_a,4,student,normal,9.2,pending
req_20260915_0049,2026-09-15,09:11,hostel_b_mt1,dept_chemistry,1,student,normal,10.4,pending
req_20260915_0051,2026-09-15,09:11,hostel_b_block4,dept_wroe,2,student,high,7.5,pending
req_20260915_0053,2026-09-15,09:11,hostel_g_gh2,loc_lhc_a,3,student,high,6.4,pending
req_20260915_0052,2026-09-15,09:14,hostel_b_brahmagiri,loc_lhc_a,2,student,normal,12.7,pending
req_20260915_0033,2026-09-15,09:15,hostel_b_brahmagiri,dept_physics,1,student,normal,14.3,pending
req_20260915_0028,2026-09-15,09:16,hostel_g_gh4,loc_lhc_a,1,student,normal,14.9,pending
req_20260915_0041,2026-09-15,09:16,hostel_b_block4,loc_lhc_a,1,student,normal,10.2,pending
req_20260915_0046,2026-09-15,09:34,hostel_b_block2,loc_lhc_b,1,student,normal,12.6,pending
req_20260915_0020,2026-09-15,09:36,hostel_g_gh1,dept_chemistry,1,staff,normal,10.7,pending
req_20260915_0017,2026-09-15,09:37,hostel_b_mt2,loc_lhc_b,1,student,normal,14.6,pending
req_20260915_0034,2026-09-15,09:38,hostel_b_block6,loc_lhc_b,2,student,normal,14.7,pending
req_20260915_0027,2026-09-15,09:42,hostel_b_block1,dept_hssm,1,student,normal,14.7,pending
req_20260915_0019,2026-09-15,09:43,hostel_g_gh2,loc_lhc_b,1,student,normal,9.7,pending
req_20260915_0039,2026-09-15,09:44,hostel_b_mt1,dept_chem,1,staff,high,7.9,pending
req_20260915_0016,2026-09-15,09:48,hostel_b_block5,loc_central_library,1,student,high,4.3,pending
req_20260915_0026,2026-09-15,09:49,hostel_b_mt3,loc_lhc_b,2,student,normal,11.3,pending
req_20260915_0021,2026-09-15,09:52,hostel_b_block5,loc_lhc_b,1,student,normal,9.8,pending
req_20260915_0048,2026-09-15,09:57,hostel_b_block1,loc_lhc_a,2,student,normal,10.2,pending
req_20260915_0067,2026-09-15,10:01,dept_macs,hostel_b_mt3,1,student,normal,11.2,pending
req_20260915_0056,2026-09-15,10:09,dept_mech,hostel_g_gh6,1,student,high,6.3,pending
req_20260915_0070,2026-09-15,10:11,dept_physics,loc_e_library,1,student,normal,11.3,pending
req_20260915_0069,2026-09-15,10:26,dept_wroe,dept_eee,1,student,normal,14.2,pending
req_20260915_0068,2026-09-15,10:54,dept_mining,loc_e_library,1,student,normal,13.1,pending
req_20260915_0060,2026-09-15,10:55,loc_e_library,hostel_g_gh3,1,student,normal,10.1,pending
req_20260915_0062,2026-09-15,11:02,loc_lhc_b,loc_e_library,1,student,normal,8.3,pending
req_20260915_0058,2026-09-15,11:04,dept_macs,dept_chem,1,student,normal,12.4,pending
req_20260915_0063,2026-09-15,11:10,dept_hssm,dept_chemistry,2,student,normal,13.8,pending
req_20260915_0066,2026-09-15,11:16,dept_ece,dept_chem,1,student,normal,9.9,pending
req_20260915_0061,2026-09-15,11:25,dept_civil,hostel_b_block5,2,student,normal,14.2,pending
req_20260915_0055,2026-09-15,11:27,dept_mme,loc_e_library,3,student,normal,9.0,pending
req_20260915_0065,2026-09-15,11:27,dept_chemistry,loc_central_library,1,student,normal,9.6,pending
req_20260915_0071,2026-09-15,11:32,dept_cse,loc_e_library,1,student,normal,13.5,pending
req_20260915_0057,2026-09-15,11:34,dept_ece,hostel_g_gh4,1,student,normal,14.3,pending
req_20260915_0064,2026-09-15,11:34,dept_mme,dept_ece,1,student,normal,12.5,pending
req_20260915_0059,2026-09-15,11:58,dept_civil,dept_chem,1,staff,high,7.2,pending
req_20260915_0098,2026-09-15,12:00,dept_mme,mess_mega,1,student,normal,12.3,pending
req_20260915_0101,2026-09-15,12:16,dept_chem,mess_b5_nilgiri,1,student,normal,13.6,pending
req_20260915_0085,2026-09-15,12:20,dept_physics,mess_b8_trishul,1,student,normal,13.5,pending
req_20260915_0096,2026-09-15,12:21,dept_cse,mess_b3_vindhya,1,student,normal,10.1,pending
req_20260915_0111,2026-09-15,12:22,loc_lhc_a,mess_b3_vindhya,1,student,normal,10.1,pending
req_20260915_0073,2026-09-15,12:23,loc_lhc_b,mess_b3_vindhya,1,student,high,7.7,pending
req_20260915_0083,2026-09-15,12:23,dept_civil,mess_b2_aravali,4,student,normal,8.9,pending
req_20260915_0088,2026-09-15,12:23,loc_central_library,mess_b2_aravali,1,student,normal,8.5,pending
req_20260915_0109,2026-09-15,12:24,loc_central_library,mess_mega,2,student,normal,13.0,pending
req_20260915_0076,2026-09-15,12:30,loc_lhc_b,mess_b7_sahyadri,2,faculty,normal,13.2,pending
req_20260915_0081,2026-09-15,12:37,dept_macs,mess_pg_new_brahmagiri,1,student,normal,9.4,pending
req_20260915_0102,2026-09-15,12:37,dept_eee,hostel_b_brahmagiri,2,student,normal,14.1,pending
req_20260915_0103,2026-09-15,12:41,loc_central_library,mess_mega,1,student,normal,9.2,pending
req_20260915_0087,2026-09-15,12:42,loc_e_library,mess_b1_karavali,1,student,normal,13.1,pending
req_20260915_0104,2026-09-15,12:45,dept_physics,mess_mega,1,faculty,normal,13.5,pending
req_20260915_0093,2026-09-15,12:47,dept_mech,mess_b2_aravali,1,student,normal,10.9,pending
req_20260915_0091,2026-09-15,12:52,dept_mining,mess_pg_new_brahmagiri,1,student,normal,12.8,pending
req_20260915_0110,2026-09-15,12:52,loc_lhc_a,mess_b2_aravali,1,student,normal,11.0,pending
req_20260915_0089,2026-09-15,12:53,mess_pg_new_brahmagiri,mess_b7_sahyadri,3,student,normal,10.7,pending
req_20260915_0078,2026-09-15,12:56,dept_chem,mess_gb,2,student,normal,8.3,pending
req_20260915_0080,2026-09-15,13:01,loc_e_library,mess_b5_nilgiri,1,student,normal,14.9,pending
req_20260915_0072,2026-09-15,13:02,dept_chem,mess_gb,1,student,normal,8.6,pending
req_20260915_0092,2026-09-15,13:04,hostel_b_block8,loc_lhc_a,1,student,high,6.3,pending
req_20260915_0097,2026-09-15,13:07,dept_cse,mess_b8_trishul,4,student,normal,14.3,pending
req_20260915_0108,2026-09-15,13:16,dept_chemistry,mess_b7_sahyadri,1,student,normal,10.2,pending
req_20260915_0079,2026-09-15,13:22,dept_it,mess_b2_aravali,2,student,normal,12.8,pending
req_20260915_0084,2026-09-15,13:31,hostel_g_gh6,mess_b8_trishul,4,student,normal,10.2,pending
req_20260915_0100,2026-09-15,13:39,loc_lhc_a,mess_b3_vindhya,1,student,normal,8.7,pending
req_20260915_0107,2026-09-15,13:39,dept_chemistry,mess_pg_pushpagiri,2,student,normal,14.0,pending
req_20260915_0077,2026-09-15,13:45,loc_lhc_b,mess_mega,4,student,normal,13.4,pending
req_20260915_0099,2026-09-15,13:45,dept_mining,mess_b8_trishul,1,student,normal,13.8,pending
req_20260915_0105,2026-09-15,14:00,loc_lhc_b,mess_b7_sahyadri,1,student,normal,11.5,pending
req_20260915_0075,2026-09-15,14:02,dept_it,mess_b7_sahyadri,1,student,normal,10.2,pending
req_20260915_0082,2026-09-15,14:02,mess_b4_satpura,dept_mech,2,student,normal,9.7,pending
req_20260915_0086,2026-09-15,14:04,dept_chemistry,mess_pg_new_brahmagiri,2,student,normal,13.0,pending
req_20260915_0090,2026-09-15,14:06,mess_b3_vindhya,mess_b1_karavali,1,student,normal,11.6,pending
req_20260915_0106,2026-09-15,14:14,dept_chemistry,mess_b1_karavali,1,student,normal,9.4,pending
req_20260915_0095,2026-09-15,14:16,dept_mech,mess_b7_sahyadri,2,student,normal,12.5,pending
req_20260915_0094,2026-09-15,14:17,loc_e_library,mess_mega,2,student,normal,8.2,pending
req_20260915_0074,2026-09-15,14:18,dept_cse,mess_b2_aravali,2,student,normal,13.0,pending
req_20260915_0127,2026-09-15,14:32,hostel_b_block6,hostel_b_block8,1,student,high,7.0,pending
req_20260915_0116,2026-09-15,14:41,mess_b1_karavali,dept_civil,1,student,normal,13.0,pending
req_20260915_0117,2026-09-15,15:05,dept_chemistry,loc_central_library,2,student,normal,12.6,pending
req_20260915_0115,2026-09-15,15:13,mess_b4_satpura,dept_it,1,student,normal,14.9,pending
req_20260915_0112,2026-09-15,15:28,dept_cse,hostel_b_block3,1,student,normal,9.0,pending
req_20260915_0120,2026-09-15,15:41,loc_suprabha_girls,hostel_g_gh2,1,student,high,7.5,pending
req_20260915_0125,2026-09-15,15:44,mess_b2_aravali,dept_wroe,1,staff,normal,14.2,pending
req_20260915_0124,2026-09-15,16:07,mess_mega,dept_cse,1,student,normal,12.3,pending
req_20260915_0119,2026-09-15,16:08,loc_main_building,dept_physics,1,faculty,normal,10.9,pending
req_20260915_0118,2026-09-15,16:09,dept_mech,loc_central_library,3,student,high,4.1,pending
req_20260915_0122,2026-09-15,16:09,mess_b5_nilgiri,dept_mining,1,student,normal,12.7,pending
req_20260915_0121,2026-09-15,16:23,mess_b2_aravali,dept_eee,1,student,normal,13.9,pending
req_20260915_0114,2026-09-15,16:26,dept_chemistry,loc_central_library,2,student,normal,10.9,pending
req_20260915_0123,2026-09-15,16:35,dept_civil,hostel_b_mt1,2,student,normal,13.6,pending
req_20260915_0126,2026-09-15,16:38,dept_physics,loc_e_library,1,student,normal,12.1,pending
req_20260915_0113,2026-09-15,16:47,dept_chem,hostel_g_gh4,2,student,normal,12.3,pending
req_20260915_0128,2026-09-15,16:53,mess_b3_vindhya,dept_mining,2,faculty,high,5.5,pending
req_20260915_0132,2026-09-15,17:11,hostel_b_mt1,loc_central_library,1,faculty,normal,11.0,pending
req_20260915_0136,2026-09-15,17:28,hostel_b_block8,loc_boys_coop,1,student,normal,11.3,pending
req_20260915_0139,2026-09-15,17:41,hostel_g_gh5,loc_e_library,3,student,normal,14.7,pending
req_20260915_0147,2026-09-15,17:43,dept_it,loc_central_library,1,student,normal,14.8,pending
req_20260915_0138,2026-09-15,17:44,hostel_b_block1,loc_suprabha_girls,1,student,normal,13.4,pending
req_20260915_0130,2026-09-15,17:49,hostel_b_block8,loc_central_library,1,student,normal,12.4,pending
req_20260915_0135,2026-09-15,17:53,hostel_g_gh2,loc_suprabha_boys,3,student,normal,12.4,pending
req_20260915_0151,2026-09-15,17:53,dept_hssm,loc_central_library,3,staff,normal,12.3,pending
req_20260915_0144,2026-09-15,18:13,hostel_b_block8,loc_central_library,1,staff,normal,8.2,pending
req_20260915_0148,2026-09-15,18:16,hostel_g_gh1,loc_suprabha_girls,1,student,normal,13.2,pending
req_20260915_0133,2026-09-15,18:25,dept_mme,loc_e_library,1,student,high,6.1,pending
req_20260915_0131,2026-09-15,18:26,dept_wroe,loc_e_library,1,student,normal,8.5,pending
req_20260915_0141,2026-09-15,18:37,hostel_g_gh1,loc_girls_coop,2,student,normal,11.4,pending
req_20260915_0140,2026-09-15,18:42,hostel_b_mt2,loc_girls_coop,1,student,normal,12.7,pending
req_20260915_0145,2026-09-15,18:42,dept_physics,loc_central_library,3,student,normal,9.0,pending
req_20260915_0146,2026-09-15,18:44,hostel_g_gh3,hostel_b_mt2,1,student,normal,9.4,pending
req_20260915_0149,2026-09-15,18:52,dept_mech,loc_suprabha_girls,1,student,normal,12.3,pending
req_20260915_0150,2026-09-15,18:53,hostel_b_brahmagiri,loc_girls_coop,1,student,normal,13.4,pending
req_20260915_0134,2026-09-15,19:05,hostel_g_gh6,loc_suprabha_girls,1,student,normal,13.8,pending
req_20260915_0153,2026-09-15,19:10,hostel_g_gh6,loc_central_library,1,student,normal,13.2,pending
req_20260915_0129,2026-09-15,19:13,dept_chemistry,loc_e_library,1,student,normal,11.7,pending
req_20260915_0142,2026-09-15,19:26,hostel_b_block7,loc_suprabha_girls,2,student,normal,14.9,pending
req_20260915_0137,2026-09-15,19:28,hostel_g_gh2,hostel_b_mt1,2,student,normal,14.6,pending
req_20260915_0143,2026-09-15,19:51,hostel_b_block8,loc_suprabha_girls,1,student,normal,13.4,pending
req_20260915_0152,2026-09-15,19:56,hostel_b_shivalik,loc_girls_coop,4,faculty,normal,12.3,pending
req_20260915_0163,2026-09-15,20:31,loc_e_library,hostel_g_gh4,1,student,high,7.9,pending
req_20260915_0160,2026-09-15,20:43,loc_e_library,hostel_b_block4,1,student,normal,8.6,pending
req_20260915_0165,2026-09-15,20:49,loc_central_library,hostel_b_shivalik,2,student,normal,12.0,pending
req_20260915_0154,2026-09-15,20:50,loc_e_library,hostel_b_block7,1,student,normal,11.8,pending
req_20260915_0157,2026-09-15,20:54,loc_suprabha_boys,hostel_b_mt2,1,student,normal,10.7,pending
req_20260915_0161,2026-09-15,20:54,loc_central_library,hostel_b_block1,1,student,normal,11.7,pending
req_20260915_0166,2026-09-15,20:57,loc_suprabha_boys,hostel_g_gh1,1,student,normal,11.7,pending
req_20260915_0158,2026-09-15,21:01,loc_girls_coop,hostel_b_brahmagiri,1,student,normal,12.2,pending
req_20260915_0156,2026-09-15,21:22,loc_central_library,hostel_g_gh1,2,student,normal,8.7,pending
req_20260915_0159,2026-09-15,21:37,loc_boys_coop,hostel_b_block7,2,student,normal,13.2,pending
req_20260915_0155,2026-09-15,22:27,dept_mining,hostel_g_gh5,1,student,normal,9.5,pending
req_20260915_0164,2026-09-15,22:45,loc_suprabha_boys,hostel_g_gh2,1,student,high,4.5,pending
req_20260915_0162,2026-09-15,22:52,loc_suprabha_girls,hostel_b_block3,1,student,normal,13.0,pending
req_20260916_0001,2026-09-16,05:13,hostel_g_gh5,dept_ece,1,faculty,high,4.3,pending
req_20260916_0009,2026-09-16,05:31,hostel_b_block3,loc_main_gate,3,student,normal,8.0,pending
req_20260916_0008,2026-09-16,05:35,hostel_b_mt1,dept_mme,1,student,normal,13.2,pending
req_20260916_0002,2026-09-16,05:42,hostel_g_gh6,dept_wroe,1,staff,normal,15.0,pending
req_20260916_0005,2026-09-16,06:20,hostel_g_gh6,loc_main_gate,2,student,high,6.9,pending
req_20260916_0003,2026-09-16,06:24,hostel_g_gh4,mess_b3_vindhya,2,student,normal,12.7,pending
req_20260916_0004,2026-09-16,06:48,hostel_b_block5,dept_chem,1,student,normal,13.3,pending
req_20260916_0006,2026-09-16,06:52,hostel_g_gh3,mess_b3_vindhya,1,student,normal,13.0,pending
req_20260916_0007,2026-09-16,06:58,hostel_b_block5,loc_central_library,1,student,normal,10.5,pending
req_20260916_0039,2026-09-16,07:00,hostel_b_mt3,loc_lhc_b,1,student,normal,8.7,pending
req_20260916_0032,2026-09-16,07:04,hostel_g_gh4,dept_physics,1,student,normal,9.5,pending
req_20260916_0016,2026-09-16,07:07,hostel_b_block8,loc_lhc_a,1,student,normal,12.0,pending
req_20260916_0057,2026-09-16,07:07,hostel_g_gh3,dept_civil,1,student,normal,11.3,pending
req_20260916_0023,2026-09-16,07:08,hostel_b_block3,loc_lhc_b,3,student,normal,10.4,pending
req_20260916_0038,2026-09-16,07:11,hostel_b_block1,loc_lhc_a,1,student,normal,14.5,pending
req_20260916_0027,2026-09-16,07:28,hostel_b_mt2,loc_lhc_b,1,student,normal,14.6,pending
req_20260916_0030,2026-09-16,07:32,hostel_b_block1,loc_lhc_a,3,student,normal,11.6,pending
req_20260916_0024,2026-09-16,07:41,hostel_g_gh2,dept_physics,2,student,normal,11.2,pending
req_20260916_0029,2026-09-16,07:42,hostel_b_block5,dept_wroe,1,student,normal,10.6,pending
req_20260916_0015,2026-09-16,07:46,hostel_g_gh1,loc_lhc_b,2,student,normal,13.5,pending
req_20260916_0020,2026-09-16,07:47,hostel_b_mt1,dept_ece,3,faculty,normal,13.6,pending
req_20260916_0053,2026-09-16,07:49,hostel_b_shivalik,loc_lhc_b,1,student,high,4.5,pending
req_20260916_0012,2026-09-16,07:53,hostel_b_mt2,loc_lhc_a,1,staff,normal,9.1,pending
req_20260916_0018,2026-09-16,07:59,hostel_g_gh2,loc_lhc_a,1,student,normal,14.5,pending
req_20260916_0035,2026-09-16,07:59,hostel_b_block3,dept_ece,1,student,high,5.5,pending
req_20260916_0021,2026-09-16,08:00,hostel_g_gh6,loc_lhc_a,2,staff,normal,8.3,pending
req_20260916_0022,2026-09-16,08:02,hostel_g_gh5,loc_lhc_a,2,student,normal,10.4,pending
req_20260916_0040,2026-09-16,08:09,hostel_b_mt1,loc_lhc_a,1,student,normal,13.4,pending
req_20260916_0054,2026-09-16,08:13,hostel_b_block5,dept_macs,2,staff,normal,12.1,pending
req_20260916_0047,2026-09-16,08:18,hostel_b_block2,dept_mining,1,student,normal,9.1,pending
req_20260916_0050,2026-09-16,08:20,mess_mega,hostel_b_mt1,1,student,normal,8.2,pending
req_20260916_0055,2026-09-16,08:37,hostel_b_block7,loc_e_library,1,student,normal,9.2,pending
req_20260916_0019,2026-09-16,08:39,hostel_g_gh5,loc_lhc_a,2,student,normal,9.9,pending
req_20260916_0037,2026-09-16,08:43,hostel_g_gh2,dept_mining,1,student,high,5.1,pending
req_20260916_0011,2026-09-16,08:51,hostel_b_block7,dept_it,1,student,normal,10.9,pending
req_20260916_0031,2026-09-16,08:52,hostel_b_block4,loc_lhc_b,1,student,normal,14.1,pending
req_20260916_0051,2026-09-16,08:52,hostel_b_mt3,loc_lhc_b,1,student,normal,13.5,pending
req_20260916_0049,2026-09-16,08:53,hostel_g_gh4,dept_chem,1,student,normal,14.2,pending
req_20260916_0017,2026-09-16,09:07,hostel_g_gh3,loc_lhc_a,1,student,normal,9.2,pending
req_20260916_0034,2026-09-16,09:08,hostel_b_block4,loc_lhc_b,1,student,normal,8.9,pending
req_20260916_0036,2026-09-16,09:09,hostel_b_block5,loc_lhc_b,1,student,normal,13.3,pending
req_20260916_0026,2026-09-16,09:11,hostel_b_mt1,loc_lhc_a,3,student,normal,9.7,pending
req_20260916_0056,2026-09-16,09:11,hostel_b_mt1,loc_e_library,1,student,normal,9.4,pending
req_20260916_0013,2026-09-16,09:18,hostel_g_gh1,loc_lhc_a,1,student,normal,8.4,pending
req_20260916_0033,2026-09-16,09:18,dept_chemistry,hostel_b_mt3,3,student,high,5.4,pending
req_20260916_0048,2026-09-16,09:22,hostel_g_gh3,loc_lhc_a,1,student,normal,11.4,pending
req_20260916_0010,2026-09-16,09:35,hostel_g_gh4,loc_lhc_a,2,student,normal,10.4,pending
req_20260916_0046,2026-09-16,09:37,hostel_g_gh3,dept_macs,2,student,normal,10.6,pending
req_20260916_0042,2026-09-16,09:38,hostel_b_block6,loc_e_library,1,student,normal,11.7,pending
req_20260916_0043,2026-09-16,09:43,hostel_g_gh3,dept_macs,1,staff,normal,10.5,pending
req_20260916_0045,2026-09-16,09:43,hostel_b_mt2,loc_e_library,1,student,normal,9.9,pending
req_20260916_0014,2026-09-16,09:45,hostel_b_block6,dept_mech,2,staff,normal,12.1,pending
req_20260916_0041,2026-09-16,09:50,hostel_b_mt2,loc_lhc_a,2,student,normal,9.1,pending
req_20260916_0025,2026-09-16,09:56,dept_mining,mess_pg_pushpagiri,4,faculty,normal,14.1,pending
req_20260916_0052,2026-09-16,09:56,hostel_g_gh6,dept_mining,1,student,normal,11.0,pending
req_20260916_0028,2026-09-16,09:59,mess_b1_karavali,dept_civil,1,staff,normal,9.0,pending
req_20260916_0044,2026-09-16,09:59,hostel_b_block1,dept_macs,1,student,normal,14.7,pending
req_20260916_0074,2026-09-16,10:04,dept_wroe,dept_cse,1,student,normal,14.1,pending
req_20260916_0069,2026-09-16,10:05,dept_cse,dept_mining,2,student,normal,8.8,pending
req_20260916_0070,2026-09-16,10:11,loc_lhc_a,loc_e_library,1,student,normal,13.5,pending
req_20260916_0066,2026-09-16,10:13,dept_physics,loc_e_library,2,student,normal,11.6,pending
req_20260916_0063,2026-09-16,10:14,dept_hssm,loc_central_library,1,student,normal,13.8,pending
req_20260916_0059,2026-09-16,10:16,dept_mme,dept_mining,1,student,normal,10.5,pending
req_20260916_0064,2026-09-16,10:17,dept_ece,hostel_b_brahmagiri,3,student,normal,10.0,pending
req_20260916_0073,2026-09-16,10:36,loc_central_library,loc_e_library,2,student,normal,11.7,pending
req_20260916_0071,2026-09-16,11:21,dept_civil,dept_ece,1,student,normal,12.0,pending
req_20260916_0060,2026-09-16,11:24,loc_lhc_a,loc_central_library,2,student,normal,11.1,pending
req_20260916_0062,2026-09-16,11:27,dept_civil,loc_central_library,1,student,normal,9.3,pending
req_20260916_0058,2026-09-16,11:31,dept_physics,hostel_b_shivalik,2,student,normal,10.2,pending
req_20260916_0072,2026-09-16,11:35,dept_ece,dept_hssm,1,student,normal,11.2,pending
req_20260916_0067,2026-09-16,11:39,dept_mining,hostel_b_block6,1,student,normal,14.5,pending
req_20260916_0061,2026-09-16,11:48,dept_chem,loc_e_library,1,student,normal,10.4,pending
req_20260916_0065,2026-09-16,11:50,dept_it,hostel_b_mt3,2,faculty,high,7.5,pending
req_20260916_0068,2026-09-16,11:59,hostel_b_mt3,dept_mining,1,staff,normal,11.7,pending
req_20260916_0090,2026-09-16,12:00,loc_lhc_b,mess_b3_vindhya,1,student,normal,9.6,pending
req_20260916_0099,2026-09-16,12:00,loc_central_library,mess_b2_aravali,3,student,normal,9.5,pending
req_20260916_0113,2026-09-16,12:00,mess_mega,mess_pg_new_brahmagiri,1,student,normal,14.1,pending
req_20260916_0079,2026-09-16,12:12,mess_b5_nilgiri,mess_mega,1,student,normal,8.4,pending
req_20260916_0078,2026-09-16,12:14,dept_ece,mess_b8_trishul,3,student,normal,10.1,pending
req_20260916_0111,2026-09-16,12:20,loc_suprabha_boys,hostel_b_block6,1,student,normal,8.1,pending
req_20260916_0100,2026-09-16,12:22,dept_macs,mess_mega,1,student,normal,12.7,pending
req_20260916_0082,2026-09-16,12:23,loc_lhc_a,mess_b3_vindhya,2,staff,normal,9.1,pending
req_20260916_0110,2026-09-16,12:27,dept_ece,mess_gb,1,faculty,normal,13.0,pending
req_20260916_0115,2026-09-16,12:28,loc_lhc_b,mess_pg_pushpagiri,2,staff,normal,10.2,pending
req_20260916_0097,2026-09-16,12:29,loc_central_library,mess_b4_satpura,1,student,normal,13.6,pending
req_20260916_0104,2026-09-16,12:31,loc_central_library,mess_gb,2,student,normal,10.1,pending
req_20260916_0085,2026-09-16,12:35,dept_eee,mess_b2_aravali,1,student,normal,13.3,pending
req_20260916_0109,2026-09-16,12:38,loc_lhc_b,mess_b1_karavali,2,student,normal,14.2,pending
req_20260916_0088,2026-09-16,12:41,dept_mme,mess_b4_satpura,1,student,normal,9.3,pending
req_20260916_0095,2026-09-16,12:42,mess_b7_sahyadri,mess_mega,1,student,normal,8.4,pending
req_20260916_0093,2026-09-16,12:48,dept_chem,mess_b4_satpura,1,student,normal,12.5,pending
req_20260916_0101,2026-09-16,12:54,loc_lhc_b,mess_b8_trishul,1,faculty,high,7.8,pending
req_20260916_0108,2026-09-16,12:54,loc_central_library,mess_b7_sahyadri,1,student,normal,10.5,pending
req_20260916_0102,2026-09-16,12:55,dept_chem,mess_b8_trishul,1,student,normal,10.8,pending
req_20260916_0096,2026-09-16,12:59,loc_lhc_b,mess_b8_trishul,1,student,normal,14.6,pending
req_20260916_0089,2026-09-16,13:03,dept_macs,mess_b4_satpura,1,student,high,5.4,pending
req_20260916_0106,2026-09-16,13:05,loc_lhc_a,mess_b5_nilgiri,1,student,normal,14.3,pending
req_20260916_0112,2026-09-16,13:09,loc_e_library,mess_mega,1,student,high,7.8,pending
req_20260916_0105,2026-09-16,13:19,loc_lhc_a,mess_mega,1,student,normal,10.3,pending
req_20260916_0087,2026-09-16,13:21,loc_lhc_a,mess_b3_vindhya,1,student,normal,12.2,pending
req_20260916_0098,2026-09-16,13:22,dept_mech,mess_b3_vindhya,1,student,high,4.1,pending
req_20260916_0077,2026-09-16,13:23,dept_civil,mess_b3_vindhya,2,student,normal,11.3,pending
req_20260916_0091,2026-09-16,13:28,dept_cse,mess_b2_aravali,2,student,normal,12.0,pending
req_20260916_0107,2026-09-16,13:33,dept_it,mess_b8_trishul,2,student,normal,10.6,pending
req_20260916_0083,2026-09-16,13:36,dept_cse,mess_pg_pushpagiri,1,student,normal,14.9,pending
req_20260916_0114,2026-09-16,13:39,loc_central_library,mess_b7_sahyadri,1,student,normal,11.1,pending
req_20260916_0081,2026-09-16,13:40,mess_b8_trishul,dept_mech,1,student,normal,14.2,pending
req_20260916_0084,2026-09-16,13:43,dept_ece,mess_b7_sahyadri,1,student,normal,11.8,pending
req_20260916_0075,2026-09-16,13:47,dept_chem,mess_pg_pushpagiri,1,student,normal,8.4,pending
req_20260916_0080,2026-09-16,14:01,dept_civil,mess_b4_satpura,1,student,normal,9.5,pending
req_20260916_0092,2026-09-16,14:02,dept_it,mess_gb,2,student,normal,10.8,pending
req_20260916_0076,2026-09-16,14:08,dept_it,mess_pg_new_brahmagiri,1,student,normal,14.6,pending
req_20260916_0094,2026-09-16,14:18,loc_lhc_a,mess_b3_vindhya,1,student,normal,14.9,pending
req_20260916_0103,2026-09-16,14:19,dept_eee,mess_mega,1,student,normal,12.8,pending
req_20260916_0086,2026-09-16,14:25,loc_lhc_b,mess_b3_vindhya,1,faculty,normal,9.1,pending
req_20260916_0130,2026-09-16,14:30,dept_mech,hostel_g_gh3,1,student,high,7.4,pending
req_20260916_0128,2026-09-16,14:45,dept_chem,hostel_b_block2,1,student,normal,11.4,pending
req_20260916_0118,2026-09-16,15:09,mess_b2_aravali,dept_mech,1,student,normal,9.4,pending
req_20260916_0127,2026-09-16,15:15,dept_mech,hostel_b_block1,1,faculty,normal,14.1,pending
req_20260916_0131,2026-09-16,15:17,mess_b3_vindhya,dept_mining,3,staff,normal,11.7,pending
req_20260916_0121,2026-09-16,15:26,mess_mega,dept_macs,1,faculty,normal,10.9,pending
req_20260916_0120,2026-09-16,15:43,mess_b8_trishul,dept_physics,1,faculty,normal,11.4,pending
req_20260916_0129,2026-09-16,15:55,mess_b2_aravali,dept_mining,1,student,normal,13.5,pending
req_20260916_0132,2026-09-16,16:01,dept_eee,hostel_b_shivalik,2,staff,normal,11.7,pending
req_20260916_0116,2026-09-16,16:09,mess_b4_satpura,dept_civil,1,student,normal,10.8,pending
req_20260916_0126,2026-09-16,16:17,dept_wroe,hostel_b_shivalik,1,student,normal,11.5,pending
req_20260916_0122,2026-09-16,16:24,dept_civil,hostel_b_block1,1,staff,normal,8.6,pending
req_20260916_0123,2026-09-16,16:24,dept_cse,loc_central_library,1,student,normal,11.6,pending
req_20260916_0119,2026-09-16,16:27,dept_hssm,loc_e_library,3,student,normal,12.6,pending
req_20260916_0124,2026-09-16,16:28,dept_chem,hostel_g_gh4,1,student,high,5.1,pending
req_20260916_0117,2026-09-16,16:37,mess_pg_pushpagiri,dept_ece,1,student,normal,11.4,pending
req_20260916_0125,2026-09-16,16:54,hostel_b_block8,hostel_b_mt3,1,student,normal,13.5,pending
req_20260916_0137,2026-09-16,17:01,dept_mme,loc_central_library,1,student,normal,12.2,pending
req_20260916_0138,2026-09-16,17:08,hostel_b_block3,loc_girls_coop,3,student,normal,8.4,pending
req_20260916_0134,2026-09-16,17:12,hostel_b_block5,loc_central_library,1,student,normal,14.9,pending
req_20260916_0148,2026-09-16,17:16,loc_lhc_a,dept_physics,1,student,normal,14.9,pending
req_20260916_0149,2026-09-16,17:25,hostel_b_block8,loc_girls_coop,1,student,normal,8.8,pending
req_20260916_0142,2026-09-16,17:36,hostel_g_gh6,loc_suprabha_boys,1,student,normal,10.9,pending
req_20260916_0155,2026-09-16,17:44,hostel_b_block3,loc_suprabha_girls,1,student,normal,11.4,pending
req_20260916_0153,2026-09-16,17:51,loc_suprabha_boys,dept_physics,3,student,normal,14.1,pending
req_20260916_0141,2026-09-16,17:57,hostel_b_block3,loc_e_library,2,student,normal,10.6,pending
req_20260916_0157,2026-09-16,18:09,hostel_b_mt3,loc_suprabha_girls,1,student,normal,8.0,pending
req_20260916_0143,2026-09-16,18:17,hostel_b_block8,loc_suprabha_boys,1,student,normal,11.3,pending
req_20260916_0156,2026-09-16,18:26,hostel_g_gh1,loc_suprabha_boys,1,student,normal,14.5,pending
req_20260916_0140,2026-09-16,18:35,hostel_b_shivalik,loc_suprabha_girls,1,student,normal,12.9,pending
req_20260916_0144,2026-09-16,18:37,dept_physics,hostel_b_mt3,1,student,normal,12.8,pending
req_20260916_0139,2026-09-16,18:39,hostel_g_gh1,loc_suprabha_girls,2,student,normal,14.7,pending
req_20260916_0150,2026-09-16,18:40,dept_macs,loc_central_library,2,student,high,6.9,pending
req_20260916_0133,2026-09-16,18:50,hostel_b_block4,loc_suprabha_boys,1,faculty,normal,8.1,pending
req_20260916_0135,2026-09-16,18:53,hostel_b_block5,loc_central_library,2,student,normal,13.5,pending
req_20260916_0146,2026-09-16,18:59,hostel_g_gh2,loc_central_library,1,staff,normal,8.7,pending
req_20260916_0152,2026-09-16,19:00,dept_mining,loc_central_library,1,student,normal,11.4,pending
req_20260916_0158,2026-09-16,19:06,hostel_b_mt1,loc_e_library,4,student,normal,14.0,pending
req_20260916_0136,2026-09-16,19:13,hostel_b_shivalik,loc_girls_coop,1,student,normal,8.0,pending
req_20260916_0154,2026-09-16,19:21,hostel_b_mt3,loc_girls_coop,1,student,normal,8.5,pending
req_20260916_0151,2026-09-16,19:41,dept_wroe,loc_central_library,1,student,normal,14.8,pending
req_20260916_0145,2026-09-16,19:44,hostel_g_gh3,loc_suprabha_girls,1,student,normal,8.2,pending
req_20260916_0147,2026-09-16,19:58,hostel_b_block7,loc_e_library,1,student,high,5.4,pending
req_20260916_0167,2026-09-16,20:22,loc_suprabha_boys,hostel_b_block1,1,staff,normal,8.7,pending
req_20260916_0166,2026-09-16,20:27,loc_suprabha_girls,hostel_b_block5,3,staff,normal,14.2,pending
req_20260916_0159,2026-09-16,20:32,loc_central_library,hostel_b_mt1,1,student,normal,8.6,pending
req_20260916_0162,2026-09-16,20:44,loc_central_library,hostel_b_block4,1,student,normal,11.3,pending
req_20260916_0161,2026-09-16,20:45,loc_central_library,hostel_b_mt1,1,student,normal,9.0,pending
req_20260916_0163,2026-09-16,20:57,loc_suprabha_girls,hostel_g_gh1,2,student,normal,12.7,pending
req_20260916_0165,2026-09-16,20:59,loc_e_library,hostel_b_block2,1,student,normal,10.5,pending
req_20260916_0171,2026-09-16,21:04,loc_suprabha_boys,hostel_b_brahmagiri,1,student,normal,9.4,pending
req_20260916_0160,2026-09-16,21:52,loc_suprabha_girls,hostel_b_block2,1,student,normal,12.4,pending
req_20260916_0168,2026-09-16,22:04,loc_e_library,hostel_b_mt1,1,staff,normal,9.4,pending
req_20260916_0172,2026-09-16,22:06,loc_boys_coop,hostel_b_block2,2,student,normal,11.9,pending
req_20260916_0170,2026-09-16,22:11,dept_mech,hostel_g_gh3,1,student,normal,8.3,pending
req_20260916_0164,2026-09-16,22:13,loc_girls_coop,hostel_b_block3,2,staff,normal,8.9,pending
req_20260916_0169,2026-09-16,22:32,loc_suprabha_boys,hostel_b_mt3,2,student,normal,12.5,pending
req_20260917_0006,2026-09-17,05:02,hostel_b_block6,loc_lhc_a,1,student,normal,14.1,pending
req_20260917_0005,2026-09-17,05:22,hostel_b_mt2,dept_mining,2,student,normal,9.8,pending
req_20260917_0002,2026-09-17,05:27,hostel_b_brahmagiri,loc_main_gate,1,student,normal,13.5,pending
req_20260917_0004,2026-09-17,05:31,dept_wroe,dept_chemistry,2,student,high,7.5,pending
req_20260917_0001,2026-09-17,05:36,hostel_b_shivalik,dept_mme,1,student,normal,12.6,pending
req_20260917_0008,2026-09-17,05:36,hostel_b_block2,loc_main_gate,1,student,high,4.1,pending
req_20260917_0003,2026-09-17,06:21,hostel_g_gh1,loc_e_library,1,student,normal,11.8,pending
req_20260917_0007,2026-09-17,06:40,hostel_b_brahmagiri,loc_main_gate,1,student,normal,8.0,pending
req_20260917_0047,2026-09-17,07:04,hostel_b_block1,loc_lhc_b,1,student,normal,10.8,pending
req_20260917_0028,2026-09-17,07:06,hostel_b_block1,loc_lhc_a,3,student,high,6.2,pending
req_20260917_0031,2026-09-17,07:13,hostel_b_mt1,loc_lhc_b,1,student,normal,8.7,pending
req_20260917_0052,2026-09-17,07:13,hostel_b_block7,loc_lhc_b,3,student,normal,12.9,pending
req_20260917_0037,2026-09-17,07:16,hostel_b_shivalik,loc_lhc_a,1,student,normal,10.2,pending
req_20260917_0045,2026-09-17,07:23,hostel_g_gh5,dept_hssm,1,student,normal,11.0,pending
req_20260917_0034,2026-09-17,07:25,hostel_b_block8,dept_it,1,staff,normal,13.6,pending
req_20260917_0042,2026-09-17,07:39,hostel_b_block5,loc_lhc_a,2,student,normal,12.4,pending
req_20260917_0030,2026-09-17,07:44,hostel_b_block7,loc_central_library,2,student,normal,8.4,pending
req_20260917_0041,2026-09-17,07:44,hostel_g_gh3,loc_lhc_b,2,student,normal,12.9,pending
req_20260917_0024,2026-09-17,07:47,hostel_g_gh2,loc_lhc_a,2,student,normal,11.2,pending
req_20260917_0023,2026-09-17,07:54,hostel_b_mt1,loc_lhc_a,2,student,normal,13.7,pending
req_20260917_0043,2026-09-17,07:57,dept_mme,hostel_b_brahmagiri,1,student,normal,13.1,pending
req_20260917_0040,2026-09-17,07:58,hostel_b_block7,loc_lhc_b,1,student,normal,11.0,pending
req_20260917_0018,2026-09-17,08:03,dept_mme,hostel_g_gh5,1,student,normal,14.6,pending
req_20260917_0032,2026-09-17,08:14,hostel_b_block8,loc_lhc_b,1,student,normal,12.5,pending
req_20260917_0051,2026-09-17,08:19,hostel_b_mt3,loc_lhc_b,1,student,normal,12.0,pending
req_20260917_0035,2026-09-17,08:22,hostel_b_block4,loc_lhc_a,1,student,normal,13.4,pending
req_20260917_0033,2026-09-17,08:23,hostel_b_shivalik,loc_lhc_b,1,staff,high,6.2,pending
req_20260917_0013,2026-09-17,08:26,hostel_b_block6,loc_lhc_b,2,student,normal,9.3,pending
req_20260917_0038,2026-09-17,08:30,hostel_g_gh3,dept_it,1,student,normal,8.2,pending
req_20260917_0050,2026-09-17,08:34,hostel_b_block7,loc_lhc_b,1,student,normal,11.3,pending
req_20260917_0036,2026-09-17,08:36,hostel_b_mt2,dept_it,2,student,normal,10.6,pending
req_20260917_0053,2026-09-17,08:37,hostel_b_block5,loc_lhc_a,1,student,normal,11.4,pending
req_20260917_0019,2026-09-17,08:41,hostel_g_gh5,loc_lhc_b,1,student,normal,8.7,pending
req_20260917_0044,2026-09-17,08:42,dept_it,hostel_b_block7,1,student,normal,12.4,pending
req_20260917_0016,2026-09-17,08:43,hostel_b_block1,dept_civil,1,student,normal,8.9,pending
req_20260917_0026,2026-09-17,08:44,hostel_b_mt1,loc_lhc_a,1,student,normal,11.3,pending
req_20260917_0029,2026-09-17,08:44,hostel_b_shivalik,loc_lhc_a,1,student,normal,9.3,pending
req_20260917_0017,2026-09-17,08:59,hostel_b_block6,dept_ece,2,student,normal,14.3,pending
req_20260917_0048,2026-09-17,09:03,hostel_b_block7,loc_lhc_a,1,staff,high,7.6,pending
req_20260917_0010,2026-09-17,09:09,hostel_g_gh6,loc_lhc_b,1,student,normal,14.7,pending
req_20260917_0049,2026-09-17,09:10,hostel_b_block3,loc_lhc_a,1,student,normal,13.9,pending
req_20260917_0027,2026-09-17,09:15,hostel_b_block6,dept_mme,1,student,normal,14.8,pending
req_20260917_0020,2026-09-17,09:16,hostel_b_block2,loc_lhc_a,1,student,high,7.9,pending
req_20260917_0025,2026-09-17,09:20,hostel_b_shivalik,dept_it,1,student,normal,14.6,pending
req_20260917_0046,2026-09-17,09:20,hostel_b_mt1,dept_ece,1,student,high,7.9,pending
req_20260917_0021,2026-09-17,09:36,hostel_b_block8,loc_lhc_b,1,student,normal,8.1,pending
req_20260917_0009,2026-09-17,09:48,hostel_b_brahmagiri,loc_lhc_b,1,student,normal,9.5,pending
req_20260917_0022,2026-09-17,09:48,hostel_b_block1,loc_lhc_a,1,student,normal,10.4,pending
req_20260917_0039,2026-09-17,09:49,hostel_b_block7,loc_lhc_b,4,student,normal,13.9,pending
req_20260917_0014,2026-09-17,09:53,hostel_b_block8,dept_mech,2,student,normal,10.2,pending
req_20260917_0015,2026-09-17,09:55,hostel_g_gh2,loc_lhc_a,1,student,normal,10.8,pending
req_20260917_0011,2026-09-17,09:58,hostel_b_block4,loc_e_library,1,student,normal,13.4,pending
req_20260917_0012,2026-09-17,09:58,hostel_b_block6,loc_central_library,1,faculty,normal,12.5,pending
req_20260917_0060,2026-09-17,10:07,dept_cse,hostel_b_shivalik,1,student,normal,12.5,pending
req_20260917_0068,2026-09-17,10:07,dept_chemistry,hostel_b_shivalik,2,student,normal,10.4,pending
req_20260917_0064,2026-09-17,10:13,dept_mech,dept_chem,1,staff,normal,13.8,pending
req_20260917_0069,2026-09-17,10:30,dept_mme,dept_macs,2,faculty,normal,9.7,pending
req_20260917_0059,2026-09-17,10:39,dept_civil,dept_mme,1,student,normal,8.4,pending
req_20260917_0065,2026-09-17,10:46,hostel_b_mt1,dept_chem,2,student,normal,13.6,pending
req_20260917_0055,2026-09-17,11:07,dept_wroe,dept_chem,1,student,normal,10.2,pending
req_20260917_0067,2026-09-17,11:18,dept_cse,dept_eee,1,student,normal,14.6,pending
req_20260917_0062,2026-09-17,11:24,mess_b2_aravali,hostel_b_mt1,2,student,normal,9.5,pending
req_20260917_0061,2026-09-17,11:37,dept_mining,loc_e_library,1,student,normal,14.7,pending
req_20260917_0054,2026-09-17,11:44,dept_mining,hostel_b_block7,1,student,normal,12.5,pending
req_20260917_0066,2026-09-17,11:53,dept_mining,dept_chemistry,1,student,normal,11.7,pending
req_20260917_0056,2026-09-17,11:55,dept_eee,loc_central_library,1,student,normal,14.0,pending
req_20260917_0063,2026-09-17,11:55,mess_pg_new_brahmagiri,loc_boys_coop,1,student,normal,10.5,pending
req_20260917_0057,2026-09-17,11:59,dept_eee,hostel_b_block6,1,student,normal,10.4,pending
req_20260917_0058,2026-09-17,11:59,dept_macs,dept_physics,1,student,normal,9.6,pending
req_20260917_0095,2026-09-17,12:02,loc_lhc_a,mess_mega,1,student,normal,12.5,pending
req_20260917_0098,2026-09-17,12:05,dept_mme,mess_pg_new_brahmagiri,1,student,normal,10.5,pending
req_20260917_0076,2026-09-17,12:09,loc_e_library,mess_b1_karavali,1,staff,high,7.5,pending
req_20260917_0102,2026-09-17,12:09,mess_b3_vindhya,hostel_b_block5,1,student,normal,13.6,pending
req_20260917_0073,2026-09-17,12:11,loc_lhc_b,mess_b4_satpura,1,student,normal,13.5,pending
req_20260917_0085,2026-09-17,12:20,loc_e_library,mess_mega,1,student,normal,13.9,pending
req_20260917_0097,2026-09-17,12:20,loc_central_library,mess_b7_sahyadri,3,student,normal,13.0,pending
req_20260917_0105,2026-09-17,12:20,dept_cse,mess_b7_sahyadri,3,student,normal,9.3,pending
req_20260917_0074,2026-09-17,12:22,dept_cse,mess_pg_new_brahmagiri,1,student,high,4.1,pending
req_20260917_0083,2026-09-17,12:22,dept_physics,mess_b3_vindhya,1,student,normal,13.6,pending
req_20260917_0072,2026-09-17,12:26,dept_cse,mess_b3_vindhya,1,student,normal,11.4,pending
req_20260917_0096,2026-09-17,12:27,dept_chem,mess_pg_pushpagiri,1,student,normal,9.8,pending
req_20260917_0082,2026-09-17,12:34,loc_e_library,mess_b4_satpura,1,student,normal,13.5,pending
req_20260917_0080,2026-09-17,12:40,dept_wroe,mess_mega,4,staff,normal,11.3,pending
req_20260917_0101,2026-09-17,12:49,loc_e_library,mess_b7_sahyadri,1,student,normal,10.0,pending
req_20260917_0084,2026-09-17,12:50,dept_macs,mess_mega,1,student,normal,10.7,pending
req_20260917_0090,2026-09-17,12:50,loc_suprabha_boys,dept_wroe,1,student,normal,8.5,pending
req_20260917_0099,2026-09-17,12:50,dept_chemistry,mess_pg_pushpagiri,1,student,normal,14.2,pending
req_20260917_0070,2026-09-17,12:57,loc_lhc_b,mess_b1_karavali,3,student,normal,9.8,pending
req_20260917_0092,2026-09-17,13:06,dept_macs,mess_pg_new_brahmagiri,1,student,normal,11.7,pending
req_20260917_0087,2026-09-17,13:09,dept_chemistry,mess_b2_aravali,1,student,normal,13.1,pending
req_20260917_0104,2026-09-17,13:23,loc_lhc_b,mess_pg_pushpagiri,2,student,normal,12.6,pending
req_20260917_0100,2026-09-17,13:33,dept_eee,mess_b8_trishul,1,student,normal,14.4,pending
req_20260917_0091,2026-09-17,13:34,dept_it,mess_pg_pushpagiri,3,student,normal,14.1,pending
req_20260917_0094,2026-09-17,13:39,loc_boys_coop,mess_b4_satpura,2,student,high,7.3,pending
req_20260917_0075,2026-09-17,13:40,dept_hssm,mess_mega,1,student,normal,13.1,pending
req_20260917_0088,2026-09-17,13:40,loc_lhc_b,mess_b5_nilgiri,1,student,normal,14.1,pending
req_20260917_0077,2026-09-17,13:49,loc_lhc_a,mess_gb,3,student,normal,8.7,pending
req_20260917_0106,2026-09-17,13:52,dept_chemistry,mess_b5_nilgiri,1,student,normal,11.4,pending
req_20260917_0078,2026-09-17,13:56,mess_b1_karavali,dept_mme,1,staff,normal,9.8,pending
req_20260917_0107,2026-09-17,14:02,dept_macs,mess_b2_aravali,1,student,normal,12.0,pending
req_20260917_0093,2026-09-17,14:05,dept_physics,mess_b2_aravali,1,student,normal,13.2,pending
req_20260917_0071,2026-09-17,14:09,loc_e_library,mess_b3_vindhya,1,student,normal,9.2,pending
req_20260917_0103,2026-09-17,14:14,loc_lhc_a,mess_b5_nilgiri,1,student,normal,8.1,pending
req_20260917_0081,2026-09-17,14:15,loc_lhc_a,mess_pg_pushpagiri,3,student,normal,13.1,pending
req_20260917_0079,2026-09-17,14:22,loc_lhc_b,mess_pg_pushpagiri,1,student,normal,13.4,pending
req_20260917_0089,2026-09-17,14:24,dept_mme,mess_b4_satpura,1,student,normal,9.2,pending
req_20260917_0086,2026-09-17,14:25,dept_physics,mess_b3_vindhya,1,staff,normal,8.7,pending
req_20260917_0118,2026-09-17,14:38,mess_gb,dept_mme,1,student,normal,14.2,pending
req_20260917_0119,2026-09-17,14:48,mess_b8_trishul,dept_ece,1,student,normal,9.4,pending
req_20260917_0120,2026-09-17,14:53,dept_hssm,loc_e_library,1,student,normal,12.2,pending
req_20260917_0114,2026-09-17,14:57,dept_chemistry,hostel_g_gh6,1,student,normal,14.4,pending
req_20260917_0113,2026-09-17,15:12,dept_cse,hostel_g_gh2,1,student,normal,14.4,pending
req_20260917_0112,2026-09-17,15:18,dept_physics,loc_central_library,1,student,normal,12.9,pending
req_20260917_0116,2026-09-17,15:23,dept_chem,hostel_b_block2,1,student,normal,11.8,pending
req_20260917_0108,2026-09-17,16:12,hostel_b_block7,hostel_b_mt1,3,student,normal,9.8,pending
req_20260917_0115,2026-09-17,16:13,dept_ece,loc_e_library,1,student,normal,11.5,pending
req_20260917_0109,2026-09-17,16:24,dept_mining,loc_e_library,1,student,normal,11.9,pending
req_20260917_0111,2026-09-17,16:36,dept_ece,loc_e_library,3,student,normal,13.9,pending
req_20260917_0110,2026-09-17,16:47,mess_b1_karavali,dept_it,2,student,normal,8.6,pending
req_20260917_0121,2026-09-17,16:47,mess_pg_new_brahmagiri,dept_it,1,student,normal,8.9,pending
req_20260917_0117,2026-09-17,16:53,mess_mega,dept_wroe,2,student,normal,12.1,pending
req_20260917_0123,2026-09-17,16:57,mess_mega,dept_macs,1,student,normal,10.3,pending
req_20260917_0122,2026-09-17,16:59,mess_b4_satpura,mess_b3_vindhya,1,student,normal,14.0,pending
req_20260917_0125,2026-09-17,17:21,dept_mech,loc_central_library,1,student,normal,12.8,pending
req_20260917_0130,2026-09-17,17:21,hostel_b_shivalik,dept_mech,3,student,normal,12.4,pending
req_20260917_0136,2026-09-17,17:29,hostel_g_gh3,loc_central_library,2,student,normal,14.9,pending
req_20260917_0133,2026-09-17,17:33,hostel_b_block1,loc_e_library,1,student,normal,12.9,pending
req_20260917_0144,2026-09-17,17:42,hostel_b_brahmagiri,loc_central_library,2,student,normal,13.5,pending
req_20260917_0127,2026-09-17,17:48,dept_macs,dept_eee,1,staff,normal,11.5,pending
req_20260917_0137,2026-09-17,17:50,hostel_g_gh3,loc_central_library,1,student,normal,13.1,pending
req_20260917_0143,2026-09-17,18:04,hostel_b_block7,loc_suprabha_boys,1,student,normal,10.0,pending
req_20260917_0135,2026-09-17,18:05,dept_civil,loc_e_library,1,staff,normal,9.5,pending
req_20260917_0147,2026-09-17,18:05,mess_b2_aravali,hostel_g_gh2,2,student,normal,8.7,pending
req_20260917_0126,2026-09-17,18:23,hostel_b_block3,loc_central_library,1,student,normal,11.4,pending
req_20260917_0141,2026-09-17,18:25,hostel_b_block3,loc_suprabha_boys,2,student,normal,13.8,pending
req_20260917_0140,2026-09-17,18:26,hostel_g_gh6,loc_suprabha_boys,1,student,normal,13.3,pending
req_20260917_0134,2026-09-17,18:57,dept_civil,loc_central_library,1,student,normal,12.2,pending
req_20260917_0145,2026-09-17,19:02,mess_pg_pushpagiri,hostel_g_gh2,1,student,normal,14.4,pending
req_20260917_0132,2026-09-17,19:07,hostel_g_gh2,loc_central_library,1,student,normal,11.2,pending
req_20260917_0129,2026-09-17,19:10,hostel_b_block1,loc_central_library,1,student,normal,12.6,pending
req_20260917_0128,2026-09-17,19:17,dept_eee,loc_central_library,1,student,normal,11.2,pending
req_20260917_0138,2026-09-17,19:19,hostel_b_block7,loc_suprabha_girls,1,student,normal,13.7,pending
req_20260917_0142,2026-09-17,19:40,dept_civil,loc_central_library,1,student,normal,12.0,pending
req_20260917_0124,2026-09-17,19:42,hostel_g_gh4,loc_e_library,2,student,normal,14.5,pending
req_20260917_0131,2026-09-17,19:45,hostel_g_gh5,loc_girls_coop,1,student,normal,14.6,pending
req_20260917_0139,2026-09-17,19:45,hostel_g_gh6,loc_boys_coop,2,faculty,normal,10.2,pending
req_20260917_0146,2026-09-17,19:56,hostel_b_block5,loc_girls_coop,1,student,normal,12.1,pending
req_20260917_0157,2026-09-17,20:06,dept_chemistry,hostel_b_brahmagiri,1,student,normal,11.9,pending
req_20260917_0155,2026-09-17,20:09,loc_suprabha_girls,hostel_g_gh2,1,student,normal,9.8,pending
req_20260917_0151,2026-09-17,20:24,loc_central_library,hostel_g_gh2,1,student,normal,11.6,pending
req_20260917_0159,2026-09-17,20:40,loc_suprabha_boys,hostel_b_block8,2,student,normal,12.6,pending
req_20260917_0158,2026-09-17,21:01,loc_central_library,hostel_b_mt1,1,student,normal,11.3,pending
req_20260917_0148,2026-09-17,21:06,loc_central_library,hostel_b_block7,1,student,normal,10.8,pending
req_20260917_0153,2026-09-17,21:21,loc_suprabha_girls,hostel_b_block2,1,student,normal,11.7,pending
req_20260917_0150,2026-09-17,21:29,loc_suprabha_girls,hostel_b_block3,2,student,normal,12.2,pending
req_20260917_0149,2026-09-17,21:57,loc_suprabha_boys,hostel_g_gh2,3,student,normal,11.4,pending
req_20260917_0156,2026-09-17,22:09,loc_central_library,hostel_b_mt3,1,student,normal,14.3,pending
req_20260917_0152,2026-09-17,22:11,loc_central_library,hostel_g_gh6,1,student,normal,9.2,pending
req_20260917_0154,2026-09-17,22:30,loc_central_library,hostel_b_block1,1,staff,normal,8.1,pending
req_20260917_0160,2026-09-17,22:53,loc_e_library,hostel_b_block2,1,faculty,normal,11.8,pending
req_20260918_0008,2026-09-18,05:04,hostel_b_mt3,mess_b2_aravali,1,student,normal,11.8,pending
req_20260918_0006,2026-09-18,05:37,hostel_g_gh5,dept_chemistry,1,faculty,normal,14.8,pending
req_20260918_0003,2026-09-18,05:40,hostel_g_gh4,loc_central_library,1,student,normal,8.8,pending
req_20260918_0004,2026-09-18,05:43,hostel_b_block7,dept_chem,3,student,normal,8.4,pending
req_20260918_0001,2026-09-18,05:45,hostel_g_gh3,dept_civil,2,student,normal,9.0,pending
req_20260918_0005,2026-09-18,05:58,hostel_b_brahmagiri,loc_lhc_b,1,student,normal,9.5,pending
req_20260918_0002,2026-09-18,06:09,dept_hssm,dept_macs,2,student,normal,8.0,pending
req_20260918_0007,2026-09-18,06:25,hostel_b_block8,mess_b3_vindhya,1,student,normal,13.5,pending
req_20260918_0025,2026-09-18,07:00,hostel_g_gh2,loc_lhc_a,4,student,normal,10.8,pending
req_20260918_0012,2026-09-18,07:09,hostel_g_gh4,dept_chemistry,1,student,normal,11.2,pending
req_20260918_0029,2026-09-18,07:23,hostel_b_shivalik,loc_central_library,1,student,normal,10.1,pending
req_20260918_0013,2026-09-18,07:27,hostel_b_mt3,dept_chem,1,student,normal,12.6,pending
req_20260918_0045,2026-09-18,07:30,hostel_g_gh1,dept_wroe,1,student,normal,13.0,pending
req_20260918_0054,2026-09-18,07:31,hostel_b_block2,dept_wroe,1,staff,normal,12.2,pending
req_20260918_0034,2026-09-18,07:33,hostel_g_gh6,loc_lhc_a,1,staff,normal,9.5,pending
req_20260918_0049,2026-09-18,07:34,hostel_g_gh5,mess_b8_trishul,1,student,normal,8.5,pending
req_20260918_0018,2026-09-18,07:40,hostel_b_block1,dept_mech,1,student,normal,12.0,pending
req_20260918_0030,2026-09-18,07:41,dept_ece,hostel_b_block1,2,student,normal,9.1,pending
req_20260918_0038,2026-09-18,07:42,hostel_g_gh3,loc_lhc_a,1,staff,normal,9.0,pending
req_20260918_0032,2026-09-18,07:53,hostel_b_block5,dept_physics,2,student,high,4.3,pending
req_20260918_0022,2026-09-18,07:56,hostel_b_brahmagiri,loc_lhc_a,1,student,normal,14.8,pending
req_20260918_0050,2026-09-18,07:58,mess_gb,mess_b5_nilgiri,1,student,normal,14.7,pending
req_20260918_0042,2026-09-18,08:00,hostel_g_gh5,loc_lhc_a,4,staff,normal,12.2,pending
req_20260918_0046,2026-09-18,08:04,hostel_g_gh3,dept_wroe,2,student,normal,14.4,pending
req_20260918_0033,2026-09-18,08:05,hostel_b_block6,dept_it,1,student,high,5.1,pending
req_20260918_0037,2026-09-18,08:19,hostel_b_block3,dept_it,2,student,normal,8.5,pending
req_20260918_0040,2026-09-18,08:21,hostel_b_mt3,dept_macs,1,student,normal,13.2,pending
req_20260918_0044,2026-09-18,08:24,hostel_g_gh3,loc_lhc_b,1,student,normal,8.2,pending
req_20260918_0016,2026-09-18,08:27,hostel_b_block3,dept_macs,1,student,normal,13.2,pending
req_20260918_0019,2026-09-18,08:31,hostel_b_block8,loc_e_library,1,staff,normal,13.6,pending
req_20260918_0026,2026-09-18,08:31,hostel_g_gh2,loc_lhc_b,1,student,normal,12.3,pending
req_20260918_0048,2026-09-18,08:35,hostel_b_brahmagiri,dept_cse,2,student,normal,8.7,pending
req_20260918_0020,2026-09-18,08:40,hostel_g_gh6,dept_physics,1,student,normal,10.3,pending
req_20260918_0021,2026-09-18,08:43,hostel_g_gh6,loc_lhc_a,1,staff,normal,11.1,pending
req_20260918_0017,2026-09-18,08:44,hostel_b_shivalik,loc_lhc_b,1,student,normal,9.9,pending
req_20260918_0035,2026-09-18,08:50,hostel_b_mt1,loc_e_library,2,student,normal,8.7,pending
req_20260918_0043,2026-09-18,08:51,hostel_g_gh5,mess_b2_aravali,1,student,high,5.6,pending
req_20260918_0039,2026-09-18,08:54,hostel_b_mt2,loc_lhc_a,1,student,normal,13.0,pending
req_20260918_0055,2026-09-18,08:54,hostel_b_block4,dept_chemistry,1,student,normal,8.1,pending
req_20260918_0015,2026-09-18,09:02,mess_b3_vindhya,hostel_b_brahmagiri,2,student,normal,8.5,pending
req_20260918_0052,2026-09-18,09:03,hostel_b_block5,loc_lhc_b,1,student,normal,12.3,pending
req_20260918_0047,2026-09-18,09:06,hostel_b_brahmagiri,loc_lhc_b,2,student,normal,10.2,pending
req_20260918_0024,2026-09-18,09:15,hostel_g_gh5,loc_lhc_a,1,student,normal,9.8,pending
req_20260918_0028,2026-09-18,09:16,hostel_b_mt3,loc_central_library,2,student,normal,10.9,pending
req_20260918_0027,2026-09-18,09:17,dept_wroe,loc_lhc_a,1,student,normal,13.5,pending
req_20260918_0031,2026-09-18,09:19,hostel_b_block2,loc_lhc_a,1,staff,normal,15.0,pending
req_20260918_0041,2026-09-18,09:29,dept_mining,loc_suprabha_boys,1,student,normal,13.8,pending
req_20260918_0010,2026-09-18,09:36,hostel_b_mt2,dept_hssm,1,student,normal,8.9,pending
req_20260918_0009,2026-09-18,09:40,hostel_g_gh5,dept_mining,1,student,normal,11.9,pending
req_20260918_0053,2026-09-18,09:41,hostel_g_gh3,loc_lhc_b,2,student,normal,14.9,pending
req_20260918_0036,2026-09-18,09:45,hostel_b_mt2,loc_lhc_b,1,student,high,5.1,pending
req_20260918_0011,2026-09-18,09:46,hostel_b_block1,loc_lhc_b,1,student,normal,10.8,pending
req_20260918_0014,2026-09-18,09:46,hostel_b_block8,loc_lhc_a,2,student,normal,12.0,pending
req_20260918_0023,2026-09-18,09:46,hostel_b_block2,loc_lhc_a,1,student,normal,12.1,pending
req_20260918_0051,2026-09-18,09:54,hostel_b_block3,dept_mme,1,student,high,5.6,pending
req_20260918_0066,2026-09-18,10:10,dept_mining,hostel_b_brahmagiri,1,student,normal,13.5,pending
req_20260918_0061,2026-09-18,10:21,dept_macs,hostel_b_block8,1,student,normal,11.6,pending
req_20260918_0059,2026-09-18,10:33,dept_hssm,dept_chemistry,1,student,normal,12.9,pending
req_20260918_0071,2026-09-18,10:34,hostel_b_mt3,hostel_b_brahmagiri,1,student,high,7.0,pending
req_20260918_0070,2026-09-18,10:35,dept_civil,loc_central_library,1,student,normal,12.5,pending
req_20260918_0069,2026-09-18,10:42,dept_mining,dept_it,4,student,normal,9.4,pending
req_20260918_0058,2026-09-18,10:57,dept_mme,dept_ece,3,faculty,normal,12.8,pending
req_20260918_0064,2026-09-18,10:57,mess_b4_satpura,dept_hssm,1,faculty,normal,11.5,pending
req_20260918_0067,2026-09-18,10:59,dept_chem,dept_it,3,faculty,high,7.6,pending
req_20260918_0056,2026-09-18,11:08,dept_eee,dept_macs,2,student,normal,11.4,pending
req_20260918_0068,2026-09-18,11:18,dept_hssm,loc_e_library,1,student,normal,8.7,pending
req_20260918_0063,2026-09-18,11:24,dept_civil,dept_chemistry,1,student,normal,9.0,pending
req_20260918_0060,2026-09-18,11:26,hostel_b_block7,mess_b1_karavali,1,student,normal,14.0,pending
req_20260918_0057,2026-09-18,11:34,dept_cse,dept_macs,2,student,high,7.2,pending
req_20260918_0062,2026-09-18,11:35,dept_hssm,dept_mining,1,faculty,normal,12.0,pending
req_20260918_0072,2026-09-18,11:42,dept_civil,hostel_b_block3,1,student,normal,11.4,pending
req_20260918_0065,2026-09-18,11:45,dept_physics,dept_mech,3,staff,normal,13.4,pending
req_20260918_0079,2026-09-18,12:00,loc_lhc_a,mess_mega,2,staff,normal,12.4,pending
req_20260918_0107,2026-09-18,12:02,dept_mme,mess_b5_nilgiri,1,student,normal,8.7,pending
req_20260918_0078,2026-09-18,12:03,dept_chem,mess_b2_aravali,1,student,normal,10.6,pending
req_20260918_0101,2026-09-18,12:05,dept_eee,mess_b2_aravali,1,student,normal,12.6,pending
req_20260918_0113,2026-09-18,12:05,dept_physics,mess_mega,1,student,normal,13.0,pending
req_20260918_0086,2026-09-18,12:07,dept_wroe,mess_b5_nilgiri,2,student,normal,10.2,pending
req_20260918_0092,2026-09-18,12:07,loc_lhc_a,mess_b4_satpura,2,student,normal,8.4,pending
req_20260918_0080,2026-09-18,12:10,hostel_g_gh2,mess_b7_sahyadri,1,student,normal,9.4,pending
req_20260918_0089,2026-09-18,12:12,loc_central_library,mess_gb,1,student,normal,13.3,pending
req_20260918_0108,2026-09-18,12:16,loc_lhc_a,mess_pg_new_brahmagiri,1,student,normal,13.3,pending
req_20260918_0102,2026-09-18,12:19,dept_it,mess_b5_nilgiri,1,student,normal,8.2,pending
req_20260918_0094,2026-09-18,12:20,loc_lhc_a,mess_pg_new_brahmagiri,1,staff,normal,11.8,pending
req_20260918_0095,2026-09-18,12:25,loc_lhc_b,mess_b4_satpura,3,student,normal,10.6,pending
req_20260918_0111,2026-09-18,12:37,dept_chemistry,mess_b8_trishul,1,faculty,normal,13.0,pending
req_20260918_0083,2026-09-18,12:45,dept_mining,mess_b5_nilgiri,3,student,high,5.9,pending
req_20260918_0096,2026-09-18,12:49,loc_lhc_a,mess_pg_pushpagiri,2,student,normal,9.5,pending
req_20260918_0104,2026-09-18,12:49,dept_eee,mess_b2_aravali,1,student,normal,11.8,pending
req_20260918_0110,2026-09-18,12:50,dept_physics,mess_pg_new_brahmagiri,1,student,high,4.4,pending
req_20260918_0074,2026-09-18,12:53,dept_mech,mess_gb,1,student,normal,12.5,pending
req_20260918_0088,2026-09-18,13:01,loc_e_library,mess_b2_aravali,1,staff,normal,10.2,pending
req_20260918_0081,2026-09-18,13:07,loc_central_library,mess_b1_karavali,4,student,normal,11.4,pending
req_20260918_0103,2026-09-18,13:07,loc_central_library,mess_b7_sahyadri,1,student,normal,14.5,pending
req_20260918_0106,2026-09-18,13:15,loc_lhc_b,mess_b5_nilgiri,1,student,normal,11.2,pending
req_20260918_0082,2026-09-18,13:16,dept_cse,mess_b1_karavali,1,student,normal,9.1,pending
req_20260918_0090,2026-09-18,13:20,dept_mech,mess_b7_sahyadri,2,student,normal,13.1,pending
req_20260918_0112,2026-09-18,13:20,dept_hssm,mess_b7_sahyadri,1,student,normal,11.1,pending
req_20260918_0084,2026-09-18,13:27,loc_lhc_b,mess_b7_sahyadri,2,student,normal,8.1,pending
req_20260918_0091,2026-09-18,13:32,dept_macs,mess_b5_nilgiri,2,student,normal,9.9,pending
req_20260918_0077,2026-09-18,13:37,loc_lhc_b,mess_b1_karavali,1,staff,normal,14.4,pending
req_20260918_0105,2026-09-18,13:40,dept_mech,mess_gb,1,student,normal,12.9,pending
req_20260918_0093,2026-09-18,13:44,loc_lhc_a,hostel_g_gh3,2,student,normal,12.0,pending
req_20260918_0075,2026-09-18,13:53,dept_chemistry,mess_b1_karavali,4,student,normal,8.1,pending
req_20260918_0109,2026-09-18,13:53,dept_chem,mess_b8_trishul,2,student,normal,12.5,pending
req_20260918_0076,2026-09-18,14:03,loc_lhc_a,mess_b8_trishul,1,student,normal,10.8,pending
req_20260918_0097,2026-09-18,14:04,loc_e_library,mess_b2_aravali,1,staff,normal,10.1,pending
req_20260918_0085,2026-09-18,14:07,dept_it,mess_pg_pushpagiri,1,student,normal,9.5,pending
req_20260918_0098,2026-09-18,14:16,dept_chem,mess_b3_vindhya,1,student,normal,13.0,pending
req_20260918_0099,2026-09-18,14:16,loc_lhc_b,mess_b8_trishul,1,student,high,7.7,pending
req_20260918_0073,2026-09-18,14:18,dept_wroe,mess_b4_satpura,1,student,normal,13.4,pending
req_20260918_0087,2026-09-18,14:21,loc_e_library,mess_b1_karavali,1,student,high,6.0,pending
req_20260918_0100,2026-09-18,14:28,dept_mining,mess_b5_nilgiri,1,student,normal,12.9,pending
req_20260918_0119,2026-09-18,14:32,dept_civil,hostel_b_block8,1,student,normal,8.9,pending
req_20260918_0116,2026-09-18,14:38,mess_mega,dept_physics,2,student,normal,12.6,pending
req_20260918_0118,2026-09-18,14:43,mess_pg_pushpagiri,dept_mme,3,student,high,7.8,pending
req_20260918_0126,2026-09-18,14:49,hostel_g_gh1,loc_central_library,1,student,normal,9.8,pending
req_20260918_0114,2026-09-18,14:57,dept_chemistry,loc_e_library,1,student,normal,10.0,pending
req_20260918_0117,2026-09-18,15:03,mess_b3_vindhya,dept_ece,1,staff,normal,8.3,pending
req_20260918_0128,2026-09-18,15:20,dept_mech,loc_central_library,1,student,normal,10.2,pending
req_20260918_0129,2026-09-18,15:27,mess_pg_new_brahmagiri,dept_civil,4,staff,normal,9.7,pending
req_20260918_0121,2026-09-18,15:31,dept_macs,hostel_b_mt2,1,student,normal,10.8,pending
req_20260918_0125,2026-09-18,15:37,loc_lhc_a,mess_b8_trishul,1,student,normal,10.3,pending
req_20260918_0120,2026-09-18,15:48,hostel_b_mt1,hostel_b_block6,1,faculty,normal,11.7,pending
req_20260918_0124,2026-09-18,15:57,loc_girls_coop,mess_b3_vindhya,2,staff,normal,12.4,pending
req_20260918_0115,2026-09-18,16:03,dept_physics,loc_e_library,2,staff,normal,10.1,pending
req_20260918_0123,2026-09-18,16:15,dept_chem,loc_central_library,1,student,high,5.5,pending
req_20260918_0122,2026-09-18,16:19,mess_pg_new_brahmagiri,dept_chem,1,student,normal,8.2,pending
req_20260918_0130,2026-09-18,16:52,loc_main_gate,mess_b1_karavali,4,staff,normal,13.3,pending
req_20260918_0127,2026-09-18,16:54,dept_civil,loc_e_library,1,student,normal,10.1,pending
req_20260918_0153,2026-09-18,17:00,dept_cse,loc_e_library,1,student,normal,14.7,pending
req_20260918_0131,2026-09-18,17:02,dept_it,loc_central_library,1,student,normal,10.1,pending
req_20260918_0145,2026-09-18,17:14,hostel_g_gh2,loc_central_library,1,student,normal,13.7,pending
req_20260918_0146,2026-09-18,17:23,dept_cse,loc_e_library,1,staff,high,7.4,pending
req_20260918_0139,2026-09-18,17:24,dept_chem,loc_e_library,1,student,high,7.4,pending
req_20260918_0136,2026-09-18,17:28,mess_b3_vindhya,hostel_b_mt3,1,student,normal,14.9,pending
req_20260918_0138,2026-09-18,17:45,hostel_b_block4,loc_boys_coop,1,student,normal,13.9,pending
req_20260918_0143,2026-09-18,17:49,hostel_g_gh2,loc_central_library,1,student,normal,9.1,pending
req_20260918_0151,2026-09-18,17:54,hostel_b_block6,loc_girls_coop,1,student,normal,13.3,pending
req_20260918_0144,2026-09-18,18:00,hostel_b_mt1,loc_suprabha_boys,1,student,normal,14.0,pending
req_20260918_0135,2026-09-18,18:13,hostel_b_mt2,loc_e_library,3,student,normal,9.0,pending
req_20260918_0155,2026-09-18,18:14,hostel_g_gh3,loc_central_library,1,student,normal,9.2,pending
req_20260918_0137,2026-09-18,18:17,hostel_b_block6,loc_boys_coop,1,student,normal,14.9,pending
req_20260918_0132,2026-09-18,18:18,hostel_b_mt1,loc_suprabha_boys,1,student,normal,14.7,pending
req_20260918_0133,2026-09-18,18:34,dept_civil,loc_e_library,1,student,normal,8.0,pending
req_20260918_0152,2026-09-18,18:53,hostel_g_gh3,loc_suprabha_boys,2,student,normal,11.1,pending
req_20260918_0150,2026-09-18,18:55,hostel_b_shivalik,loc_e_library,2,student,high,6.5,pending
req_20260918_0140,2026-09-18,18:56,dept_mech,loc_e_library,1,student,normal,10.9,pending
req_20260918_0141,2026-09-18,18:57,dept_mech,loc_e_library,1,student,normal,14.4,pending
req_20260918_0148,2026-09-18,19:05,mess_mega,dept_cse,1,student,normal,13.6,pending
req_20260918_0154,2026-09-18,19:36,loc_girls_coop,mess_b7_sahyadri,1,student,high,4.4,pending
req_20260918_0142,2026-09-18,19:43,dept_macs,loc_e_library,1,student,high,5.9,pending
req_20260918_0147,2026-09-18,19:55,dept_eee,loc_central_library,1,student,normal,8.7,pending
req_20260918_0149,2026-09-18,19:57,dept_civil,loc_central_library,1,student,high,6.6,pending
req_20260918_0134,2026-09-18,19:59,hostel_g_gh4,hostel_b_mt1,2,student,normal,10.3,pending
req_20260918_0166,2026-09-18,20:01,loc_e_library,hostel_b_mt1,3,student,normal,9.3,pending
req_20260918_0156,2026-09-18,20:15,loc_e_library,hostel_b_block8,1,student,high,5.0,pending
req_20260918_0164,2026-09-18,20:18,loc_suprabha_boys,hostel_b_block5,1,student,normal,12.5,pending
req_20260918_0167,2026-09-18,20:21,loc_suprabha_girls,hostel_b_block4,1,staff,normal,14.1,pending
req_20260918_0157,2026-09-18,20:52,loc_girls_coop,hostel_b_brahmagiri,1,staff,normal,9.9,pending
req_20260918_0160,2026-09-18,21:11,loc_boys_coop,hostel_b_block2,1,student,normal,12.2,pending
req_20260918_0161,2026-09-18,21:19,loc_e_library,hostel_b_mt2,2,student,normal,9.8,pending
req_20260918_0168,2026-09-18,21:24,loc_boys_coop,hostel_b_block8,3,student,normal,13.2,pending
req_20260918_0158,2026-09-18,21:57,loc_boys_coop,hostel_g_gh4,1,student,normal,10.3,pending
req_20260918_0165,2026-09-18,22:01,loc_suprabha_girls,hostel_b_block3,4,student,normal,13.6,pending
req_20260918_0162,2026-09-18,22:26,loc_central_library,hostel_g_gh5,1,staff,normal,11.8,pending
req_20260918_0159,2026-09-18,22:33,dept_civil,hostel_g_gh3,2,student,normal,11.4,pending
req_20260918_0163,2026-09-18,22:35,loc_suprabha_girls,hostel_b_shivalik,1,student,high,6.3,pending
req_20260918_0169,2026-09-18,22:35,dept_eee,hostel_b_block3,2,student,normal,14.5,pending
req_20260919_0009,2026-09-19,05:04,hostel_b_mt2,hostel_b_block6,3,student,normal,13.1,pending
req_20260919_0003,2026-09-19,05:11,hostel_b_shivalik,mess_gb,1,student,normal,13.4,pending
req_20260919_0004,2026-09-19,05:24,hostel_g_gh4,dept_chemistry,1,staff,normal,14.3,pending
req_20260919_0010,2026-09-19,05:28,hostel_b_block6,loc_main_gate,2,student,normal,10.0,pending
req_20260919_0005,2026-09-19,05:34,hostel_b_mt1,dept_eee,2,student,normal,10.8,pending
req_20260919_0006,2026-09-19,06:02,hostel_g_gh2,dept_civil,1,student,normal,12.4,pending
req_20260919_0001,2026-09-19,06:07,hostel_g_gh4,mess_b3_vindhya,2,faculty,normal,8.9,pending
req_20260919_0008,2026-09-19,06:31,hostel_b_block7,dept_cse,2,student,normal,14.7,pending
req_20260919_0007,2026-09-19,06:57,hostel_g_gh4,loc_lhc_b,1,student,normal,8.1,pending
req_20260919_0002,2026-09-19,06:58,hostel_b_mt3,loc_main_gate,1,student,normal,8.4,pending
req_20260919_0020,2026-09-19,07:00,hostel_b_block2,loc_lhc_a,1,student,normal,8.2,pending
req_20260919_0044,2026-09-19,07:02,hostel_b_shivalik,loc_lhc_b,1,student,normal,8.3,pending
req_20260919_0019,2026-09-19,07:14,hostel_b_block6,dept_macs,2,student,normal,13.7,pending
req_20260919_0053,2026-09-19,07:15,hostel_b_block8,loc_lhc_a,1,student,normal,14.7,pending
req_20260919_0025,2026-09-19,07:16,hostel_b_brahmagiri,loc_lhc_b,2,student,normal,10.5,pending
req_20260919_0022,2026-09-19,07:18,hostel_b_mt2,loc_lhc_a,1,faculty,high,7.5,pending
req_20260919_0064,2026-09-19,07:19,hostel_b_mt2,dept_it,1,student,normal,8.8,pending
req_20260919_0038,2026-09-19,07:25,hostel_b_brahmagiri,loc_lhc_a,1,student,normal,13.9,pending
req_20260919_0051,2026-09-19,07:26,hostel_b_block3,loc_lhc_a,2,student,normal,12.4,pending
req_20260919_0049,2026-09-19,07:32,hostel_b_mt2,loc_central_library,1,student,normal,11.9,pending
req_20260919_0032,2026-09-19,07:33,hostel_g_gh3,dept_cse,2,student,normal,10.2,pending
req_20260919_0060,2026-09-19,07:45,hostel_b_block2,loc_lhc_a,2,student,normal,12.4,pending
req_20260919_0056,2026-09-19,07:49,hostel_b_block6,dept_macs,1,student,normal,9.1,pending
req_20260919_0065,2026-09-19,08:00,hostel_g_gh2,loc_central_library,1,staff,normal,12.2,pending
req_20260919_0014,2026-09-19,08:01,hostel_b_mt3,loc_central_library,1,student,normal,14.0,pending
req_20260919_0062,2026-09-19,08:03,hostel_b_block3,dept_wroe,2,student,normal,11.9,pending
req_20260919_0028,2026-09-19,08:12,hostel_b_brahmagiri,dept_it,1,faculty,normal,8.7,pending
req_20260919_0039,2026-09-19,08:13,hostel_b_block4,loc_central_library,1,student,normal,9.4,pending
req_20260919_0034,2026-09-19,08:14,hostel_g_gh3,loc_lhc_b,3,student,normal,10.8,pending
req_20260919_0031,2026-09-19,08:17,hostel_g_gh3,dept_mining,1,student,normal,14.0,pending
req_20260919_0047,2026-09-19,08:23,hostel_g_gh1,hostel_b_block1,2,student,normal,14.8,pending
req_20260919_0045,2026-09-19,08:27,hostel_b_block3,dept_civil,2,student,normal,8.6,pending
req_20260919_0058,2026-09-19,08:31,hostel_b_mt2,loc_lhc_b,1,student,normal,9.8,pending
req_20260919_0024,2026-09-19,08:37,hostel_b_block4,loc_lhc_a,1,student,normal,10.2,pending
req_20260919_0035,2026-09-19,08:40,dept_chemistry,hostel_b_block2,1,student,normal,9.6,pending
req_20260919_0013,2026-09-19,08:49,dept_ece,dept_chemistry,2,student,normal,9.2,pending
req_20260919_0027,2026-09-19,08:49,hostel_b_block6,dept_civil,3,student,normal,9.7,pending
req_20260919_0043,2026-09-19,08:51,hostel_b_mt1,loc_lhc_a,1,student,normal,9.3,pending
req_20260919_0033,2026-09-19,08:55,hostel_b_block7,loc_lhc_b,1,student,normal,9.7,pending
req_20260919_0057,2026-09-19,08:55,hostel_g_gh5,loc_lhc_a,1,student,normal,10.3,pending
req_20260919_0052,2026-09-19,08:56,hostel_g_gh2,loc_lhc_b,1,student,normal,11.8,pending
req_20260919_0048,2026-09-19,08:57,hostel_b_block4,dept_mech,1,student,normal,10.5,pending
req_20260919_0041,2026-09-19,08:58,hostel_g_gh1,dept_cse,1,student,normal,12.7,pending
req_20260919_0021,2026-09-19,09:02,hostel_g_gh2,loc_lhc_b,3,student,normal,11.4,pending
req_20260919_0017,2026-09-19,09:08,hostel_g_gh3,loc_lhc_b,2,student,normal,14.3,pending
req_20260919_0026,2026-09-19,09:08,hostel_g_gh2,loc_lhc_a,4,student,normal,10.2,pending
req_20260919_0042,2026-09-19,09:09,hostel_g_gh6,loc_lhc_a,1,student,normal,9.2,pending
req_20260919_0046,2026-09-19,09:10,hostel_b_block8,dept_cse,1,student,normal,12.2,pending
req_20260919_0011,2026-09-19,09:12,dept_cse,loc_lhc_b,1,student,normal,13.6,pending
req_20260919_0050,2026-09-19,09:12,hostel_g_gh2,dept_civil,1,student,normal,11.9,pending
req_20260919_0059,2026-09-19,09:13,hostel_b_block8,dept_chem,1,student,normal,11.8,pending
req_20260919_0015,2026-09-19,09:20,hostel_b_block4,loc_lhc_a,3,student,normal,11.1,pending
req_20260919_0023,2026-09-19,09:20,hostel_b_mt3,loc_lhc_a,1,student,normal,10.4,pending
req_20260919_0016,2026-09-19,09:22,hostel_b_block7,loc_lhc_b,2,student,normal,10.9,pending
req_20260919_0036,2026-09-19,09:23,hostel_b_mt3,dept_ece,2,student,normal,8.9,pending
req_20260919_0055,2026-09-19,09:23,hostel_b_mt1,loc_lhc_a,1,student,normal,12.6,pending
req_20260919_0061,2026-09-19,09:25,hostel_g_gh6,loc_lhc_a,1,student,high,7.7,pending
req_20260919_0030,2026-09-19,09:26,hostel_g_gh1,loc_lhc_b,2,student,normal,10.0,pending
req_20260919_0054,2026-09-19,09:28,hostel_g_gh4,dept_cse,1,student,normal,9.2,pending
req_20260919_0063,2026-09-19,09:40,hostel_b_mt1,dept_cse,1,student,normal,14.2,pending
req_20260919_0037,2026-09-19,09:48,hostel_b_mt1,dept_mme,1,staff,normal,14.8,pending
req_20260919_0029,2026-09-19,09:50,hostel_b_block3,loc_lhc_b,1,student,normal,9.9,pending
req_20260919_0040,2026-09-19,09:54,hostel_b_brahmagiri,loc_lhc_a,1,student,normal,9.8,pending
req_20260919_0018,2026-09-19,09:56,hostel_b_mt1,loc_lhc_b,1,student,normal,14.6,pending
req_20260919_0012,2026-09-19,09:58,hostel_g_gh5,loc_lhc_b,1,student,normal,14.5,pending
req_20260919_0074,2026-09-19,10:04,dept_eee,dept_ece,1,student,normal,12.3,pending
req_20260919_0068,2026-09-19,10:09,hostel_b_mt2,mess_b4_satpura,1,student,normal,10.3,pending
req_20260919_0077,2026-09-19,10:12,loc_lhc_b,hostel_b_brahmagiri,1,staff,normal,8.3,pending
req_20260919_0085,2026-09-19,10:12,dept_chemistry,loc_central_library,1,student,normal,13.5,pending
req_20260919_0076,2026-09-19,10:18,dept_ece,dept_macs,1,student,normal,9.9,pending
req_20260919_0069,2026-09-19,10:25,dept_chem,dept_it,1,student,normal,13.1,pending
req_20260919_0073,2026-09-19,10:26,dept_eee,hostel_b_block5,1,student,normal,11.2,pending
req_20260919_0072,2026-09-19,10:31,dept_mech,dept_wroe,1,student,normal,10.9,pending
req_20260919_0066,2026-09-19,10:43,dept_it,dept_hssm,1,staff,normal,12.4,pending
req_20260919_0070,2026-09-19,10:43,dept_it,dept_ece,1,student,normal,11.2,pending
req_20260919_0083,2026-09-19,10:44,loc_central_library,hostel_b_block1,2,student,high,5.4,pending
req_20260919_0081,2026-09-19,11:03,dept_wroe,dept_physics,2,student,high,8.0,pending
req_20260919_0078,2026-09-19,11:13,dept_chemistry,dept_physics,1,student,normal,15.0,pending
req_20260919_0082,2026-09-19,11:14,dept_cse,hostel_g_gh2,1,student,high,6.8,pending
req_20260919_0067,2026-09-19,11:27,dept_mme,dept_cse,3,staff,normal,12.7,pending
req_20260919_0079,2026-09-19,11:33,dept_physics,dept_cse,1,student,normal,10.9,pending
req_20260919_0080,2026-09-19,11:40,dept_cse,dept_chemistry,1,student,normal,14.1,pending
req_20260919_0075,2026-09-19,11:55,loc_lhc_a,loc_central_library,1,student,normal,9.2,pending
req_20260919_0071,2026-09-19,11:56,dept_chemistry,dept_ece,1,faculty,normal,13.3,pending
req_20260919_0084,2026-09-19,11:56,loc_lhc_a,loc_central_library,2,student,normal,10.5,pending
req_20260919_0114,2026-09-19,12:01,dept_chem,mess_pg_pushpagiri,1,faculty,normal,9.2,pending
req_20260919_0109,2026-09-19,12:07,dept_chem,mess_pg_new_brahmagiri,1,student,normal,13.4,pending
req_20260919_0088,2026-09-19,12:16,dept_macs,mess_b3_vindhya,1,student,normal,10.3,pending
req_20260919_0126,2026-09-19,12:17,loc_e_library,mess_b3_vindhya,1,student,normal,10.3,pending
req_20260919_0130,2026-09-19,12:18,mess_mega,dept_ece,2,student,normal,12.3,pending
req_20260919_0092,2026-09-19,12:20,mess_pg_new_brahmagiri,dept_civil,1,staff,normal,12.5,pending
req_20260919_0102,2026-09-19,12:23,loc_lhc_b,mess_mega,1,student,normal,10.3,pending
req_20260919_0125,2026-09-19,12:23,dept_cse,mess_b8_trishul,1,student,normal,12.5,pending
req_20260919_0103,2026-09-19,12:25,loc_lhc_b,mess_b3_vindhya,1,student,normal,10.2,pending
req_20260919_0087,2026-09-19,12:41,dept_cse,mess_mega,1,staff,normal,11.7,pending
req_20260919_0132,2026-09-19,12:41,loc_central_library,mess_gb,1,student,normal,11.7,pending
req_20260919_0091,2026-09-19,12:42,dept_mining,mess_b7_sahyadri,2,student,normal,13.7,pending
req_20260919_0095,2026-09-19,12:48,dept_cse,mess_b8_trishul,1,student,normal,12.0,pending
req_20260919_0099,2026-09-19,12:53,loc_lhc_b,mess_b5_nilgiri,1,faculty,normal,9.1,pending
req_20260919_0120,2026-09-19,12:55,loc_lhc_a,mess_b3_vindhya,3,student,normal,13.1,pending
req_20260919_0116,2026-09-19,12:56,dept_ece,mess_b2_aravali,1,student,high,4.4,pending
req_20260919_0115,2026-09-19,12:59,hostel_b_shivalik,hostel_b_mt1,1,student,normal,10.3,pending
req_20260919_0106,2026-09-19,13:02,dept_hssm,mess_b5_nilgiri,1,student,normal,12.4,pending
req_20260919_0107,2026-09-19,13:02,loc_e_library,mess_b4_satpura,1,student,normal,12.2,pending
req_20260919_0110,2026-09-19,13:03,loc_lhc_a,mess_b3_vindhya,1,student,normal,11.5,pending
req_20260919_0096,2026-09-19,13:05,dept_mining,mess_b5_nilgiri,1,student,normal,12.6,pending
req_20260919_0094,2026-09-19,13:09,loc_lhc_b,mess_b4_satpura,1,student,normal,9.1,pending
req_20260919_0108,2026-09-19,13:12,loc_lhc_a,mess_b5_nilgiri,1,staff,high,5.3,pending
req_20260919_0105,2026-09-19,13:14,hostel_g_gh2,mess_b8_trishul,1,student,normal,12.3,pending
req_20260919_0117,2026-09-19,13:14,dept_civil,mess_b8_trishul,1,student,normal,10.0,pending
req_20260919_0090,2026-09-19,13:15,dept_cse,mess_mega,2,student,normal,14.3,pending
req_20260919_0104,2026-09-19,13:19,dept_mining,mess_b5_nilgiri,1,student,normal,9.0,pending
req_20260919_0100,2026-09-19,13:21,loc_lhc_a,mess_b1_karavali,1,student,normal,12.0,pending
req_20260919_0089,2026-09-19,13:27,dept_hssm,loc_main_building,1,staff,normal,14.1,pending
req_20260919_0121,2026-09-19,13:34,dept_it,mess_b8_trishul,1,staff,normal,12.9,pending
req_20260919_0097,2026-09-19,13:35,dept_wroe,mess_pg_pushpagiri,1,student,normal,11.8,pending
req_20260919_0119,2026-09-19,13:35,dept_chem,mess_gb,1,student,high,6.5,pending
req_20260919_0123,2026-09-19,13:46,loc_lhc_b,mess_b4_satpura,1,student,normal,8.5,pending
req_20260919_0086,2026-09-19,13:47,loc_lhc_b,mess_b7_sahyadri,1,faculty,normal,9.2,pending
req_20260919_0093,2026-09-19,13:47,loc_boys_coop,mess_mega,2,staff,normal,10.4,pending
req_20260919_0111,2026-09-19,13:55,loc_central_library,mess_mega,1,student,normal,11.3,pending
req_20260919_0131,2026-09-19,13:55,dept_civil,mess_gb,2,student,normal,10.1,pending
req_20260919_0127,2026-09-19,13:59,dept_macs,mess_pg_new_brahmagiri,1,student,normal,10.7,pending
req_20260919_0101,2026-09-19,14:02,dept_chemistry,mess_b8_trishul,1,student,normal,12.9,pending
req_20260919_0118,2026-09-19,14:09,loc_lhc_a,mess_gb,1,student,high,4.4,pending
req_20260919_0098,2026-09-19,14:13,dept_it,mess_gb,1,student,normal,14.0,pending
req_20260919_0113,2026-09-19,14:15,dept_hssm,mess_gb,1,student,high,4.5,pending
req_20260919_0129,2026-09-19,14:16,dept_mech,mess_b5_nilgiri,1,student,high,7.2,pending
req_20260919_0122,2026-09-19,14:20,dept_cse,mess_b3_vindhya,4,student,normal,11.0,pending
req_20260919_0112,2026-09-19,14:22,loc_central_library,mess_b2_aravali,1,student,normal,11.8,pending
req_20260919_0124,2026-09-19,14:22,loc_lhc_a,mess_pg_new_brahmagiri,1,student,normal,12.2,pending
req_20260919_0128,2026-09-19,14:27,loc_e_library,mess_b7_sahyadri,1,staff,normal,14.2,pending
req_20260919_0140,2026-09-19,14:40,dept_eee,loc_e_library,3,student,normal,12.9,pending
req_20260919_0138,2026-09-19,14:53,dept_civil,loc_central_library,2,student,normal,10.0,pending
req_20260919_0143,2026-09-19,14:53,dept_cse,loc_central_library,1,student,normal,10.5,pending
req_20260919_0139,2026-09-19,15:05,mess_gb,mess_b4_satpura,3,staff,normal,13.6,pending
req_20260919_0147,2026-09-19,15:10,mess_b7_sahyadri,dept_physics,1,staff,normal,14.3,pending
req_20260919_0134,2026-09-19,15:19,mess_b7_sahyadri,dept_hssm,1,student,normal,11.9,pending
req_20260919_0135,2026-09-19,15:19,dept_mining,loc_e_library,3,student,normal,12.0,pending
req_20260919_0146,2026-09-19,15:22,mess_pg_new_brahmagiri,dept_eee,1,faculty,normal,11.0,pending
req_20260919_0150,2026-09-19,15:25,dept_chemistry,loc_central_library,1,staff,normal,10.7,pending
req_20260919_0137,2026-09-19,15:27,dept_eee,dept_chemistry,1,student,normal,13.6,pending
req_20260919_0136,2026-09-19,15:31,mess_mega,dept_macs,1,student,normal,14.1,pending
req_20260919_0152,2026-09-19,15:55,dept_chemistry,hostel_b_mt3,2,student,normal,12.4,pending
req_20260919_0151,2026-09-19,16:06,dept_cse,loc_central_library,1,student,normal,13.3,pending
req_20260919_0142,2026-09-19,16:16,dept_chem,loc_e_library,1,student,normal,10.6,pending
req_20260919_0149,2026-09-19,16:30,mess_b3_vindhya,dept_ece,1,student,normal,11.9,pending
req_20260919_0144,2026-09-19,16:34,dept_mme,loc_e_library,1,student,normal,9.2,pending
req_20260919_0141,2026-09-19,16:42,dept_eee,hostel_g_gh2,2,student,normal,11.5,pending
req_20260919_0145,2026-09-19,16:48,dept_mech,loc_central_library,1,student,normal,13.6,pending
req_20260919_0133,2026-09-19,16:49,dept_mining,hostel_g_gh2,1,student,normal,10.4,pending
req_20260919_0148,2026-09-19,16:57,mess_b1_karavali,dept_hssm,2,student,normal,10.0,pending
req_20260919_0158,2026-09-19,17:07,hostel_b_shivalik,loc_girls_coop,3,student,normal,9.6,pending
req_20260919_0172,2026-09-19,17:15,hostel_b_mt1,loc_girls_coop,1,student,normal,10.7,pending
req_20260919_0178,2026-09-19,17:19,loc_lhc_a,loc_main_gate,2,student,normal,10.1,pending
req_20260919_0169,2026-09-19,17:21,hostel_b_shivalik,loc_suprabha_boys,1,student,normal,8.1,pending
req_20260919_0173,2026-09-19,17:24,hostel_g_gh1,loc_suprabha_girls,1,student,normal,10.2,pending
req_20260919_0167,2026-09-19,17:26,hostel_g_gh1,loc_e_library,2,student,normal,11.2,pending
req_20260919_0161,2026-09-19,17:32,dept_it,loc_boys_coop,2,staff,normal,10.6,pending
req_20260919_0156,2026-09-19,17:48,hostel_g_gh3,loc_suprabha_boys,2,student,normal,10.6,pending
req_20260919_0174,2026-09-19,17:48,hostel_b_mt2,loc_suprabha_girls,1,student,normal,11.1,pending
req_20260919_0179,2026-09-19,18:00,hostel_b_brahmagiri,loc_suprabha_boys,2,staff,normal,9.6,pending
req_20260919_0160,2026-09-19,18:05,hostel_b_block4,loc_girls_coop,1,student,normal,14.6,pending
req_20260919_0159,2026-09-19,18:14,hostel_b_mt1,loc_e_library,2,student,normal,11.8,pending
req_20260919_0154,2026-09-19,18:15,hostel_b_mt3,loc_suprabha_boys,1,staff,normal,8.7,pending
req_20260919_0165,2026-09-19,18:16,hostel_b_mt1,loc_boys_coop,2,student,normal,9.1,pending
req_20260919_0162,2026-09-19,18:23,hostel_b_shivalik,loc_suprabha_boys,3,student,normal,10.3,pending
req_20260919_0164,2026-09-19,18:27,hostel_b_block7,loc_e_library,1,student,normal,14.0,pending
req_20260919_0170,2026-09-19,18:28,loc_lhc_a,loc_main_gate,1,student,normal,9.4,pending
req_20260919_0177,2026-09-19,18:28,hostel_b_shivalik,loc_e_library,1,student,normal,8.4,pending
req_20260919_0163,2026-09-19,18:33,hostel_b_block3,dept_cse,1,student,normal,10.2,pending
req_20260919_0166,2026-09-19,18:35,dept_civil,mess_b1_karavali,1,staff,normal,11.5,pending
req_20260919_0168,2026-09-19,18:35,hostel_b_block4,loc_e_library,2,staff,normal,9.8,pending
req_20260919_0181,2026-09-19,18:35,dept_chem,loc_e_library,1,student,normal,13.3,pending
req_20260919_0175,2026-09-19,18:45,hostel_b_mt3,loc_girls_coop,1,student,normal,9.3,pending
req_20260919_0182,2026-09-19,18:49,hostel_b_brahmagiri,loc_suprabha_boys,3,student,normal,9.9,pending
req_20260919_0176,2026-09-19,18:59,hostel_g_gh5,loc_suprabha_girls,1,student,normal,10.3,pending
req_20260919_0171,2026-09-19,19:01,hostel_b_block7,loc_girls_coop,1,student,normal,11.4,pending
req_20260919_0153,2026-09-19,19:02,hostel_g_gh5,loc_suprabha_girls,1,student,normal,14.9,pending
req_20260919_0180,2026-09-19,19:05,hostel_b_block8,loc_e_library,3,student,normal,14.7,pending
req_20260919_0155,2026-09-19,19:50,loc_suprabha_boys,hostel_b_block3,1,student,normal,9.5,pending
req_20260919_0157,2026-09-19,19:56,hostel_g_gh2,loc_e_library,1,student,normal,11.1,pending
req_20260919_0183,2026-09-19,20:20,loc_suprabha_boys,hostel_b_block1,1,student,high,7.6,pending
req_20260919_0195,2026-09-19,20:21,loc_suprabha_boys,hostel_b_mt2,3,student,normal,8.1,pending
req_20260919_0189,2026-09-19,20:34,loc_suprabha_boys,hostel_b_block5,1,student,normal,10.6,pending
req_20260919_0191,2026-09-19,20:52,loc_e_library,hostel_b_block7,2,student,normal,11.2,pending
req_20260919_0184,2026-09-19,21:00,loc_central_library,hostel_b_block7,1,student,normal,12.6,pending
req_20260919_0194,2026-09-19,21:02,loc_e_library,hostel_b_brahmagiri,1,student,normal,11.1,pending
req_20260919_0188,2026-09-19,21:36,dept_mech,hostel_b_brahmagiri,1,student,normal,14.5,pending
req_20260919_0193,2026-09-19,21:40,loc_e_library,hostel_b_mt1,1,student,normal,12.4,pending
req_20260919_0192,2026-09-19,22:06,loc_boys_coop,hostel_b_block2,2,student,normal,8.5,pending
req_20260919_0185,2026-09-19,22:12,loc_e_library,hostel_b_block5,1,faculty,normal,9.8,pending
req_20260919_0198,2026-09-19,22:18,loc_e_library,hostel_b_block5,1,student,normal,11.1,pending
req_20260919_0190,2026-09-19,22:20,loc_central_library,hostel_b_block7,2,student,normal,12.1,pending
req_20260919_0187,2026-09-19,22:23,loc_central_library,hostel_b_block6,1,student,normal,9.7,pending
req_20260919_0197,2026-09-19,22:23,loc_central_library,hostel_b_block4,1,student,normal,13.9,pending
req_20260919_0186,2026-09-19,22:39,dept_chemistry,hostel_b_block5,1,faculty,high,6.9,pending
req_20260919_0196,2026-09-19,22:44,loc_e_library,hostel_b_block8,3,student,normal,8.5,pending
req_20260920_0002,2026-09-20,05:02,hostel_g_gh4,loc_main_gate,1,student,normal,11.8,pending
req_20260920_0009,2026-09-20,05:03,hostel_b_block1,mess_pg_pushpagiri,1,student,normal,9.9,pending
req_20260920_0001,2026-09-20,05:09,hostel_b_mt1,dept_chem,1,student,normal,12.5,pending
req_20260920_0003,2026-09-20,05:11,hostel_g_gh5,dept_ece,1,student,high,6.4,pending
req_20260920_0006,2026-09-20,05:11,hostel_b_block4,dept_chem,1,student,normal,11.9,pending
req_20260920_0005,2026-09-20,05:19,hostel_g_gh4,loc_lhc_a,1,student,normal,13.9,pending
req_20260920_0004,2026-09-20,05:23,mess_b5_nilgiri,mess_b7_sahyadri,1,student,normal,12.3,pending
req_20260920_0008,2026-09-20,05:43,hostel_b_mt1,dept_mech,1,staff,high,6.5,pending
req_20260920_0007,2026-09-20,05:56,hostel_b_mt2,loc_lhc_a,1,student,normal,11.5,pending
req_20260920_0035,2026-09-20,07:02,hostel_g_gh2,loc_lhc_a,1,student,normal,13.3,pending
req_20260920_0010,2026-09-20,07:04,hostel_b_shivalik,dept_mech,1,staff,normal,12.3,pending
req_20260920_0014,2026-09-20,07:09,hostel_b_brahmagiri,loc_lhc_b,1,student,normal,9.4,pending
req_20260920_0060,2026-09-20,07:12,hostel_b_block7,dept_cse,1,student,normal,10.9,pending
req_20260920_0027,2026-09-20,07:17,hostel_b_block5,loc_lhc_b,1,student,high,6.2,pending
req_20260920_0020,2026-09-20,07:19,hostel_b_block8,loc_lhc_b,1,student,normal,8.9,pending
req_20260920_0056,2026-09-20,07:19,hostel_b_mt2,loc_lhc_b,1,staff,normal,14.9,pending
req_20260920_0055,2026-09-20,07:23,hostel_b_block6,loc_central_library,1,student,high,5.9,pending
req_20260920_0016,2026-09-20,07:35,hostel_b_block3,dept_wroe,1,student,normal,14.5,pending
req_20260920_0040,2026-09-20,07:37,hostel_g_gh5,loc_central_library,1,student,normal,8.1,pending
req_20260920_0051,2026-09-20,07:48,hostel_b_mt3,loc_lhc_a,1,student,normal,13.7,pending
req_20260920_0059,2026-09-20,07:48,hostel_b_mt3,dept_civil,1,student,normal,12.2,pending
req_20260920_0052,2026-09-20,07:51,hostel_b_brahmagiri,loc_lhc_b,1,student,high,5.1,pending
req_20260920_0012,2026-09-20,07:53,hostel_b_block3,loc_lhc_a,3,student,normal,11.5,pending
req_20260920_0033,2026-09-20,07:57,hostel_b_block1,loc_central_library,1,student,normal,14.3,pending
req_20260920_0043,2026-09-20,07:57,hostel_b_block6,dept_it,1,student,normal,8.5,pending
req_20260920_0050,2026-09-20,08:03,hostel_g_gh1,loc_central_library,1,student,normal,13.3,pending
req_20260920_0013,2026-09-20,08:05,hostel_b_mt3,loc_lhc_b,3,student,normal,9.0,pending
req_20260920_0024,2026-09-20,08:06,mess_b7_sahyadri,hostel_g_gh4,4,student,normal,8.7,pending
req_20260920_0023,2026-09-20,08:11,hostel_b_block2,loc_lhc_a,1,faculty,high,7.3,pending
req_20260920_0037,2026-09-20,08:14,hostel_g_gh5,dept_mme,1,faculty,normal,10.0,pending
req_20260920_0017,2026-09-20,08:15,hostel_g_gh4,loc_lhc_b,2,student,normal,11.8,pending
req_20260920_0044,2026-09-20,08:22,hostel_g_gh5,dept_mining,4,student,normal,12.6,pending
req_20260920_0029,2026-09-20,08:24,dept_civil,hostel_g_gh1,1,student,normal,11.6,pending
req_20260920_0028,2026-09-20,08:27,hostel_b_block7,loc_lhc_b,3,student,normal,14.0,pending
req_20260920_0019,2026-09-20,08:31,hostel_g_gh3,dept_mech,2,student,normal,13.7,pending
req_20260920_0034,2026-09-20,08:33,hostel_b_mt2,dept_eee,1,student,normal,9.1,pending
req_20260920_0057,2026-09-20,08:38,hostel_b_block8,loc_lhc_a,1,student,normal,12.1,pending
req_20260920_0022,2026-09-20,08:40,hostel_b_block3,loc_lhc_a,1,student,normal,13.1,pending
req_20260920_0046,2026-09-20,08:42,hostel_g_gh3,loc_lhc_b,3,student,normal,12.4,pending
req_20260920_0039,2026-09-20,08:44,hostel_g_gh4,loc_lhc_a,1,student,high,5.4,pending
req_20260920_0045,2026-09-20,08:46,hostel_b_block3,dept_civil,1,faculty,normal,11.8,pending
req_20260920_0030,2026-09-20,08:49,hostel_b_brahmagiri,dept_ece,2,student,normal,8.6,pending
req_20260920_0026,2026-09-20,08:50,hostel_b_block1,loc_lhc_b,1,student,normal,11.8,pending
req_20260920_0031,2026-09-20,08:52,hostel_b_mt1,loc_lhc_a,2,student,normal,14.9,pending
req_20260920_0053,2026-09-20,09:00,hostel_b_brahmagiri,dept_chem,1,student,normal,11.0,pending
req_20260920_0054,2026-09-20,09:00,hostel_b_block2,dept_it,1,student,normal,11.0,pending
req_20260920_0036,2026-09-20,09:03,hostel_b_mt3,loc_lhc_a,2,student,normal,9.6,pending
req_20260920_0021,2026-09-20,09:08,hostel_b_block8,loc_lhc_b,2,student,normal,10.5,pending
req_20260920_0018,2026-09-20,09:09,hostel_g_gh6,dept_macs,2,staff,normal,9.9,pending
req_20260920_0058,2026-09-20,09:10,hostel_b_block2,loc_lhc_a,4,student,normal,9.4,pending
req_20260920_0047,2026-09-20,09:15,hostel_g_gh6,dept_chemistry,2,student,normal,14.9,pending
req_20260920_0025,2026-09-20,09:19,hostel_b_mt1,dept_physics,1,student,normal,11.2,pending
req_20260920_0041,2026-09-20,09:20,hostel_g_gh5,dept_mme,1,student,normal,13.9,pending
req_20260920_0049,2026-09-20,09:20,mess_mega,hostel_b_block5,1,student,high,4.5,pending
req_20260920_0015,2026-09-20,09:28,hostel_b_block6,loc_lhc_a,2,student,normal,13.6,pending
req_20260920_0011,2026-09-20,09:43,hostel_g_gh6,loc_lhc_a,1,student,normal,13.5,pending
req_20260920_0032,2026-09-20,09:55,hostel_b_brahmagiri,loc_lhc_a,2,student,normal,10.1,pending
req_20260920_0038,2026-09-20,09:56,hostel_b_mt3,loc_lhc_a,1,staff,normal,9.3,pending
req_20260920_0042,2026-09-20,09:57,hostel_b_mt2,loc_lhc_b,1,student,normal,12.4,pending
req_20260920_0048,2026-09-20,09:59,hostel_b_block8,dept_wroe,1,student,normal,10.2,pending
req_20260920_0061,2026-09-20,09:59,hostel_b_block3,loc_lhc_a,1,student,normal,9.3,pending
req_20260920_0069,2026-09-20,10:05,dept_ece,hostel_b_block1,1,student,normal,10.9,pending
req_20260920_0063,2026-09-20,10:08,dept_mech,dept_mme,1,student,normal,13.1,pending
req_20260920_0074,2026-09-20,10:17,dept_wroe,dept_cse,2,student,normal,9.4,pending
req_20260920_0076,2026-09-20,10:22,dept_physics,loc_e_library,2,student,normal,8.6,pending
req_20260920_0062,2026-09-20,10:32,dept_hssm,dept_mme,1,student,normal,8.2,pending
req_20260920_0078,2026-09-20,10:38,dept_civil,hostel_b_shivalik,1,student,high,4.3,pending
req_20260920_0071,2026-09-20,10:53,dept_ece,hostel_b_block5,2,student,high,5.3,pending
req_20260920_0064,2026-09-20,10:56,dept_chem,dept_chemistry,2,student,normal,13.1,pending
req_20260920_0065,2026-09-20,11:00,hostel_b_block6,dept_mech,2,student,normal,14.6,pending
req_20260920_0066,2026-09-20,11:04,loc_main_building,hostel_g_gh6,1,student,normal,10.4,pending
req_20260920_0077,2026-09-20,11:13,dept_civil,dept_physics,1,staff,normal,8.9,pending
req_20260920_0073,2026-09-20,11:16,dept_mech,hostel_g_gh6,1,student,normal,10.2,pending
req_20260920_0072,2026-09-20,11:17,dept_hssm,dept_eee,1,student,normal,14.2,pending
req_20260920_0070,2026-09-20,11:24,dept_mme,dept_physics,1,student,normal,14.4,pending
req_20260920_0067,2026-09-20,11:29,loc_e_library,loc_central_library,1,student,normal,11.0,pending
req_20260920_0075,2026-09-20,11:29,dept_mme,dept_it,1,student,normal,10.3,pending
req_20260920_0068,2026-09-20,11:38,dept_macs,loc_central_library,1,student,normal,13.8,pending
req_20260920_0079,2026-09-20,11:48,dept_ece,dept_chem,1,student,normal,8.4,pending
req_20260920_0102,2026-09-20,12:04,dept_ece,mess_b3_vindhya,1,student,normal,10.8,pending
req_20260920_0086,2026-09-20,12:10,loc_lhc_b,mess_b4_satpura,1,student,normal,14.4,pending
req_20260920_0120,2026-09-20,12:11,loc_e_library,mess_b3_vindhya,1,student,normal,13.7,pending
req_20260920_0092,2026-09-20,12:12,loc_lhc_b,mess_b8_trishul,2,student,normal,8.5,pending
req_20260920_0098,2026-09-20,12:15,dept_civil,mess_gb,1,student,normal,10.0,pending
req_20260920_0097,2026-09-20,12:19,dept_civil,mess_b1_karavali,1,student,normal,11.3,pending
req_20260920_0112,2026-09-20,12:19,dept_civil,mess_pg_new_brahmagiri,1,staff,normal,10.8,pending
req_20260920_0094,2026-09-20,12:20,dept_ece,mess_gb,2,student,high,4.9,pending
req_20260920_0108,2026-09-20,12:22,dept_ece,mess_b4_satpura,2,student,normal,11.6,pending
req_20260920_0111,2026-09-20,12:26,dept_eee,mess_b3_vindhya,1,student,normal,11.8,pending
req_20260920_0088,2026-09-20,12:29,loc_lhc_a,mess_b7_sahyadri,1,student,normal,10.7,pending
req_20260920_0122,2026-09-20,12:34,loc_e_library,mess_b4_satpura,2,student,high,5.3,pending
req_20260920_0089,2026-09-20,12:37,loc_lhc_b,mess_b7_sahyadri,2,student,normal,11.5,pending
req_20260920_0123,2026-09-20,12:38,loc_lhc_b,mess_b7_sahyadri,1,faculty,normal,14.5,pending
req_20260920_0110,2026-09-20,12:49,loc_lhc_b,mess_b5_nilgiri,1,student,normal,9.7,pending
req_20260920_0082,2026-09-20,12:58,mess_b8_trishul,mess_pg_pushpagiri,1,student,normal,9.8,pending
req_20260920_0101,2026-09-20,13:01,dept_hssm,mess_gb,1,student,normal,10.2,pending
req_20260920_0081,2026-09-20,13:18,loc_lhc_b,mess_b4_satpura,1,student,normal,8.0,pending
req_20260920_0113,2026-09-20,13:25,dept_chemistry,mess_b1_karavali,1,staff,normal,13.0,pending
req_20260920_0087,2026-09-20,13:26,loc_lhc_a,mess_mega,1,student,normal,15.0,pending
req_20260920_0118,2026-09-20,13:28,dept_hssm,loc_boys_coop,1,student,normal,8.1,pending
req_20260920_0084,2026-09-20,13:29,loc_lhc_b,mess_b5_nilgiri,1,student,normal,14.3,pending
req_20260920_0104,2026-09-20,13:30,loc_lhc_a,mess_b8_trishul,3,student,normal,10.6,pending
req_20260920_0091,2026-09-20,13:33,dept_mech,mess_pg_pushpagiri,1,student,normal,9.7,pending
req_20260920_0109,2026-09-20,13:33,loc_main_gate,hostel_g_gh5,1,staff,normal,9.7,pending
req_20260920_0119,2026-09-20,13:33,loc_central_library,mess_b2_aravali,1,student,normal,10.9,pending
req_20260920_0096,2026-09-20,13:34,dept_chemistry,mess_b8_trishul,2,staff,normal,8.5,pending
req_20260920_0116,2026-09-20,13:36,loc_lhc_a,mess_b4_satpura,1,student,normal,12.1,pending
req_20260920_0090,2026-09-20,13:37,loc_lhc_b,mess_mega,1,student,normal,9.0,pending
req_20260920_0099,2026-09-20,13:39,dept_chem,mess_b5_nilgiri,2,student,normal,8.6,pending
req_20260920_0114,2026-09-20,13:41,loc_lhc_a,mess_b1_karavali,1,student,normal,9.5,pending
req_20260920_0083,2026-09-20,13:42,dept_wroe,mess_mega,1,student,normal,13.5,pending
req_20260920_0085,2026-09-20,13:45,loc_lhc_a,mess_b7_sahyadri,1,student,normal,14.6,pending
req_20260920_0105,2026-09-20,13:47,dept_hssm,mess_gb,1,student,normal,11.8,pending
req_20260920_0106,2026-09-20,13:48,dept_mech,mess_mega,1,student,normal,8.5,pending
req_20260920_0095,2026-09-20,13:52,dept_eee,mess_mega,1,student,normal,11.0,pending
req_20260920_0107,2026-09-20,13:53,loc_lhc_b,mess_b4_satpura,2,student,high,4.5,pending
req_20260920_0100,2026-09-20,13:54,loc_central_library,mess_b5_nilgiri,1,student,normal,9.3,pending
req_20260920_0103,2026-09-20,13:57,loc_lhc_a,mess_b1_karavali,1,student,normal,11.3,pending
req_20260920_0115,2026-09-20,14:01,loc_lhc_b,mess_b3_vindhya,1,faculty,normal,13.4,pending
req_20260920_0121,2026-09-20,14:11,loc_e_library,mess_b7_sahyadri,2,student,high,5.9,pending
req_20260920_0080,2026-09-20,14:24,dept_cse,mess_b7_sahyadri,1,student,normal,12.6,pending
req_20260920_0093,2026-09-20,14:28,loc_lhc_a,mess_b7_sahyadri,1,student,normal,14.2,pending
req_20260920_0117,2026-09-20,14:29,loc_central_library,mess_b8_trishul,1,student,normal,8.1,pending
req_20260920_0126,2026-09-20,14:47,dept_mech,loc_central_library,2,student,normal,10.8,pending
req_20260920_0136,2026-09-20,14:52,mess_gb,dept_cse,2,student,normal,12.7,pending
req_20260920_0129,2026-09-20,15:07,dept_civil,loc_central_library,1,student,normal,12.6,pending
req_20260920_0128,2026-09-20,15:16,dept_physics,loc_suprabha_girls,1,student,normal,9.8,pending
req_20260920_0138,2026-09-20,15:18,dept_mech,hostel_b_mt3,2,student,normal,9.4,pending
req_20260920_0133,2026-09-20,15:19,dept_chem,hostel_b_mt1,1,student,normal,12.5,pending
req_20260920_0130,2026-09-20,15:24,mess_b8_trishul,dept_mech,1,student,normal,10.6,pending
req_20260920_0124,2026-09-20,15:30,dept_eee,hostel_b_block6,1,student,normal,9.0,pending
req_20260920_0131,2026-09-20,15:34,hostel_b_brahmagiri,mess_gb,1,student,normal,11.2,pending
req_20260920_0132,2026-09-20,15:35,dept_cse,hostel_g_gh5,1,student,normal,14.4,pending
req_20260920_0134,2026-09-20,15:36,dept_it,loc_central_library,2,student,high,6.5,pending
req_20260920_0125,2026-09-20,15:44,mess_mega,dept_eee,2,student,normal,13.0,pending
req_20260920_0127,2026-09-20,15:44,mess_b1_karavali,dept_mining,1,student,normal,8.3,pending
req_20260920_0137,2026-09-20,16:24,dept_chemistry,hostel_b_block7,2,student,normal,11.7,pending
req_20260920_0141,2026-09-20,16:24,dept_chem,hostel_b_mt2,1,student,normal,12.0,pending
req_20260920_0135,2026-09-20,16:32,mess_pg_new_brahmagiri,dept_chem,2,student,normal,12.2,pending
req_20260920_0139,2026-09-20,16:37,mess_b1_karavali,dept_wroe,1,student,normal,8.2,pending
req_20260920_0140,2026-09-20,16:56,dept_eee,loc_central_library,3,student,normal,10.5,pending
req_20260920_0144,2026-09-20,17:09,dept_it,loc_e_library,4,student,normal,8.6,pending
req_20260920_0165,2026-09-20,17:16,hostel_g_gh1,loc_boys_coop,1,student,high,5.6,pending
req_20260920_0146,2026-09-20,17:36,hostel_b_block6,loc_e_library,1,student,normal,13.6,pending
req_20260920_0153,2026-09-20,17:36,hostel_g_gh1,loc_e_library,1,student,normal,11.7,pending
req_20260920_0168,2026-09-20,17:47,dept_physics,loc_e_library,1,student,normal,8.8,pending
req_20260920_0155,2026-09-20,17:48,hostel_b_block2,loc_suprabha_boys,1,student,normal,11.5,pending
req_20260920_0163,2026-09-20,17:51,hostel_b_mt2,loc_suprabha_boys,3,student,normal,10.6,pending
req_20260920_0147,2026-09-20,18:19,dept_chem,loc_central_library,2,student,high,5.1,pending
req_20260920_0158,2026-09-20,18:21,hostel_g_gh4,loc_central_library,1,student,high,4.3,pending
req_20260920_0169,2026-09-20,18:21,hostel_g_gh2,loc_e_library,1,student,normal,14.5,pending
req_20260920_0159,2026-09-20,18:24,hostel_b_block8,loc_suprabha_boys,2,student,normal,8.8,pending
req_20260920_0157,2026-09-20,18:42,hostel_g_gh6,loc_girls_coop,1,faculty,normal,14.1,pending
req_20260920_0166,2026-09-20,18:44,mess_mega,hostel_g_gh2,1,student,normal,9.4,pending
req_20260920_0162,2026-09-20,18:54,hostel_b_block6,loc_girls_coop,1,student,normal,11.3,pending
req_20260920_0143,2026-09-20,18:55,hostel_g_gh2,loc_suprabha_girls,1,student,normal,12.6,pending
req_20260920_0150,2026-09-20,18:58,hostel_g_gh4,loc_suprabha_girls,1,student,normal,14.7,pending
req_20260920_0156,2026-09-20,19:02,dept_physics,loc_e_library,2,student,normal,13.6,pending
req_20260920_0145,2026-09-20,19:03,hostel_g_gh4,mess_b8_trishul,1,student,normal,9.9,pending
req_20260920_0160,2026-09-20,19:16,dept_ece,loc_central_library,1,student,normal,13.9,pending
req_20260920_0151,2026-09-20,19:28,dept_mech,loc_e_library,2,student,normal,11.5,pending
req_20260920_0142,2026-09-20,19:33,dept_macs,loc_e_library,1,student,normal,13.8,pending
req_20260920_0164,2026-09-20,19:33,mess_pg_pushpagiri,mess_b5_nilgiri,1,student,high,5.8,pending
req_20260920_0154,2026-09-20,19:35,hostel_b_block6,loc_e_library,2,student,normal,9.8,pending
req_20260920_0152,2026-09-20,19:38,hostel_b_block5,loc_central_library,1,faculty,normal,10.3,pending
req_20260920_0167,2026-09-20,19:45,hostel_b_mt2,loc_suprabha_boys,1,student,normal,14.1,pending
req_20260920_0161,2026-09-20,19:47,hostel_b_mt3,loc_central_library,1,student,normal,11.5,pending
req_20260920_0149,2026-09-20,19:51,dept_mme,loc_e_library,1,student,high,6.9,pending
req_20260920_0148,2026-09-20,19:54,hostel_b_block5,loc_e_library,1,staff,normal,14.0,pending
req_20260920_0174,2026-09-20,20:32,loc_suprabha_boys,hostel_b_brahmagiri,1,student,normal,10.0,pending
req_20260920_0175,2026-09-20,20:33,loc_suprabha_girls,hostel_b_shivalik,1,student,normal,11.6,pending
req_20260920_0176,2026-09-20,20:50,loc_central_library,hostel_b_block5,2,student,high,7.2,pending
req_20260920_0178,2026-09-20,20:58,loc_girls_coop,hostel_b_block7,1,student,normal,10.1,pending
req_20260920_0177,2026-09-20,21:01,loc_e_library,hostel_g_gh5,1,student,normal,13.8,pending
req_20260920_0171,2026-09-20,21:05,loc_suprabha_girls,hostel_b_block5,2,student,normal,8.8,pending
req_20260920_0182,2026-09-20,21:38,loc_central_library,hostel_g_gh2,1,staff,normal,12.2,pending
req_20260920_0181,2026-09-20,22:07,loc_e_library,hostel_b_block5,1,student,normal,13.0,pending
req_20260920_0170,2026-09-20,22:11,loc_girls_coop,hostel_b_mt3,1,student,normal,11.2,pending
req_20260920_0183,2026-09-20,22:16,loc_suprabha_girls,hostel_b_mt1,1,staff,normal,10.1,pending
req_20260920_0179,2026-09-20,22:24,loc_boys_coop,hostel_b_mt3,4,student,high,5.6,pending
req_20260920_0180,2026-09-20,22:32,dept_eee,hostel_b_brahmagiri,1,student,high,6.1,pending
req_20260920_0173,2026-09-20,22:37,loc_suprabha_girls,hostel_b_mt3,1,student,normal,10.6,pending
req_20260920_0184,2026-09-20,22:50,loc_girls_coop,hostel_b_mt1,2,student,normal,8.2,pending
req_20260920_0172,2026-09-20,22:55,loc_suprabha_girls,hostel_b_shivalik,1,student,normal,10.7,pending
req_20260921_0005,2026-09-21,05:21,hostel_g_gh2,mess_b4_satpura,1,staff,normal,14.4,pending
req_20260921_0009,2026-09-21,05:32,hostel_b_shivalik,dept_civil,1,student,normal,12.9,pending
req_20260921_0007,2026-09-21,05:44,hostel_b_mt1,mess_b3_vindhya,1,faculty,normal,10.2,pending
req_20260921_0001,2026-09-21,05:45,hostel_b_mt3,loc_main_gate,1,student,normal,10.0,pending
req_20260921_0002,2026-09-21,05:49,hostel_b_mt3,loc_lhc_a,3,student,normal,10.1,pending
req_20260921_0008,2026-09-21,05:54,hostel_b_block2,dept_eee,2,student,high,5.7,pending
req_20260921_0004,2026-09-21,06:29,hostel_b_block5,loc_main_gate,1,student,normal,12.6,pending
req_20260921_0003,2026-09-21,06:35,hostel_g_gh2,loc_main_gate,2,student,normal,14.9,pending
req_20260921_0006,2026-09-21,06:49,hostel_b_block7,dept_eee,1,student,normal,15.0,pending
req_20260921_0021,2026-09-21,07:04,hostel_b_shivalik,loc_lhc_b,1,student,normal,11.7,pending
req_20260921_0017,2026-09-21,07:08,hostel_b_shivalik,dept_physics,2,student,normal,12.3,pending
req_20260921_0035,2026-09-21,07:09,loc_main_gate,dept_mme,2,student,normal,13.6,pending
req_20260921_0036,2026-09-21,07:09,hostel_b_block2,loc_lhc_b,1,student,normal,14.0,pending
req_20260921_0045,2026-09-21,07:10,hostel_b_block1,loc_central_library,1,student,normal,14.6,pending
req_20260921_0056,2026-09-21,07:12,hostel_b_block3,loc_lhc_a,2,student,normal,11.8,pending
req_20260921_0011,2026-09-21,07:16,hostel_b_mt1,loc_lhc_b,1,student,normal,13.1,pending
req_20260921_0048,2026-09-21,07:24,hostel_g_gh3,dept_ece,2,student,normal,11.5,pending
req_20260921_0057,2026-09-21,07:24,hostel_g_gh2,loc_central_library,2,staff,high,4.9,pending
req_20260921_0031,2026-09-21,07:26,hostel_b_block1,loc_lhc_b,2,student,normal,14.6,pending
req_20260921_0014,2026-09-21,07:30,hostel_b_block5,loc_central_library,1,student,normal,14.5,pending
req_20260921_0012,2026-09-21,07:32,hostel_g_gh3,loc_lhc_a,1,student,normal,8.8,pending
req_20260921_0051,2026-09-21,07:34,hostel_b_block5,loc_e_library,4,student,high,4.7,pending
req_20260921_0033,2026-09-21,07:48,hostel_b_block2,loc_e_library,1,student,normal,14.5,pending
req_20260921_0052,2026-09-21,07:56,hostel_b_block4,loc_lhc_a,1,student,high,4.1,pending
req_20260921_0037,2026-09-21,07:58,hostel_b_mt2,loc_lhc_b,1,student,normal,10.8,pending
req_20260921_0013,2026-09-21,08:00,hostel_b_block4,loc_lhc_b,1,student,normal,14.4,pending
req_20260921_0022,2026-09-21,08:02,hostel_b_block6,dept_chem,2,student,normal,15.0,pending
req_20260921_0047,2026-09-21,08:05,hostel_b_block4,dept_cse,2,staff,normal,11.0,pending
req_20260921_0040,2026-09-21,08:12,hostel_b_block6,dept_cse,1,student,normal,14.5,pending
req_20260921_0029,2026-09-21,08:13,hostel_b_mt2,loc_lhc_a,1,student,normal,12.9,pending
req_20260921_0026,2026-09-21,08:19,hostel_g_gh6,hostel_b_block5,3,staff,normal,8.0,pending
req_20260921_0054,2026-09-21,08:22,hostel_b_block8,loc_lhc_b,1,student,normal,10.5,pending
req_20260921_0038,2026-09-21,08:33,hostel_b_mt1,loc_lhc_b,1,student,normal,12.2,pending
req_20260921_0041,2026-09-21,08:34,hostel_g_gh5,dept_macs,1,student,normal,13.2,pending
req_20260921_0018,2026-09-21,08:38,dept_mme,hostel_g_gh1,1,student,normal,9.8,pending
req_20260921_0030,2026-09-21,08:41,hostel_g_gh6,dept_civil,2,student,normal,12.1,pending
req_20260921_0010,2026-09-21,08:48,hostel_g_gh2,dept_it,3,student,normal,11.9,pending
req_20260921_0049,2026-09-21,08:48,hostel_g_gh1,loc_e_library,1,staff,normal,8.7,pending
req_20260921_0044,2026-09-21,08:50,hostel_b_mt2,loc_lhc_a,1,staff,high,8.0,pending
req_20260921_0050,2026-09-21,08:57,hostel_b_block4,loc_central_library,3,faculty,normal,14.5,pending
req_20260921_0053,2026-09-21,08:58,hostel_g_gh5,loc_central_library,2,student,normal,10.3,pending
req_20260921_0020,2026-09-21,08:59,hostel_g_gh3,dept_chemistry,1,faculty,normal,8.2,pending
req_20260921_0023,2026-09-21,09:01,hostel_b_block3,loc_lhc_b,3,student,high,4.5,pending
req_20260921_0043,2026-09-21,09:01,hostel_b_block5,mess_mega,1,student,normal,12.2,pending
req_20260921_0039,2026-09-21,09:02,hostel_b_mt1,loc_lhc_a,1,student,high,4.6,pending
req_20260921_0046,2026-09-21,09:04,hostel_b_block5,loc_lhc_a,1,staff,normal,13.7,pending
req_20260921_0032,2026-09-21,09:15,mess_b4_satpura,hostel_b_mt2,1,student,normal,11.1,pending
req_20260921_0016,2026-09-21,09:19,hostel_g_gh4,loc_lhc_a,2,student,normal,14.6,pending
req_20260921_0015,2026-09-21,09:24,hostel_g_gh5,loc_lhc_b,1,student,normal,12.7,pending
req_20260921_0025,2026-09-21,09:25,hostel_g_gh2,loc_lhc_a,3,student,normal,11.0,pending
req_20260921_0027,2026-09-21,09:39,hostel_g_gh2,dept_mme,1,faculty,normal,8.2,pending
req_20260921_0055,2026-09-21,09:47,hostel_b_mt2,loc_lhc_b,1,student,normal,14.7,pending
req_20260921_0024,2026-09-21,09:55,hostel_b_brahmagiri,loc_lhc_b,1,staff,normal,11.2,pending
req_20260921_0042,2026-09-21,09:55,hostel_b_brahmagiri,dept_mining,1,student,normal,10.9,pending
req_20260921_0028,2026-09-21,09:56,loc_lhc_a,loc_girls_coop,2,student,normal,9.6,pending
req_20260921_0019,2026-09-21,09:57,hostel_b_block7,dept_mech,1,faculty,normal,12.8,pending
req_20260921_0034,2026-09-21,09:58,hostel_g_gh3,loc_lhc_a,1,faculty,normal,8.2,pending
req_20260921_0066,2026-09-21,10:01,dept_mech,dept_civil,1,student,high,5.4,pending
req_20260921_0074,2026-09-21,10:05,dept_eee,loc_e_library,1,student,normal,9.5,pending
req_20260921_0070,2026-09-21,10:08,hostel_g_gh2,hostel_g_gh4,2,student,normal,9.5,pending
req_20260921_0073,2026-09-21,10:09,dept_macs,loc_e_library,1,student,normal,9.3,pending
req_20260921_0067,2026-09-21,10:30,dept_cse,hostel_b_shivalik,2,faculty,normal,9.2,pending
req_20260921_0064,2026-09-21,10:35,dept_hssm,loc_e_library,1,student,high,7.4,pending
req_20260921_0062,2026-09-21,10:37,dept_eee,mess_gb,1,student,normal,10.3,pending
req_20260921_0059,2026-09-21,10:53,dept_macs,dept_mech,2,student,normal,11.2,pending
req_20260921_0061,2026-09-21,10:54,dept_hssm,dept_civil,1,student,normal,14.6,pending
req_20260921_0072,2026-09-21,11:02,loc_central_library,loc_e_library,1,staff,normal,9.5,pending
req_20260921_0058,2026-09-21,11:10,dept_cse,dept_hssm,2,student,normal,12.3,pending
req_20260921_0068,2026-09-21,11:15,mess_mega,loc_main_building,1,student,normal,14.6,pending
req_20260921_0063,2026-09-21,11:29,dept_wroe,dept_mme,3,student,high,7.4,pending
req_20260921_0069,2026-09-21,11:41,dept_macs,hostel_b_mt1,2,faculty,normal,11.6,pending
req_20260921_0071,2026-09-21,11:42,loc_e_library,hostel_g_gh3,4,student,high,6.8,pending
req_20260921_0065,2026-09-21,11:47,dept_mining,loc_e_library,1,student,normal,14.4,pending
req_20260921_0060,2026-09-21,11:51,loc_lhc_b,loc_central_library,1,student,normal,12.8,pending
req_20260921_0086,2026-09-21,12:03,dept_mech,mess_mega,1,student,normal,8.6,pending
req_20260921_0114,2026-09-21,12:11,loc_lhc_b,mess_mega,1,student,normal,8.3,pending
req_20260921_0109,2026-09-21,12:12,dept_mme,mess_b2_aravali,1,student,high,5.3,pending
req_20260921_0088,2026-09-21,12:15,loc_lhc_a,mess_b8_trishul,2,student,normal,10.7,pending
req_20260921_0098,2026-09-21,12:15,loc_lhc_a,mess_pg_new_brahmagiri,4,staff,normal,14.5,pending
req_20260921_0084,2026-09-21,12:16,dept_it,mess_b5_nilgiri,1,staff,high,6.9,pending
req_20260921_0080,2026-09-21,12:17,dept_cse,mess_mega,2,student,normal,12.6,pending
req_20260921_0100,2026-09-21,12:23,dept_physics,mess_b1_karavali,1,student,normal,11.4,pending
req_20260921_0083,2026-09-21,12:25,dept_civil,mess_mega,1,staff,high,8.0,pending
req_20260921_0099,2026-09-21,12:26,dept_eee,mess_b1_karavali,1,staff,normal,10.0,pending
req_20260921_0102,2026-09-21,12:28,dept_ece,mess_gb,2,faculty,normal,13.3,pending
req_20260921_0077,2026-09-21,12:29,loc_lhc_a,mess_mega,1,student,high,6.6,pending
req_20260921_0112,2026-09-21,12:33,dept_eee,mess_gb,3,student,normal,9.6,pending
req_20260921_0092,2026-09-21,12:34,dept_cse,mess_mega,1,student,normal,12.6,pending
req_20260921_0087,2026-09-21,12:39,loc_lhc_a,mess_mega,1,student,normal,10.1,pending
req_20260921_0076,2026-09-21,12:40,dept_civil,mess_pg_pushpagiri,1,student,normal,8.8,pending
req_20260921_0101,2026-09-21,12:45,loc_lhc_a,mess_mega,1,student,normal,9.0,pending
req_20260921_0093,2026-09-21,12:47,dept_civil,mess_b5_nilgiri,1,student,normal,9.2,pending
req_20260921_0106,2026-09-21,12:51,loc_lhc_a,mess_mega,1,student,normal,8.5,pending
req_20260921_0116,2026-09-21,12:56,dept_mining,mess_b1_karavali,1,student,normal,14.4,pending
req_20260921_0082,2026-09-21,13:04,dept_chem,mess_b8_trishul,1,student,normal,10.4,pending
req_20260921_0096,2026-09-21,13:09,loc_lhc_b,mess_pg_pushpagiri,1,student,normal,13.0,pending
req_20260921_0110,2026-09-21,13:09,dept_mme,mess_b5_nilgiri,1,student,normal,12.0,pending
req_20260921_0108,2026-09-21,13:20,loc_lhc_b,mess_pg_new_brahmagiri,1,student,normal,11.7,pending
req_20260921_0095,2026-09-21,13:26,dept_it,mess_gb,2,student,normal,8.9,pending
req_20260921_0081,2026-09-21,13:27,dept_wroe,mess_b3_vindhya,1,student,normal,12.5,pending
req_20260921_0104,2026-09-21,13:36,dept_ece,mess_pg_new_brahmagiri,1,student,normal,12.5,pending
req_20260921_0107,2026-09-21,13:37,dept_hssm,mess_b5_nilgiri,2,staff,normal,12.9,pending
req_20260921_0094,2026-09-21,13:38,dept_it,mess_b1_karavali,1,student,normal,11.8,pending
req_20260921_0113,2026-09-21,13:38,dept_chem,mess_pg_pushpagiri,2,student,normal,14.0,pending
req_20260921_0115,2026-09-21,13:49,dept_hssm,mess_pg_pushpagiri,1,student,normal,14.9,pending
req_20260921_0091,2026-09-21,13:51,loc_girls_coop,mess_pg_pushpagiri,1,student,normal,10.2,pending
req_20260921_0111,2026-09-21,14:01,loc_lhc_b,mess_b8_trishul,1,student,normal,10.2,pending
req_20260921_0103,2026-09-21,14:03,loc_lhc_a,mess_b3_vindhya,1,student,high,7.1,pending
req_20260921_0078,2026-09-21,14:12,loc_lhc_a,mess_mega,1,student,normal,8.5,pending
req_20260921_0079,2026-09-21,14:12,loc_e_library,mess_pg_pushpagiri,1,student,normal,13.2,pending
req_20260921_0085,2026-09-21,14:12,dept_physics,mess_pg_new_brahmagiri,1,student,normal,9.3,pending
req_20260921_0090,2026-09-21,14:15,loc_lhc_b,mess_pg_pushpagiri,1,student,normal,13.7,pending
req_20260921_0075,2026-09-21,14:18,dept_chemistry,mess_b7_sahyadri,2,student,normal,14.2,pending
req_20260921_0097,2026-09-21,14:23,dept_it,mess_b8_trishul,2,student,normal,12.5,pending
req_20260921_0105,2026-09-21,14:24,loc_lhc_b,mess_pg_pushpagiri,1,student,normal,10.5,pending
req_20260921_0089,2026-09-21,14:26,loc_central_library,mess_pg_pushpagiri,1,student,normal,11.1,pending
req_20260921_0132,2026-09-21,14:33,hostel_b_block1,hostel_g_gh1,1,student,normal,8.7,pending
req_20260921_0123,2026-09-21,14:37,mess_pg_pushpagiri,dept_mech,2,student,normal,11.6,pending
req_20260921_0122,2026-09-21,14:51,mess_pg_pushpagiri,dept_cse,1,student,normal,13.5,pending
req_20260921_0127,2026-09-21,14:55,mess_b4_satpura,dept_it,1,student,normal,12.3,pending
req_20260921_0119,2026-09-21,14:59,mess_b8_trishul,dept_civil,1,student,normal,13.3,pending
req_20260921_0130,2026-09-21,15:10,dept_ece,loc_central_library,1,student,normal,13.3,pending
req_20260921_0117,2026-09-21,15:11,mess_b1_karavali,dept_eee,1,staff,normal,8.3,pending
req_20260921_0126,2026-09-21,15:13,dept_ece,loc_central_library,2,staff,normal,10.8,pending
req_20260921_0118,2026-09-21,15:33,mess_b8_trishul,dept_it,2,student,normal,13.7,pending
req_20260921_0120,2026-09-21,15:38,dept_it,hostel_g_gh6,2,student,normal,9.7,pending
req_20260921_0133,2026-09-21,15:38,mess_b8_trishul,dept_wroe,1,student,normal,8.4,pending
req_20260921_0128,2026-09-21,15:42,mess_gb,dept_chem,2,staff,normal,12.7,pending
req_20260921_0131,2026-09-21,15:45,dept_chem,hostel_g_gh6,2,student,normal,8.6,pending
req_20260921_0125,2026-09-21,15:56,dept_wroe,loc_central_library,2,student,normal,13.8,pending
req_20260921_0124,2026-09-21,16:26,dept_eee,loc_central_library,2,staff,normal,9.1,pending
req_20260921_0121,2026-09-21,16:46,dept_mme,hostel_b_mt3,1,student,high,5.3,pending
req_20260921_0129,2026-09-21,16:54,hostel_b_block7,mess_b8_trishul,1,student,normal,9.7,pending
req_20260921_0145,2026-09-21,17:01,hostel_b_block3,loc_girls_coop,2,student,normal,8.4,pending
req_20260921_0154,2026-09-21,17:12,hostel_b_shivalik,loc_e_library,2,faculty,normal,13.8,pending
req_20260921_0142,2026-09-21,17:14,hostel_b_mt1,loc_girls_coop,1,student,high,7.5,pending
req_20260921_0134,2026-09-21,17:16,dept_mme,loc_central_library,1,student,high,6.0,pending
req_20260921_0136,2026-09-21,17:25,dept_civil,loc_e_library,2,student,normal,12.7,pending
req_20260921_0155,2026-09-21,17:29,hostel_b_block2,loc_e_library,3,student,normal,12.1,pending
req_20260921_0156,2026-09-21,17:43,hostel_b_mt3,loc_central_library,1,student,normal,10.8,pending
req_20260921_0140,2026-09-21,17:58,hostel_g_gh2,loc_suprabha_girls,2,student,normal,13.0,pending
req_20260921_0151,2026-09-21,18:01,hostel_b_block8,loc_e_library,1,student,normal,11.7,pending
req_20260921_0144,2026-09-21,18:07,hostel_g_gh2,loc_e_library,2,student,normal,13.4,pending
req_20260921_0150,2026-09-21,18:07,hostel_b_block4,loc_central_library,2,student,normal,14.1,pending
req_20260921_0146,2026-09-21,18:12,hostel_b_block3,loc_girls_coop,1,student,normal,11.5,pending
req_20260921_0158,2026-09-21,18:17,hostel_b_block5,loc_girls_coop,1,student,high,5.2,pending
req_20260921_0148,2026-09-21,18:20,hostel_b_mt3,loc_central_library,2,student,normal,8.1,pending
req_20260921_0135,2026-09-21,18:27,dept_chem,loc_e_library,3,staff,normal,10.8,pending
req_20260921_0141,2026-09-21,18:33,hostel_b_block5,loc_boys_coop,2,student,normal,14.9,pending
req_20260921_0138,2026-09-21,18:38,dept_mining,loc_e_library,1,staff,normal,12.1,pending
req_20260921_0153,2026-09-21,19:08,dept_wroe,loc_central_library,1,student,normal,14.9,pending
req_20260921_0139,2026-09-21,19:22,dept_macs,loc_e_library,1,student,normal,12.8,pending
req_20260921_0143,2026-09-21,19:28,hostel_g_gh5,loc_suprabha_girls,1,student,normal,10.7,pending
req_20260921_0147,2026-09-21,19:28,hostel_b_mt1,loc_suprabha_boys,2,student,normal,14.5,pending
req_20260921_0157,2026-09-21,19:29,loc_boys_coop,mess_b8_trishul,4,student,normal,14.1,pending
req_20260921_0149,2026-09-21,19:30,dept_chem,loc_e_library,1,student,normal,11.0,pending
req_20260921_0137,2026-09-21,19:31,hostel_b_block1,loc_suprabha_girls,1,student,normal,11.6,pending
req_20260921_0152,2026-09-21,19:47,hostel_g_gh6,loc_suprabha_boys,1,student,normal,9.3,pending
req_20260921_0159,2026-09-21,19:59,dept_macs,loc_e_library,1,student,high,6.0,pending
req_20260921_0164,2026-09-21,20:02,loc_e_library,hostel_g_gh1,4,student,normal,12.3,pending
req_20260921_0163,2026-09-21,20:06,loc_central_library,hostel_b_block1,1,student,high,4.8,pending
req_20260921_0161,2026-09-21,20:19,loc_suprabha_girls,hostel_b_mt2,2,student,normal,11.8,pending
req_20260921_0166,2026-09-21,20:19,loc_suprabha_boys,hostel_g_gh6,1,student,high,4.8,pending
req_20260921_0170,2026-09-21,20:28,loc_boys_coop,hostel_b_block8,1,student,normal,9.6,pending
req_20260921_0173,2026-09-21,20:42,loc_suprabha_boys,hostel_b_mt1,1,student,normal,14.4,pending
req_20260921_0162,2026-09-21,20:52,loc_central_library,hostel_b_block4,2,student,normal,9.5,pending
req_20260921_0169,2026-09-21,21:11,loc_e_library,hostel_g_gh4,2,student,high,4.6,pending
req_20260921_0171,2026-09-21,21:22,loc_suprabha_boys,hostel_b_block4,1,student,normal,14.7,pending
req_20260921_0167,2026-09-21,21:34,loc_central_library,hostel_g_gh5,2,student,normal,10.0,pending
req_20260921_0172,2026-09-21,21:56,loc_suprabha_boys,hostel_b_shivalik,1,student,normal,9.0,pending
req_20260921_0160,2026-09-21,21:59,hostel_g_gh3,loc_suprabha_girls,1,student,normal,9.7,pending
req_20260921_0168,2026-09-21,22:30,loc_girls_coop,hostel_g_gh4,3,student,normal,11.9,pending
req_20260921_0165,2026-09-21,22:42,loc_central_library,hostel_b_shivalik,1,staff,normal,13.1,pending
req_20260922_0006,2026-09-22,05:04,hostel_b_block3,loc_main_gate,1,student,normal,14.9,pending
req_20260922_0001,2026-09-22,05:25,hostel_g_gh2,loc_main_gate,1,staff,normal,12.7,pending
req_20260922_0009,2026-09-22,05:45,hostel_b_block3,loc_main_gate,1,student,normal,12.0,pending
req_20260922_0002,2026-09-22,06:19,hostel_g_gh1,dept_mining,1,student,high,7.4,pending
req_20260922_0003,2026-09-22,06:26,hostel_g_gh3,loc_main_gate,1,student,normal,13.3,pending
req_20260922_0007,2026-09-22,06:34,hostel_b_block2,mess_b3_vindhya,1,student,normal,10.7,pending
req_20260922_0004,2026-09-22,06:35,hostel_b_shivalik,loc_main_gate,1,student,normal,11.8,pending
req_20260922_0008,2026-09-22,06:53,hostel_g_gh2,loc_main_gate,1,student,normal,8.6,pending
req_20260922_0005,2026-09-22,06:55,hostel_b_block6,loc_main_gate,1,student,normal,8.3,pending
req_20260922_0029,2026-09-22,07:00,hostel_b_block4,loc_central_library,1,student,high,7.3,pending
req_20260922_0055,2026-09-22,07:03,dept_wroe,hostel_b_block5,1,student,normal,9.9,pending
req_20260922_0032,2026-09-22,07:06,hostel_b_block2,dept_mining,1,student,normal,14.6,pending
req_20260922_0048,2026-09-22,07:08,hostel_b_mt2,dept_mining,1,student,normal,13.7,pending
req_20260922_0036,2026-09-22,07:09,hostel_b_block3,dept_mme,1,student,normal,9.0,pending
req_20260922_0019,2026-09-22,07:14,hostel_b_block6,dept_it,1,student,normal,12.8,pending
req_20260922_0049,2026-09-22,07:14,hostel_b_brahmagiri,loc_lhc_b,4,staff,normal,11.1,pending
req_20260922_0016,2026-09-22,07:17,hostel_b_brahmagiri,dept_macs,1,student,normal,9.5,pending
req_20260922_0028,2026-09-22,07:32,hostel_b_brahmagiri,loc_lhc_b,1,student,normal,10.4,pending
req_20260922_0017,2026-09-22,07:44,hostel_b_block7,mess_b3_vindhya,2,staff,normal,11.8,pending
req_20260922_0012,2026-09-22,07:56,hostel_b_block4,dept_mech,1,student,high,4.4,pending
req_20260922_0034,2026-09-22,07:56,mess_pg_pushpagiri,mess_gb,1,staff,normal,8.0,pending
req_20260922_0051,2026-09-22,08:11,hostel_b_shivalik,loc_central_library,1,student,high,4.3,pending
req_20260922_0040,2026-09-22,08:12,hostel_g_gh6,loc_lhc_a,1,student,normal,12.8,pending
req_20260922_0038,2026-09-22,08:13,hostel_b_block7,loc_lhc_a,2,student,normal,12.1,pending
req_20260922_0044,2026-09-22,08:15,loc_central_library,mess_b1_karavali,3,student,normal,10.1,pending
req_20260922_0033,2026-09-22,08:16,hostel_b_block7,dept_chem,1,student,normal,12.7,pending
req_20260922_0054,2026-09-22,08:16,hostel_b_brahmagiri,dept_ece,1,student,normal,11.1,pending
req_20260922_0050,2026-09-22,08:19,hostel_b_block7,loc_e_library,1,student,normal,8.9,pending
req_20260922_0039,2026-09-22,08:25,hostel_b_mt3,dept_it,1,student,normal,13.4,pending
req_20260922_0046,2026-09-22,08:25,hostel_b_mt2,dept_mining,1,student,normal,8.8,pending
req_20260922_0056,2026-09-22,08:29,hostel_g_gh2,loc_lhc_a,1,student,normal,12.7,pending
req_20260922_0043,2026-09-22,08:30,hostel_g_gh3,loc_lhc_b,1,student,normal,14.2,pending
req_20260922_0031,2026-09-22,08:31,hostel_b_block6,loc_lhc_b,1,student,normal,14.6,pending
req_20260922_0042,2026-09-22,08:34,hostel_b_mt2,dept_chem,1,student,normal,12.7,pending
req_20260922_0057,2026-09-22,08:35,hostel_b_block4,loc_lhc_a,3,student,normal,10.2,pending
req_20260922_0025,2026-09-22,08:39,hostel_b_mt2,loc_lhc_b,1,student,normal,13.4,pending
req_20260922_0022,2026-09-22,08:59,hostel_g_gh1,dept_chem,1,student,normal,8.7,pending
req_20260922_0047,2026-09-22,09:00,hostel_b_block8,loc_lhc_b,1,student,normal,12.5,pending
req_20260922_0035,2026-09-22,09:08,hostel_b_block2,loc_lhc_a,1,student,normal,9.5,pending
req_20260922_0030,2026-09-22,09:11,hostel_b_block4,loc_e_library,1,student,normal,14.2,pending
req_20260922_0015,2026-09-22,09:12,hostel_b_brahmagiri,loc_lhc_a,1,staff,normal,8.6,pending
req_20260922_0011,2026-09-22,09:13,hostel_b_block7,loc_lhc_a,4,student,normal,11.7,pending
req_20260922_0013,2026-09-22,09:18,hostel_g_gh4,dept_hssm,2,student,normal,13.2,pending
req_20260922_0041,2026-09-22,09:19,hostel_b_mt1,dept_wroe,1,student,normal,8.8,pending
req_20260922_0037,2026-09-22,09:21,hostel_b_block3,loc_lhc_b,1,staff,normal,8.7,pending
req_20260922_0014,2026-09-22,09:22,hostel_g_gh1,hostel_g_gh4,2,student,normal,10.9,pending
req_20260922_0010,2026-09-22,09:25,hostel_b_block5,loc_lhc_b,1,student,normal,10.9,pending
req_20260922_0052,2026-09-22,09:26,hostel_b_block6,loc_lhc_a,2,student,normal,12.5,pending
req_20260922_0024,2026-09-22,09:27,hostel_b_block4,loc_lhc_a,1,student,normal,15.0,pending
req_20260922_0026,2026-09-22,09:28,hostel_b_brahmagiri,dept_ece,4,student,normal,8.1,pending
req_20260922_0045,2026-09-22,09:35,hostel_b_mt2,loc_lhc_a,1,student,normal,13.0,pending
req_20260922_0023,2026-09-22,09:40,dept_it,loc_lhc_b,1,student,normal,10.1,pending
req_20260922_0018,2026-09-22,09:42,hostel_b_shivalik,dept_hssm,1,staff,normal,14.5,pending
req_20260922_0053,2026-09-22,09:44,hostel_g_gh5,dept_it,1,student,normal,9.7,pending
req_20260922_0027,2026-09-22,09:47,hostel_g_gh3,loc_lhc_a,3,student,normal,8.4,pending
req_20260922_0021,2026-09-22,09:48,hostel_b_shivalik,loc_lhc_a,1,student,normal,9.9,pending
req_20260922_0020,2026-09-22,09:57,dept_ece,hostel_b_block2,1,student,high,6.6,pending
req_20260922_0062,2026-09-22,10:00,dept_cse,dept_civil,1,student,normal,8.3,pending
req_20260922_0064,2026-09-22,10:06,dept_it,dept_cse,1,student,normal,11.4,pending
req_20260922_0068,2026-09-22,10:17,dept_physics,loc_central_library,1,student,normal,10.0,pending
req_20260922_0058,2026-09-22,10:25,mess_pg_new_brahmagiri,dept_mech,3,staff,normal,10.1,pending
req_20260922_0071,2026-09-22,10:25,loc_central_library,hostel_b_block5,2,student,normal,11.8,pending
req_20260922_0065,2026-09-22,10:37,dept_it,loc_central_library,1,student,normal,11.3,pending
req_20260922_0072,2026-09-22,10:47,dept_civil,dept_it,1,student,normal,10.1,pending
req_20260922_0059,2026-09-22,10:58,dept_mme,loc_e_library,1,student,normal,8.6,pending
req_20260922_0063,2026-09-22,11:05,dept_civil,dept_chemistry,1,student,normal,12.8,pending
req_20260922_0066,2026-09-22,11:08,loc_lhc_a,hostel_b_block8,2,student,normal,10.3,pending
req_20260922_0073,2026-09-22,11:09,mess_pg_pushpagiri,hostel_b_block6,1,student,high,4.1,pending
req_20260922_0070,2026-09-22,11:11,dept_mech,dept_mme,1,student,normal,11.6,pending
req_20260922_0067,2026-09-22,11:16,dept_mech,dept_it,1,student,normal,14.1,pending
req_20260922_0060,2026-09-22,11:33,dept_cse,dept_mech,3,staff,normal,12.4,pending
req_20260922_0061,2026-09-22,11:55,dept_hssm,dept_mme,2,student,normal,11.1,pending
req_20260922_0074,2026-09-22,11:58,dept_chem,loc_central_library,1,student,high,5.1,pending
req_20260922_0069,2026-09-22,11:59,loc_lhc_a,loc_e_library,1,student,normal,13.5,pending
req_20260922_0096,2026-09-22,12:02,loc_lhc_a,mess_b4_satpura,1,student,high,5.0,pending
req_20260922_0100,2026-09-22,12:03,dept_chem,mess_pg_pushpagiri,1,student,normal,10.3,pending
req_20260922_0085,2026-09-22,12:04,dept_it,mess_b1_karavali,1,student,normal,10.8,pending
req_20260922_0081,2026-09-22,12:12,dept_mme,mess_b4_satpura,1,student,normal,13.6,pending
req_20260922_0078,2026-09-22,12:13,loc_lhc_a,mess_gb,1,student,normal,14.8,pending
req_20260922_0094,2026-09-22,12:14,dept_mech,mess_mega,1,student,normal,13.3,pending
req_20260922_0087,2026-09-22,12:16,loc_lhc_b,mess_pg_new_brahmagiri,1,student,normal,8.6,pending
req_20260922_0114,2026-09-22,12:20,loc_lhc_b,mess_b8_trishul,1,faculty,normal,12.3,pending
req_20260922_0079,2026-09-22,12:22,loc_central_library,mess_gb,1,student,normal,9.6,pending
req_20260922_0093,2026-09-22,12:23,hostel_b_mt3,mess_b8_trishul,1,student,normal,10.7,pending
req_20260922_0089,2026-09-22,12:24,dept_chemistry,dept_eee,1,staff,normal,11.6,pending
req_20260922_0075,2026-09-22,12:31,loc_lhc_a,mess_b4_satpura,1,student,normal,11.2,pending
req_20260922_0082,2026-09-22,12:35,loc_lhc_a,mess_b4_satpura,1,student,normal,10.2,pending
req_20260922_0099,2026-09-22,12:35,loc_e_library,mess_mega,1,staff,normal,9.9,pending
req_20260922_0104,2026-09-22,12:35,loc_lhc_a,mess_b8_trishul,1,student,normal,11.9,pending
req_20260922_0108,2026-09-22,12:35,hostel_b_shivalik,mess_mega,1,student,normal,12.7,pending
req_20260922_0112,2026-09-22,12:36,dept_hssm,mess_b2_aravali,1,student,normal,10.1,pending
req_20260922_0095,2026-09-22,12:40,loc_central_library,mess_b8_trishul,1,student,normal,8.4,pending
req_20260922_0109,2026-09-22,12:44,dept_it,mess_gb,1,staff,normal,14.4,pending
req_20260922_0088,2026-09-22,12:45,dept_chem,mess_b7_sahyadri,1,student,normal,12.2,pending
req_20260922_0107,2026-09-22,12:45,loc_central_library,mess_pg_new_brahmagiri,1,student,normal,11.6,pending
req_20260922_0090,2026-09-22,12:46,hostel_g_gh2,mess_pg_new_brahmagiri,1,student,normal,9.6,pending
req_20260922_0105,2026-09-22,12:49,mess_pg_pushpagiri,hostel_b_brahmagiri,2,student,normal,14.9,pending
req_20260922_0102,2026-09-22,13:00,dept_physics,mess_b2_aravali,4,student,normal,14.3,pending
req_20260922_0113,2026-09-22,13:00,loc_central_library,mess_gb,2,student,normal,13.6,pending
req_20260922_0110,2026-09-22,13:09,loc_lhc_a,mess_b2_aravali,1,student,normal,11.2,pending
req_20260922_0083,2026-09-22,13:11,dept_mme,mess_pg_new_brahmagiri,1,student,normal,8.8,pending
req_20260922_0103,2026-09-22,13:18,dept_eee,mess_b4_satpura,1,student,normal,13.3,pending
req_20260922_0111,2026-09-22,13:24,dept_chem,mess_gb,1,student,high,6.9,pending
req_20260922_0080,2026-09-22,13:28,dept_it,mess_mega,1,student,normal,11.9,pending
req_20260922_0077,2026-09-22,13:30,dept_cse,mess_mega,1,student,normal,14.2,pending
req_20260922_0115,2026-09-22,13:42,dept_physics,mess_pg_new_brahmagiri,1,student,normal,9.7,pending
req_20260922_0101,2026-09-22,13:47,dept_eee,mess_b3_vindhya,1,student,normal,9.0,pending
req_20260922_0084,2026-09-22,13:50,mess_pg_pushpagiri,mess_b1_karavali,1,staff,normal,8.8,pending
req_20260922_0098,2026-09-22,13:54,loc_e_library,mess_pg_new_brahmagiri,1,student,normal,10.8,pending
req_20260922_0092,2026-09-22,13:59,loc_lhc_a,mess_b1_karavali,2,student,normal,9.8,pending
req_20260922_0086,2026-09-22,14:04,dept_cse,mess_mega,1,student,normal,9.4,pending
req_20260922_0097,2026-09-22,14:17,dept_mech,mess_b5_nilgiri,1,student,normal,12.2,pending
req_20260922_0091,2026-09-22,14:18,loc_lhc_b,mess_mega,1,student,normal,11.2,pending
req_20260922_0076,2026-09-22,14:19,dept_chemistry,mess_b4_satpura,1,student,normal,12.5,pending
req_20260922_0106,2026-09-22,14:26,dept_mme,mess_b4_satpura,1,faculty,high,6.5,pending
req_20260922_0127,2026-09-22,14:48,mess_b4_satpura,dept_civil,1,student,normal,11.4,pending
req_20260922_0121,2026-09-22,15:02,dept_mining,loc_central_library,2,student,normal,10.7,pending
req_20260922_0123,2026-09-22,15:22,dept_physics,hostel_b_block2,2,student,high,5.5,pending
req_20260922_0120,2026-09-22,15:47,dept_eee,hostel_g_gh6,1,student,normal,10.0,pending
req_20260922_0117,2026-09-22,15:51,mess_mega,dept_eee,1,student,high,7.2,pending
req_20260922_0125,2026-09-22,15:53,mess_pg_pushpagiri,dept_hssm,1,student,normal,10.4,pending
req_20260922_0130,2026-09-22,16:03,dept_it,hostel_b_block3,1,student,normal,10.3,pending
req_20260922_0119,2026-09-22,16:13,dept_civil,loc_e_library,2,student,normal,8.7,pending
req_20260922_0122,2026-09-22,16:15,mess_b5_nilgiri,dept_chem,2,staff,normal,9.0,pending
req_20260922_0118,2026-09-22,16:24,dept_cse,hostel_b_block3,1,staff,normal,9.6,pending
req_20260922_0124,2026-09-22,16:28,dept_mech,hostel_b_block8,4,student,normal,14.0,pending
req_20260922_0116,2026-09-22,16:30,dept_chem,hostel_g_gh5,1,student,normal,13.0,pending
req_20260922_0131,2026-09-22,16:34,dept_ece,hostel_b_block7,1,student,normal,8.5,pending
req_20260922_0128,2026-09-22,16:43,dept_mining,loc_central_library,1,student,normal,13.2,pending
req_20260922_0132,2026-09-22,16:53,dept_cse,hostel_b_block8,1,student,normal,11.7,pending
req_20260922_0126,2026-09-22,16:58,dept_civil,loc_central_library,1,staff,normal,9.5,pending
req_20260922_0129,2026-09-22,16:59,mess_pg_new_brahmagiri,dept_mech,1,student,normal,12.3,pending
req_20260922_0135,2026-09-22,17:15,dept_mme,loc_central_library,2,staff,normal,11.2,pending
req_20260922_0143,2026-09-22,17:20,hostel_b_shivalik,loc_e_library,1,student,normal,9.4,pending
req_20260922_0146,2026-09-22,17:23,hostel_g_gh2,mess_mega,2,student,normal,10.8,pending
req_20260922_0141,2026-09-22,17:29,mess_b1_karavali,mess_gb,1,student,normal,14.0,pending
req_20260922_0144,2026-09-22,17:30,hostel_b_mt2,loc_central_library,2,student,high,4.7,pending
req_20260922_0133,2026-09-22,17:32,hostel_b_block5,loc_suprabha_girls,1,faculty,normal,13.1,pending
req_20260922_0149,2026-09-22,17:40,hostel_g_gh6,loc_suprabha_boys,1,student,normal,11.0,pending
req_20260922_0136,2026-09-22,17:43,hostel_b_block5,loc_suprabha_girls,1,student,normal,12.3,pending
req_20260922_0155,2026-09-22,17:58,hostel_b_mt3,loc_girls_coop,1,student,normal,12.8,pending
req_20260922_0151,2026-09-22,18:03,dept_chemistry,loc_central_library,1,student,normal,9.8,pending
req_20260922_0145,2026-09-22,18:17,hostel_b_shivalik,loc_e_library,1,student,normal,12.2,pending
req_20260922_0152,2026-09-22,18:23,dept_mining,loc_central_library,1,student,normal,14.1,pending
req_20260922_0139,2026-09-22,18:24,hostel_g_gh5,loc_suprabha_girls,1,staff,normal,10.6,pending
req_20260922_0134,2026-09-22,18:29,loc_main_building,hostel_b_mt3,1,student,normal,11.1,pending
req_20260922_0158,2026-09-22,18:34,loc_suprabha_girls,hostel_b_block5,3,student,normal,12.9,pending
req_20260922_0148,2026-09-22,18:40,dept_ece,hostel_b_mt3,1,student,normal,12.2,pending
req_20260922_0150,2026-09-22,18:43,hostel_g_gh3,loc_suprabha_girls,2,student,high,7.5,pending
req_20260922_0138,2026-09-22,18:57,hostel_g_gh6,loc_suprabha_girls,1,student,normal,10.4,pending
req_20260922_0147,2026-09-22,18:57,dept_it,loc_e_library,2,student,normal,8.6,pending
req_20260922_0153,2026-09-22,19:01,hostel_b_block8,loc_suprabha_boys,3,student,high,8.0,pending
req_20260922_0140,2026-09-22,19:09,hostel_b_block4,loc_central_library,1,faculty,normal,9.6,pending
req_20260922_0137,2026-09-22,19:10,dept_mech,loc_e_library,3,student,normal,13.5,pending
req_20260922_0142,2026-09-22,19:15,hostel_b_brahmagiri,loc_suprabha_boys,3,student,normal,10.2,pending
req_20260922_0157,2026-09-22,19:18,hostel_b_block3,loc_suprabha_girls,1,student,normal,11.6,pending
req_20260922_0154,2026-09-22,19:25,hostel_b_block5,loc_boys_coop,1,student,normal,12.6,pending
req_20260922_0156,2026-09-22,19:35,hostel_b_block2,loc_e_library,2,student,normal,11.4,pending
req_20260922_0161,2026-09-22,20:10,loc_boys_coop,hostel_g_gh1,2,student,high,5.7,pending
req_20260922_0168,2026-09-22,20:26,loc_central_library,hostel_g_gh5,3,student,normal,15.0,pending
req_20260922_0164,2026-09-22,20:34,loc_central_library,hostel_b_block6,2,student,normal,14.7,pending
req_20260922_0166,2026-09-22,20:38,hostel_b_block6,hostel_b_brahmagiri,1,student,normal,11.7,pending
req_20260922_0170,2026-09-22,20:38,loc_boys_coop,hostel_g_gh3,1,student,normal,14.6,pending
req_20260922_0160,2026-09-22,20:42,dept_chem,hostel_b_block5,1,student,normal,9.5,pending
req_20260922_0162,2026-09-22,20:47,loc_girls_coop,hostel_b_brahmagiri,1,student,normal,13.9,pending
req_20260922_0163,2026-09-22,21:00,loc_e_library,hostel_b_block1,1,student,normal,9.3,pending
req_20260922_0171,2026-09-22,21:19,loc_girls_coop,hostel_g_gh3,1,student,normal,12.5,pending
req_20260922_0172,2026-09-22,21:41,loc_suprabha_girls,hostel_g_gh1,2,student,normal,14.6,pending
req_20260922_0169,2026-09-22,21:57,dept_mech,hostel_b_block1,3,student,normal,11.1,pending
req_20260922_0165,2026-09-22,22:26,loc_e_library,hostel_b_mt2,1,student,high,4.0,pending
req_20260922_0167,2026-09-22,22:40,hostel_b_block4,hostel_b_mt1,3,student,normal,9.9,pending
req_20260922_0159,2026-09-22,22:46,loc_e_library,hostel_g_gh6,3,student,normal,8.4,pending
req_20260923_0003,2026-09-23,05:02,hostel_b_mt3,mess_b3_vindhya,3,staff,normal,8.2,pending
req_20260923_0007,2026-09-23,05:09,hostel_b_block3,loc_main_gate,1,student,normal,12.7,pending
req_20260923_0004,2026-09-23,05:29,hostel_b_shivalik,mess_b2_aravali,1,student,high,7.4,pending
req_20260923_0009,2026-09-23,05:37,hostel_g_gh2,loc_main_gate,1,student,normal,14.9,pending
req_20260923_0005,2026-09-23,06:10,hostel_b_shivalik,dept_eee,1,student,normal,12.3,pending
req_20260923_0008,2026-09-23,06:19,hostel_b_mt3,loc_main_gate,2,student,normal,8.9,pending
req_20260923_0006,2026-09-23,06:25,hostel_b_block2,dept_macs,1,student,normal,8.3,pending
req_20260923_0001,2026-09-23,06:42,hostel_b_mt3,dept_chemistry,1,student,normal,10.1,pending
req_20260923_0002,2026-09-23,06:55,hostel_b_brahmagiri,loc_main_gate,2,student,normal,8.1,pending
req_20260923_0010,2026-09-23,07:01,hostel_b_block1,dept_hssm,1,staff,normal,9.6,pending
req_20260923_0041,2026-09-23,07:11,hostel_g_gh6,hostel_b_block2,1,student,normal,9.6,pending
req_20260923_0029,2026-09-23,07:17,hostel_b_block3,loc_lhc_b,1,student,normal,9.4,pending
req_20260923_0056,2026-09-23,07:21,hostel_b_block7,dept_cse,1,staff,normal,10.1,pending
req_20260923_0032,2026-09-23,07:30,hostel_b_shivalik,loc_lhc_a,2,student,normal,13.5,pending
req_20260923_0059,2026-09-23,07:31,hostel_b_mt1,loc_central_library,1,student,normal,11.8,pending
req_20260923_0014,2026-09-23,07:34,hostel_g_gh4,dept_physics,1,student,normal,8.7,pending
req_20260923_0049,2026-09-23,07:34,hostel_g_gh5,loc_lhc_a,1,student,normal,10.8,pending
req_20260923_0011,2026-09-23,07:38,hostel_g_gh4,loc_lhc_a,1,student,normal,13.8,pending
req_20260923_0015,2026-09-23,07:39,dept_mining,hostel_b_mt3,1,student,normal,10.2,pending
req_20260923_0037,2026-09-23,07:42,hostel_g_gh3,dept_it,1,staff,normal,12.9,pending
req_20260923_0018,2026-09-23,07:45,hostel_g_gh2,dept_eee,1,faculty,normal,11.1,pending
req_20260923_0053,2026-09-23,07:46,hostel_b_block1,loc_lhc_b,1,student,normal,10.8,pending
req_20260923_0050,2026-09-23,07:49,hostel_g_gh1,dept_eee,1,student,normal,9.8,pending
req_20260923_0012,2026-09-23,07:54,hostel_g_gh2,dept_mining,2,student,normal,12.8,pending
req_20260923_0031,2026-09-23,07:55,hostel_b_block6,dept_mech,1,student,normal,10.7,pending
req_20260923_0047,2026-09-23,07:55,hostel_b_block2,dept_eee,1,student,normal,9.3,pending
req_20260923_0038,2026-09-23,08:08,hostel_g_gh4,dept_hssm,1,student,high,7.1,pending
req_20260923_0024,2026-09-23,08:14,hostel_b_mt1,dept_ece,1,student,high,4.7,pending
req_20260923_0030,2026-09-23,08:16,hostel_b_block4,dept_eee,1,faculty,normal,12.9,pending
req_20260923_0025,2026-09-23,08:21,hostel_b_shivalik,mess_b8_trishul,1,faculty,normal,13.3,pending
req_20260923_0040,2026-09-23,08:23,hostel_b_mt2,loc_lhc_b,1,student,normal,12.3,pending
req_20260923_0051,2026-09-23,08:35,hostel_b_mt1,dept_macs,1,student,normal,8.7,pending
req_20260923_0027,2026-09-23,08:38,hostel_b_block2,dept_mech,1,student,normal,11.5,pending
req_20260923_0021,2026-09-23,08:48,hostel_b_brahmagiri,loc_lhc_b,3,student,high,7.8,pending
req_20260923_0035,2026-09-23,08:48,hostel_g_gh5,loc_lhc_a,3,student,normal,13.7,pending
req_20260923_0057,2026-09-23,08:51,hostel_b_block2,dept_civil,1,staff,normal,14.3,pending
req_20260923_0013,2026-09-23,08:52,hostel_b_block7,dept_mme,1,student,normal,14.2,pending
req_20260923_0022,2026-09-23,08:54,hostel_b_block3,loc_lhc_a,4,student,normal,14.7,pending
req_20260923_0058,2026-09-23,08:54,hostel_b_mt1,loc_lhc_a,1,student,normal,12.0,pending
req_20260923_0043,2026-09-23,08:56,hostel_b_mt2,loc_lhc_a,1,student,normal,14.3,pending
req_20260923_0052,2026-09-23,08:57,hostel_g_gh3,dept_wroe,1,student,high,6.4,pending
req_20260923_0026,2026-09-23,09:02,hostel_b_block7,dept_mme,1,student,normal,15.0,pending
req_20260923_0028,2026-09-23,09:08,hostel_b_mt1,loc_e_library,1,student,normal,12.5,pending
req_20260923_0020,2026-09-23,09:14,hostel_g_gh5,loc_lhc_a,1,student,normal,10.7,pending
req_20260923_0036,2026-09-23,09:14,hostel_b_block6,dept_cse,1,student,normal,12.4,pending
req_20260923_0033,2026-09-23,09:19,hostel_b_block6,dept_mme,1,student,normal,8.4,pending
req_20260923_0054,2026-09-23,09:19,hostel_b_block6,dept_eee,4,faculty,normal,15.0,pending
req_20260923_0055,2026-09-23,09:21,hostel_g_gh2,loc_lhc_b,1,student,normal,12.1,pending
req_20260923_0048,2026-09-23,09:26,hostel_b_mt1,loc_lhc_a,1,student,normal,13.5,pending
req_20260923_0034,2026-09-23,09:29,hostel_b_block6,loc_lhc_b,2,student,high,7.4,pending
req_20260923_0017,2026-09-23,09:32,hostel_b_block3,loc_central_library,1,student,normal,13.4,pending
req_20260923_0039,2026-09-23,09:34,hostel_b_shivalik,loc_lhc_b,1,student,normal,9.9,pending
req_20260923_0044,2026-09-23,09:38,hostel_b_mt1,loc_lhc_b,1,student,normal,8.4,pending
req_20260923_0016,2026-09-23,09:42,hostel_g_gh1,loc_lhc_b,2,student,normal,11.0,pending
req_20260923_0023,2026-09-23,09:43,hostel_b_block5,dept_mining,1,student,high,7.3,pending
req_20260923_0046,2026-09-23,09:43,hostel_b_block6,loc_lhc_b,1,student,normal,14.6,pending
req_20260923_0045,2026-09-23,09:46,hostel_b_mt3,dept_eee,1,student,normal,11.1,pending
req_20260923_0019,2026-09-23,09:47,hostel_b_shivalik,loc_lhc_b,1,student,normal,9.6,pending
req_20260923_0042,2026-09-23,09:54,hostel_b_block2,dept_chem,1,student,normal,9.7,pending
req_20260923_0077,2026-09-23,10:05,dept_ece,dept_chemistry,1,student,normal,9.7,pending
req_20260923_0076,2026-09-23,10:06,dept_physics,loc_central_library,1,student,normal,14.9,pending
req_20260923_0064,2026-09-23,10:31,loc_lhc_b,loc_central_library,2,student,normal,14.1,pending
req_20260923_0065,2026-09-23,10:36,loc_lhc_b,loc_e_library,1,student,normal,13.5,pending
req_20260923_0066,2026-09-23,10:36,dept_chemistry,dept_macs,1,student,normal,10.8,pending
req_20260923_0069,2026-09-23,10:43,loc_central_library,loc_e_library,1,student,normal,12.3,pending
req_20260923_0070,2026-09-23,10:47,dept_eee,loc_central_library,1,staff,normal,10.6,pending
req_20260923_0063,2026-09-23,10:51,dept_civil,dept_physics,1,student,normal,14.8,pending
req_20260923_0071,2026-09-23,10:51,dept_mech,dept_mme,1,student,normal,8.1,pending
req_20260923_0067,2026-09-23,11:07,loc_e_library,loc_central_library,1,student,normal,14.4,pending
req_20260923_0072,2026-09-23,11:10,dept_mech,hostel_b_block5,2,student,normal,12.6,pending
req_20260923_0075,2026-09-23,11:12,dept_eee,dept_cse,1,student,high,8.0,pending
req_20260923_0068,2026-09-23,11:14,loc_lhc_b,loc_e_library,1,student,normal,13.3,pending
req_20260923_0073,2026-09-23,11:27,dept_wroe,dept_hssm,1,student,high,5.8,pending
req_20260923_0061,2026-09-23,11:41,dept_macs,dept_ece,1,student,normal,14.4,pending
req_20260923_0074,2026-09-23,11:44,dept_physics,hostel_g_gh3,1,staff,normal,13.3,pending
req_20260923_0060,2026-09-23,11:48,dept_mech,dept_civil,1,student,normal,11.1,pending
req_20260923_0062,2026-09-23,11:58,dept_civil,loc_central_library,1,student,normal,11.6,pending
req_20260923_0105,2026-09-23,12:03,loc_lhc_b,mess_b4_satpura,2,student,normal,8.9,pending
req_20260923_0082,2026-09-23,12:05,loc_lhc_b,mess_b5_nilgiri,3,student,normal,10.6,pending
req_20260923_0094,2026-09-23,12:07,dept_ece,mess_b4_satpura,1,student,normal,9.7,pending
req_20260923_0110,2026-09-23,12:07,dept_chemistry,mess_b1_karavali,1,staff,normal,10.9,pending
req_20260923_0087,2026-09-23,12:09,dept_cse,mess_gb,1,student,normal,8.2,pending
req_20260923_0101,2026-09-23,12:12,dept_hssm,hostel_g_gh6,1,student,normal,10.9,pending
req_20260923_0120,2026-09-23,12:12,dept_ece,mess_pg_new_brahmagiri,1,student,normal,12.4,pending
req_20260923_0086,2026-09-23,12:16,dept_chemistry,mess_gb,2,student,normal,10.6,pending
req_20260923_0108,2026-09-23,12:22,dept_wroe,mess_b8_trishul,4,student,normal,9.7,pending
req_20260923_0092,2026-09-23,12:24,dept_physics,mess_b5_nilgiri,1,student,normal,14.8,pending
req_20260923_0078,2026-09-23,12:26,dept_mining,mess_b1_karavali,1,staff,normal,15.0,pending
req_20260923_0093,2026-09-23,12:27,dept_hssm,mess_mega,2,student,normal,14.1,pending
req_20260923_0090,2026-09-23,12:28,dept_chemistry,mess_b8_trishul,1,student,normal,8.7,pending
req_20260923_0083,2026-09-23,12:32,dept_mech,mess_b2_aravali,1,student,normal,10.2,pending
req_20260923_0084,2026-09-23,12:32,dept_hssm,mess_b7_sahyadri,3,student,normal,9.7,pending
req_20260923_0117,2026-09-23,12:47,dept_hssm,mess_gb,3,student,normal,14.6,pending
req_20260923_0114,2026-09-23,12:49,dept_cse,mess_pg_new_brahmagiri,1,student,normal,10.9,pending
req_20260923_0107,2026-09-23,12:51,loc_lhc_a,mess_b5_nilgiri,1,student,normal,8.4,pending
req_20260923_0085,2026-09-23,12:54,loc_central_library,mess_b5_nilgiri,1,staff,normal,13.1,pending
req_20260923_0115,2026-09-23,12:57,dept_physics,mess_b4_satpura,1,student,normal,10.3,pending
req_20260923_0102,2026-09-23,13:09,dept_physics,mess_b3_vindhya,4,student,normal,10.3,pending
req_20260923_0096,2026-09-23,13:10,dept_it,mess_b3_vindhya,1,student,normal,13.0,pending
req_20260923_0081,2026-09-23,13:11,dept_chem,mess_pg_pushpagiri,3,student,normal,9.9,pending
req_20260923_0079,2026-09-23,13:17,hostel_b_block1,mess_pg_pushpagiri,1,student,normal,11.7,pending
req_20260923_0119,2026-09-23,13:19,loc_e_library,mess_pg_pushpagiri,1,student,normal,9.0,pending
req_20260923_0100,2026-09-23,13:31,dept_mech,mess_pg_pushpagiri,3,student,normal,14.7,pending
req_20260923_0097,2026-09-23,13:32,dept_eee,mess_b2_aravali,1,student,normal,11.9,pending
req_20260923_0089,2026-09-23,13:38,dept_mme,mess_pg_pushpagiri,1,student,high,4.9,pending
req_20260923_0104,2026-09-23,13:40,loc_lhc_b,mess_b7_sahyadri,1,staff,normal,11.3,pending
req_20260923_0106,2026-09-23,13:40,loc_central_library,mess_b4_satpura,1,staff,normal,13.0,pending
req_20260923_0095,2026-09-23,13:42,dept_cse,mess_b2_aravali,2,student,normal,13.8,pending
req_20260923_0091,2026-09-23,13:43,dept_eee,mess_pg_pushpagiri,2,student,normal,8.3,pending
req_20260923_0113,2026-09-23,13:56,mess_b7_sahyadri,loc_lhc_a,2,student,normal,14.0,pending
req_20260923_0109,2026-09-23,14:02,mess_pg_pushpagiri,loc_girls_coop,1,student,normal,14.5,pending
req_20260923_0112,2026-09-23,14:03,dept_physics,mess_b3_vindhya,1,student,normal,9.2,pending
req_20260923_0118,2026-09-23,14:03,dept_physics,mess_b8_trishul,1,student,normal,8.5,pending
req_20260923_0080,2026-09-23,14:05,dept_macs,mess_b8_trishul,1,student,normal,14.6,pending
req_20260923_0103,2026-09-23,14:09,dept_ece,mess_gb,1,student,normal,8.7,pending
req_20260923_0098,2026-09-23,14:10,dept_ece,mess_mega,3,student,normal,12.4,pending
req_20260923_0088,2026-09-23,14:15,dept_mining,mess_b1_karavali,2,student,normal,12.8,pending
req_20260923_0111,2026-09-23,14:20,dept_hssm,mess_b3_vindhya,1,staff,normal,11.3,pending
req_20260923_0099,2026-09-23,14:21,dept_hssm,mess_b3_vindhya,1,student,normal,12.4,pending
req_20260923_0116,2026-09-23,14:28,dept_cse,mess_b8_trishul,1,student,high,5.4,pending
req_20260923_0125,2026-09-23,14:33,mess_b1_karavali,dept_hssm,1,student,normal,8.2,pending
req_20260923_0134,2026-09-23,14:37,dept_wroe,loc_lhc_b,1,student,normal,10.3,pending
req_20260923_0135,2026-09-23,14:37,mess_mega,dept_mining,1,student,high,5.8,pending
req_20260923_0126,2026-09-23,14:48,dept_it,hostel_b_block5,1,student,normal,12.9,pending
req_20260923_0137,2026-09-23,14:49,mess_b2_aravali,dept_physics,1,student,normal,11.7,pending
req_20260923_0122,2026-09-23,14:50,mess_b8_trishul,dept_cse,1,faculty,normal,13.8,pending
req_20260923_0127,2026-09-23,14:50,dept_eee,hostel_b_mt2,3,faculty,normal,8.9,pending
req_20260923_0131,2026-09-23,14:52,dept_hssm,loc_e_library,1,staff,normal,8.6,pending
req_20260923_0136,2026-09-23,14:54,mess_mega,dept_ece,2,student,normal,9.0,pending
req_20260923_0123,2026-09-23,14:58,dept_civil,loc_central_library,1,staff,normal,14.0,pending
req_20260923_0138,2026-09-23,15:10,mess_b5_nilgiri,dept_mech,1,student,normal,10.2,pending
req_20260923_0130,2026-09-23,15:16,dept_chemistry,loc_central_library,2,student,normal,11.9,pending
req_20260923_0128,2026-09-23,15:18,mess_pg_new_brahmagiri,dept_macs,2,student,normal,10.4,pending
req_20260923_0121,2026-09-23,16:03,dept_chemistry,loc_central_library,1,student,normal,8.7,pending
req_20260923_0133,2026-09-23,16:14,loc_suprabha_boys,loc_e_library,2,student,normal,9.8,pending
req_20260923_0124,2026-09-23,16:25,dept_mech,hostel_g_gh2,1,student,normal,13.7,pending
req_20260923_0129,2026-09-23,16:40,dept_civil,loc_e_library,1,student,normal,11.5,pending
req_20260923_0132,2026-09-23,16:52,hostel_g_gh2,hostel_b_block8,1,student,normal,14.3,pending
req_20260923_0143,2026-09-23,17:00,hostel_b_mt2,loc_central_library,2,staff,normal,8.2,pending
req_20260923_0156,2026-09-23,17:07,hostel_g_gh6,loc_boys_coop,1,student,normal,12.2,pending
req_20260923_0142,2026-09-23,17:12,dept_wroe,loc_central_library,1,faculty,normal,13.6,pending
req_20260923_0139,2026-09-23,17:24,hostel_b_mt3,loc_central_library,1,student,normal,12.0,pending
req_20260923_0141,2026-09-23,17:32,dept_ece,loc_central_library,1,student,normal,12.3,pending
req_20260923_0153,2026-09-23,17:32,hostel_b_brahmagiri,mess_b2_aravali,1,student,high,6.0,pending
req_20260923_0148,2026-09-23,17:35,hostel_b_mt2,loc_e_library,1,student,normal,14.9,pending
req_20260923_0160,2026-09-23,17:44,hostel_g_gh3,loc_e_library,1,student,normal,14.3,pending
req_20260923_0145,2026-09-23,17:50,hostel_b_shivalik,loc_suprabha_boys,3,staff,normal,14.0,pending
req_20260923_0149,2026-09-23,17:51,hostel_g_gh2,loc_e_library,1,student,normal,8.5,pending
req_20260923_0165,2026-09-23,17:52,loc_e_library,dept_it,1,staff,normal,11.0,pending
req_20260923_0147,2026-09-23,17:56,hostel_g_gh5,loc_central_library,3,student,normal,8.1,pending
req_20260923_0155,2026-09-23,18:08,hostel_g_gh2,loc_suprabha_girls,4,student,normal,14.3,pending
req_20260923_0162,2026-09-23,18:09,dept_cse,loc_e_library,1,student,normal,11.7,pending
req_20260923_0144,2026-09-23,18:10,hostel_b_block1,loc_boys_coop,2,student,normal,12.5,pending
req_20260923_0159,2026-09-23,18:14,hostel_g_gh5,loc_girls_coop,1,student,normal,14.5,pending
req_20260923_0140,2026-09-23,18:15,hostel_b_mt2,loc_central_library,2,student,normal,10.3,pending
req_20260923_0157,2026-09-23,18:28,dept_chemistry,hostel_b_block3,1,student,normal,8.2,pending
req_20260923_0150,2026-09-23,18:38,hostel_b_block1,loc_e_library,3,student,normal,11.5,pending
req_20260923_0164,2026-09-23,18:52,mess_b7_sahyadri,mess_b1_karavali,3,student,normal,11.5,pending
req_20260923_0154,2026-09-23,19:05,hostel_b_block6,loc_central_library,1,student,normal,9.2,pending
req_20260923_0161,2026-09-23,19:12,hostel_g_gh2,loc_suprabha_boys,2,student,normal,8.8,pending
req_20260923_0163,2026-09-23,19:25,hostel_g_gh6,loc_girls_coop,1,student,high,7.0,pending
req_20260923_0152,2026-09-23,19:29,hostel_b_block1,loc_suprabha_boys,1,staff,normal,14.0,pending
req_20260923_0146,2026-09-23,19:40,hostel_b_block5,loc_suprabha_girls,1,student,normal,13.2,pending
req_20260923_0158,2026-09-23,19:52,dept_cse,loc_central_library,1,staff,normal,13.8,pending
req_20260923_0151,2026-09-23,19:58,dept_mining,loc_central_library,1,student,normal,9.1,pending
req_20260923_0172,2026-09-23,20:09,loc_e_library,hostel_b_block4,1,student,normal,12.7,pending
req_20260923_0171,2026-09-23,20:36,loc_girls_coop,hostel_b_shivalik,3,student,normal,9.4,pending
req_20260923_0175,2026-09-23,20:38,loc_e_library,hostel_g_gh3,1,student,normal,12.5,pending
req_20260923_0177,2026-09-23,20:44,loc_suprabha_boys,hostel_g_gh5,1,student,normal,11.5,pending
req_20260923_0174,2026-09-23,21:21,loc_e_library,hostel_b_mt2,2,student,normal,11.7,pending
req_20260923_0167,2026-09-23,21:58,loc_suprabha_boys,hostel_b_block1,1,student,high,6.6,pending
req_20260923_0176,2026-09-23,21:58,dept_it,hostel_b_block7,2,student,normal,8.1,pending
req_20260923_0178,2026-09-23,21:58,loc_central_library,hostel_g_gh5,2,student,high,7.6,pending
req_20260923_0168,2026-09-23,22:01,loc_central_library,hostel_b_mt3,1,student,high,5.8,pending
req_20260923_0170,2026-09-23,22:15,loc_girls_coop,hostel_g_gh4,2,student,normal,11.1,pending
req_20260923_0179,2026-09-23,22:21,loc_suprabha_girls,hostel_b_shivalik,1,staff,normal,10.6,pending
req_20260923_0173,2026-09-23,22:25,loc_girls_coop,hostel_b_mt2,1,student,normal,13.2,pending
req_20260923_0166,2026-09-23,22:38,loc_suprabha_girls,hostel_g_gh3,1,student,normal,12.2,pending
req_20260923_0169,2026-09-23,22:42,dept_macs,hostel_b_block6,2,student,normal,13.6,pending
req_20260924_0003,2026-09-24,05:26,hostel_b_block4,loc_main_gate,1,student,high,7.9,pending
req_20260924_0004,2026-09-24,05:33,hostel_b_mt3,mess_mega,1,student,normal,8.7,pending
req_20260924_0007,2026-09-24,05:36,hostel_g_gh5,mess_mega,1,student,normal,11.5,pending
req_20260924_0002,2026-09-24,06:41,hostel_b_block2,dept_mech,1,student,normal,8.7,pending
req_20260924_0005,2026-09-24,06:46,hostel_g_gh2,loc_main_gate,4,student,normal,14.4,pending
req_20260924_0001,2026-09-24,06:54,hostel_g_gh2,loc_main_gate,1,staff,normal,14.7,pending
req_20260924_0006,2026-09-24,06:58,hostel_g_gh1,mess_b7_sahyadri,1,faculty,normal,13.5,pending
req_20260924_0034,2026-09-24,07:01,hostel_b_block2,dept_mech,1,student,normal,9.3,pending
req_20260924_0016,2026-09-24,07:08,hostel_b_block8,dept_civil,1,student,normal,12.0,pending
req_20260924_0024,2026-09-24,07:13,hostel_b_mt1,loc_lhc_a,1,student,normal,13.9,pending
req_20260924_0026,2026-09-24,07:19,hostel_b_block8,loc_lhc_b,1,student,normal,8.9,pending
req_20260924_0037,2026-09-24,07:21,hostel_b_brahmagiri,loc_lhc_a,1,student,normal,13.7,pending
req_20260924_0019,2026-09-24,07:31,hostel_b_mt3,loc_lhc_b,1,student,normal,13.3,pending
req_20260924_0017,2026-09-24,07:32,hostel_b_block8,dept_chem,1,student,normal,10.5,pending
req_20260924_0031,2026-09-24,07:38,hostel_g_gh6,loc_central_library,1,student,normal,9.1,pending
req_20260924_0023,2026-09-24,07:43,mess_mega,dept_chem,1,student,normal,12.3,pending
req_20260924_0045,2026-09-24,07:44,hostel_b_mt3,loc_central_library,1,student,normal,13.7,pending
req_20260924_0036,2026-09-24,07:46,hostel_b_block1,loc_lhc_a,1,faculty,normal,11.6,pending
req_20260924_0014,2026-09-24,07:49,dept_it,hostel_b_block7,1,student,normal,10.2,pending
req_20260924_0033,2026-09-24,07:49,hostel_b_block3,loc_lhc_a,1,student,normal,9.9,pending
req_20260924_0042,2026-09-24,07:54,hostel_b_block5,loc_e_library,1,student,normal,9.6,pending
req_20260924_0040,2026-09-24,07:55,hostel_b_mt1,dept_it,1,student,normal,12.9,pending
req_20260924_0043,2026-09-24,08:02,hostel_g_gh5,loc_lhc_a,1,student,normal,14.9,pending
req_20260924_0030,2026-09-24,08:04,hostel_g_gh2,loc_lhc_a,2,student,normal,15.0,pending
req_20260924_0041,2026-09-24,08:05,hostel_b_mt3,loc_lhc_a,1,student,normal,11.0,pending
req_20260924_0047,2026-09-24,08:06,hostel_g_gh3,loc_lhc_b,1,staff,normal,12.9,pending
req_20260924_0013,2026-09-24,08:12,hostel_g_gh1,dept_chemistry,1,student,high,4.7,pending
req_20260924_0044,2026-09-24,08:17,hostel_b_mt1,loc_lhc_a,1,student,normal,13.7,pending
req_20260924_0022,2026-09-24,08:18,loc_girls_coop,hostel_b_block4,1,student,normal,12.6,pending
req_20260924_0028,2026-09-24,08:18,hostel_g_gh1,loc_lhc_a,1,student,normal,9.8,pending
req_20260924_0027,2026-09-24,08:19,hostel_g_gh4,dept_chemistry,1,staff,normal,10.6,pending
req_20260924_0048,2026-09-24,08:35,hostel_g_gh2,dept_chem,1,staff,normal,8.3,pending
req_20260924_0038,2026-09-24,08:42,hostel_b_mt1,loc_e_library,1,student,normal,14.2,pending
req_20260924_0011,2026-09-24,08:48,hostel_b_shivalik,dept_mining,1,student,normal,10.7,pending
req_20260924_0025,2026-09-24,08:51,hostel_b_block7,dept_hssm,1,student,normal,9.0,pending
req_20260924_0008,2026-09-24,08:53,hostel_g_gh6,dept_cse,1,student,normal,11.2,pending
req_20260924_0015,2026-09-24,09:00,hostel_b_mt2,loc_lhc_b,1,student,normal,13.2,pending
req_20260924_0021,2026-09-24,09:01,hostel_g_gh1,loc_lhc_a,3,student,normal,10.5,pending
req_20260924_0046,2026-09-24,09:05,hostel_b_brahmagiri,loc_lhc_b,1,faculty,normal,11.5,pending
req_20260924_0012,2026-09-24,09:23,hostel_b_mt1,dept_chemistry,2,student,normal,9.6,pending
req_20260924_0010,2026-09-24,09:31,hostel_b_mt3,loc_lhc_a,1,student,normal,11.4,pending
req_20260924_0029,2026-09-24,09:33,hostel_g_gh3,dept_it,1,student,normal,14.0,pending
req_20260924_0032,2026-09-24,09:37,hostel_g_gh2,dept_hssm,1,student,normal,14.7,pending
req_20260924_0018,2026-09-24,09:40,hostel_b_block7,dept_chemistry,4,staff,normal,11.6,pending
req_20260924_0039,2026-09-24,09:43,hostel_g_gh1,dept_cse,1,student,high,4.2,pending
req_20260924_0020,2026-09-24,09:48,hostel_b_mt2,loc_central_library,1,student,normal,12.6,pending
req_20260924_0009,2026-09-24,09:49,hostel_b_block8,dept_wroe,1,staff,normal,12.1,pending
req_20260924_0035,2026-09-24,09:49,hostel_b_mt1,loc_central_library,1,student,normal,11.2,pending
req_20260924_0061,2026-09-24,10:09,dept_civil,dept_chem,1,student,normal,13.0,pending
req_20260924_0049,2026-09-24,10:10,dept_physics,loc_central_library,1,staff,normal,11.9,pending
req_20260924_0052,2026-09-24,10:15,dept_ece,loc_central_library,2,student,high,6.4,pending
req_20260924_0058,2026-09-24,10:30,dept_mech,dept_civil,3,student,normal,10.5,pending
req_20260924_0055,2026-09-24,10:35,dept_macs,dept_it,2,student,normal,14.2,pending
req_20260924_0053,2026-09-24,10:37,dept_mme,loc_central_library,1,student,high,5.0,pending
req_20260924_0059,2026-09-24,10:57,dept_wroe,dept_mme,1,student,normal,12.6,pending
req_20260924_0062,2026-09-24,10:59,dept_macs,dept_mech,1,student,normal,11.7,pending
req_20260924_0051,2026-09-24,11:02,dept_cse,dept_ece,3,student,normal,8.1,pending
req_20260924_0056,2026-09-24,11:04,dept_cse,dept_chem,2,student,normal,11.0,pending
req_20260924_0050,2026-09-24,11:29,dept_ece,hostel_b_brahmagiri,1,student,high,7.0,pending
req_20260924_0060,2026-09-24,11:44,dept_mech,loc_e_library,1,student,high,4.5,pending
req_20260924_0054,2026-09-24,11:46,dept_chem,loc_e_library,2,student,normal,12.6,pending
req_20260924_0057,2026-09-24,11:53,dept_ece,loc_central_library,1,student,normal,13.1,pending
req_20260924_0063,2026-09-24,11:55,dept_ece,loc_e_library,1,student,high,4.5,pending
req_20260924_0085,2026-09-24,12:02,loc_lhc_b,mess_mega,1,student,normal,9.1,pending
req_20260924_0069,2026-09-24,12:04,loc_central_library,mess_b7_sahyadri,1,student,normal,8.3,pending
req_20260924_0072,2026-09-24,12:04,loc_lhc_b,mess_b4_satpura,1,student,normal,10.2,pending
req_20260924_0066,2026-09-24,12:08,dept_cse,mess_b8_trishul,1,student,normal,14.3,pending
req_20260924_0097,2026-09-24,12:13,loc_lhc_b,mess_pg_new_brahmagiri,1,faculty,high,7.1,pending
req_20260924_0091,2026-09-24,12:14,dept_chem,mess_gb,1,staff,normal,10.8,pending
req_20260924_0071,2026-09-24,12:16,loc_lhc_b,mess_mega,1,student,normal,13.3,pending
req_20260924_0088,2026-09-24,12:16,dept_ece,mess_b3_vindhya,3,student,normal,9.0,pending
req_20260924_0074,2026-09-24,12:18,loc_lhc_b,mess_b2_aravali,1,faculty,normal,11.3,pending
req_20260924_0092,2026-09-24,12:25,loc_lhc_a,mess_b8_trishul,1,student,normal,9.5,pending
req_20260924_0064,2026-09-24,12:27,dept_it,mess_b8_trishul,1,student,normal,13.7,pending
req_20260924_0079,2026-09-24,12:31,dept_mech,dept_mme,2,student,normal,11.8,pending
req_20260924_0067,2026-09-24,12:36,dept_civil,mess_pg_new_brahmagiri,3,student,normal,14.3,pending
req_20260924_0095,2026-09-24,12:46,loc_lhc_b,mess_b2_aravali,1,student,normal,12.6,pending
req_20260924_0086,2026-09-24,12:53,dept_eee,mess_b3_vindhya,1,student,normal,13.1,pending
req_20260924_0099,2026-09-24,12:56,dept_wroe,mess_b4_satpura,1,student,normal,12.9,pending
req_20260924_0075,2026-09-24,13:00,dept_ece,mess_b7_sahyadri,3,student,normal,11.3,pending
req_20260924_0083,2026-09-24,13:02,dept_ece,mess_mega,1,student,normal,8.7,pending
req_20260924_0081,2026-09-24,13:03,dept_civil,mess_b3_vindhya,3,student,normal,10.1,pending
req_20260924_0080,2026-09-24,13:08,dept_eee,mess_b4_satpura,1,student,normal,10.0,pending
req_20260924_0084,2026-09-24,13:08,loc_lhc_a,mess_b8_trishul,1,student,normal,13.2,pending
req_20260924_0076,2026-09-24,13:10,dept_mining,mess_b1_karavali,2,student,normal,13.2,pending
req_20260924_0090,2026-09-24,13:12,loc_lhc_b,mess_gb,2,staff,normal,13.1,pending
req_20260924_0073,2026-09-24,13:13,dept_macs,mess_gb,1,student,normal,12.0,pending
req_20260924_0096,2026-09-24,13:17,loc_lhc_a,mess_b8_trishul,1,student,normal,14.6,pending
req_20260924_0093,2026-09-24,13:18,loc_central_library,mess_b3_vindhya,1,student,normal,14.9,pending
req_20260924_0098,2026-09-24,13:33,dept_civil,mess_pg_new_brahmagiri,1,student,normal,10.7,pending
req_20260924_0065,2026-09-24,13:40,loc_lhc_b,mess_b5_nilgiri,2,student,normal,13.8,pending
req_20260924_0068,2026-09-24,13:41,dept_it,mess_mega,1,student,normal,12.0,pending
req_20260924_0089,2026-09-24,13:44,loc_central_library,mess_b5_nilgiri,2,staff,normal,8.2,pending
req_20260924_0070,2026-09-24,13:53,dept_mme,mess_b1_karavali,1,student,normal,11.5,pending
req_20260924_0087,2026-09-24,13:54,loc_lhc_a,mess_b4_satpura,1,student,normal,10.5,pending
req_20260924_0078,2026-09-24,13:55,dept_mme,mess_b5_nilgiri,1,student,high,7.1,pending
req_20260924_0077,2026-09-24,14:05,dept_chem,mess_b7_sahyadri,1,student,normal,10.0,pending
req_20260924_0082,2026-09-24,14:14,dept_it,mess_pg_new_brahmagiri,1,staff,high,7.7,pending
req_20260924_0094,2026-09-24,14:24,dept_physics,mess_b5_nilgiri,1,student,normal,9.9,pending
req_20260924_0106,2026-09-24,14:31,dept_ece,loc_e_library,1,student,normal,8.1,pending
req_20260924_0103,2026-09-24,14:55,hostel_b_mt2,mess_b3_vindhya,2,student,high,5.0,pending
req_20260924_0100,2026-09-24,15:00,dept_physics,hostel_g_gh1,1,student,normal,11.5,pending
req_20260924_0110,2026-09-24,15:01,dept_it,hostel_b_shivalik,1,student,normal,8.5,pending
req_20260924_0104,2026-09-24,15:10,dept_civil,loc_central_library,4,student,normal,14.4,pending
req_20260924_0113,2026-09-24,15:20,dept_chemistry,hostel_g_gh3,1,student,normal,12.8,pending
req_20260924_0107,2026-09-24,15:35,mess_pg_pushpagiri,dept_mech,1,student,normal,11.3,pending
req_20260924_0105,2026-09-24,15:37,dept_mme,loc_central_library,1,faculty,normal,13.7,pending
req_20260924_0101,2026-09-24,15:43,dept_mining,loc_e_library,1,student,normal,10.3,pending
req_20260924_0112,2026-09-24,15:54,dept_chem,hostel_b_brahmagiri,1,student,normal,10.9,pending
req_20260924_0109,2026-09-24,15:59,mess_b8_trishul,dept_chem,1,student,normal,13.9,pending
req_20260924_0111,2026-09-24,15:59,mess_pg_pushpagiri,dept_macs,1,faculty,normal,9.2,pending
req_20260924_0114,2026-09-24,16:29,dept_physics,hostel_g_gh5,1,student,normal,8.2,pending
req_20260924_0102,2026-09-24,16:41,hostel_g_gh4,dept_ece,1,student,normal,9.8,pending
req_20260924_0108,2026-09-24,16:51,mess_b3_vindhya,dept_chem,2,student,normal,14.5,pending
req_20260924_0135,2026-09-24,17:03,hostel_g_gh6,loc_e_library,1,student,normal,13.3,pending
req_20260924_0121,2026-09-24,17:07,hostel_b_block3,loc_e_library,4,student,normal,12.0,pending
req_20260924_0118,2026-09-24,17:29,dept_hssm,loc_central_library,2,student,normal,12.6,pending
req_20260924_0123,2026-09-24,17:37,hostel_b_block4,loc_central_library,1,student,normal,10.2,pending
req_20260924_0124,2026-09-24,17:42,hostel_b_block5,loc_central_library,1,student,normal,13.5,pending
req_20260924_0119,2026-09-24,17:52,hostel_b_mt3,loc_suprabha_boys,1,student,normal,14.4,pending
req_20260924_0125,2026-09-24,17:53,hostel_b_mt3,loc_e_library,1,student,normal,9.5,pending
req_20260924_0120,2026-09-24,18:02,hostel_b_shivalik,loc_e_library,1,staff,normal,12.7,pending
req_20260924_0117,2026-09-24,18:09,hostel_g_gh2,loc_e_library,1,student,normal,9.8,pending
req_20260924_0122,2026-09-24,18:13,hostel_b_mt3,loc_boys_coop,2,student,normal,8.1,pending
req_20260924_0132,2026-09-24,18:25,hostel_b_mt1,loc_central_library,2,student,normal,14.2,pending
req_20260924_0127,2026-09-24,18:33,hostel_b_block5,loc_suprabha_girls,1,student,normal,11.5,pending
req_20260924_0134,2026-09-24,18:36,dept_physics,loc_e_library,1,student,normal,11.0,pending
req_20260924_0115,2026-09-24,18:43,hostel_g_gh1,loc_girls_coop,1,staff,normal,12.5,pending
req_20260924_0128,2026-09-24,18:57,hostel_b_block5,loc_suprabha_girls,1,student,normal,11.1,pending
req_20260924_0136,2026-09-24,18:58,dept_wroe,loc_central_library,1,student,normal,13.5,pending
req_20260924_0133,2026-09-24,19:20,hostel_b_block4,loc_e_library,3,faculty,normal,9.6,pending
req_20260924_0116,2026-09-24,19:28,mess_pg_new_brahmagiri,hostel_b_block4,1,staff,normal,12.7,pending
req_20260924_0126,2026-09-24,19:43,hostel_g_gh6,loc_girls_coop,1,student,high,7.9,pending
req_20260924_0131,2026-09-24,19:43,hostel_b_block5,loc_boys_coop,1,student,normal,8.4,pending
req_20260924_0129,2026-09-24,19:49,hostel_g_gh2,loc_central_library,1,student,normal,9.4,pending
req_20260924_0130,2026-09-24,19:54,hostel_b_block7,loc_e_library,2,student,normal,11.7,pending
req_20260924_0147,2026-09-24,20:00,loc_e_library,hostel_b_block8,1,student,normal,10.9,pending
req_20260924_0142,2026-09-24,20:18,loc_e_library,hostel_b_block8,1,student,high,4.9,pending
req_20260924_0145,2026-09-24,20:45,loc_boys_coop,hostel_b_shivalik,3,student,normal,14.8,pending
req_20260924_0143,2026-09-24,20:54,loc_girls_coop,hostel_b_mt1,3,student,normal,13.9,pending
req_20260924_0139,2026-09-24,21:31,loc_central_library,hostel_b_mt2,1,student,normal,13.0,pending
req_20260924_0148,2026-09-24,22:12,loc_central_library,hostel_b_block6,2,staff,normal,14.7,pending
req_20260924_0144,2026-09-24,22:30,loc_girls_coop,hostel_b_block7,1,student,normal,8.6,pending
req_20260924_0146,2026-09-24,22:31,loc_central_library,hostel_b_mt2,1,student,normal,12.6,pending
req_20260924_0137,2026-09-24,22:38,dept_chemistry,hostel_g_gh2,1,student,normal,13.0,pending
req_20260924_0138,2026-09-24,22:42,loc_suprabha_boys,hostel_g_gh3,1,student,normal,12.4,pending
req_20260924_0140,2026-09-24,22:56,loc_central_library,hostel_b_mt3,1,student,normal,13.0,pending
req_20260924_0141,2026-09-24,22:58,dept_civil,hostel_g_gh3,1,student,normal,8.1,pending
req_20260925_0004,2026-09-25,05:26,hostel_b_mt3,dept_it,4,student,normal,11.5,pending
req_20260925_0003,2026-09-25,05:55,hostel_b_block2,hostel_b_block5,2,student,normal,13.0,pending
req_20260925_0008,2026-09-25,06:06,hostel_g_gh1,dept_eee,2,student,normal,12.4,pending
req_20260925_0007,2026-09-25,06:16,hostel_b_block3,dept_eee,3,student,high,7.8,pending
req_20260925_0001,2026-09-25,06:18,hostel_g_gh6,loc_main_gate,1,student,normal,14.6,pending
req_20260925_0002,2026-09-25,06:32,dept_it,hostel_b_brahmagiri,3,staff,normal,9.1,pending
req_20260925_0006,2026-09-25,06:32,hostel_b_block8,loc_lhc_a,1,student,normal,11.2,pending
req_20260925_0005,2026-09-25,06:40,hostel_b_mt1,mess_pg_new_brahmagiri,1,student,normal,14.4,pending
req_20260925_0027,2026-09-25,07:00,hostel_g_gh3,loc_e_library,1,student,normal,8.4,pending
req_20260925_0009,2026-09-25,07:02,hostel_b_block3,dept_mining,1,student,normal,12.7,pending
req_20260925_0035,2026-09-25,07:07,hostel_b_block7,loc_lhc_a,1,student,normal,14.3,pending
req_20260925_0012,2026-09-25,07:10,hostel_b_block5,loc_lhc_b,1,student,high,6.0,pending
req_20260925_0024,2026-09-25,07:15,hostel_g_gh5,loc_lhc_b,1,student,high,5.1,pending
req_20260925_0023,2026-09-25,07:19,hostel_g_gh6,loc_lhc_a,1,student,normal,9.4,pending
req_20260925_0034,2026-09-25,07:25,hostel_g_gh3,dept_hssm,1,faculty,normal,13.5,pending
req_20260925_0030,2026-09-25,07:30,hostel_b_block4,loc_e_library,1,student,normal,12.7,pending
req_20260925_0031,2026-09-25,07:31,hostel_b_block6,loc_lhc_a,1,staff,normal,13.2,pending
req_20260925_0018,2026-09-25,07:32,hostel_b_block6,loc_central_library,1,student,normal,10.9,pending
req_20260925_0029,2026-09-25,07:34,hostel_b_block2,loc_lhc_a,2,student,normal,8.9,pending
req_20260925_0032,2026-09-25,07:35,hostel_g_gh6,loc_lhc_b,3,student,normal,11.1,pending
req_20260925_0014,2026-09-25,07:41,hostel_g_gh6,loc_lhc_a,1,student,normal,14.9,pending
req_20260925_0019,2026-09-25,07:41,hostel_b_block8,dept_eee,1,staff,normal,11.2,pending
req_20260925_0022,2026-09-25,07:42,hostel_b_block3,loc_lhc_b,1,student,normal,10.1,pending
req_20260925_0038,2026-09-25,07:43,mess_mega,mess_b7_sahyadri,2,student,normal,13.9,pending
req_20260925_0047,2026-09-25,08:00,mess_b1_karavali,hostel_g_gh5,1,student,normal,14.2,pending
req_20260925_0049,2026-09-25,08:01,hostel_b_block8,dept_wroe,1,student,normal,10.3,pending
req_20260925_0040,2026-09-25,08:03,hostel_g_gh6,dept_cse,1,student,normal,10.6,pending
req_20260925_0017,2026-09-25,08:06,hostel_b_block4,dept_eee,3,student,normal,9.9,pending
req_20260925_0033,2026-09-25,08:16,hostel_b_block7,loc_lhc_b,2,student,high,6.3,pending
req_20260925_0046,2026-09-25,08:17,hostel_g_gh2,loc_lhc_b,2,student,normal,8.6,pending
req_20260925_0015,2026-09-25,08:18,hostel_b_block7,loc_lhc_b,2,student,normal,14.0,pending
req_20260925_0021,2026-09-25,08:23,hostel_b_mt3,loc_lhc_a,3,staff,normal,12.5,pending
req_20260925_0016,2026-09-25,08:26,hostel_g_gh1,loc_lhc_a,1,student,normal,10.8,pending
req_20260925_0020,2026-09-25,08:27,hostel_g_gh5,dept_mining,1,student,normal,9.8,pending
req_20260925_0026,2026-09-25,08:30,hostel_b_block2,loc_lhc_a,1,student,normal,12.5,pending
req_20260925_0043,2026-09-25,08:32,hostel_b_block2,loc_central_library,1,student,normal,8.8,pending
req_20260925_0045,2026-09-25,08:36,hostel_g_gh1,loc_lhc_a,2,student,normal,11.2,pending
req_20260925_0051,2026-09-25,08:37,hostel_b_mt2,dept_ece,2,staff,normal,10.9,pending
req_20260925_0025,2026-09-25,08:38,hostel_g_gh6,dept_cse,2,student,normal,11.8,pending
req_20260925_0044,2026-09-25,08:42,hostel_b_brahmagiri,loc_lhc_b,2,student,normal,14.6,pending
req_20260925_0048,2026-09-25,08:50,hostel_b_mt1,loc_lhc_a,4,student,normal,10.5,pending
req_20260925_0039,2026-09-25,09:05,hostel_b_block8,loc_central_library,1,student,normal,10.2,pending
req_20260925_0011,2026-09-25,09:14,mess_b7_sahyadri,loc_e_library,1,student,normal,12.7,pending
req_20260925_0028,2026-09-25,09:21,hostel_g_gh2,loc_lhc_a,1,student,normal,8.8,pending
req_20260925_0013,2026-09-25,09:26,hostel_g_gh2,loc_lhc_a,1,student,normal,13.3,pending
req_20260925_0010,2026-09-25,09:32,hostel_g_gh6,loc_central_library,3,student,normal,13.1,pending
req_20260925_0036,2026-09-25,09:34,hostel_b_block8,dept_chemistry,1,student,normal,9.3,pending
req_20260925_0037,2026-09-25,09:44,hostel_b_mt2,dept_physics,4,student,high,6.8,pending
req_20260925_0042,2026-09-25,09:45,hostel_b_block4,loc_lhc_a,1,student,normal,13.0,pending
req_20260925_0041,2026-09-25,09:47,mess_pg_pushpagiri,loc_main_gate,4,student,normal,13.2,pending
req_20260925_0050,2026-09-25,09:52,hostel_b_block8,loc_central_library,1,student,normal,9.7,pending
req_20260925_0053,2026-09-25,10:22,dept_chem,dept_civil,1,staff,normal,14.2,pending
req_20260925_0058,2026-09-25,10:26,dept_ece,dept_cse,1,student,normal,12.9,pending
req_20260925_0065,2026-09-25,10:37,loc_main_gate,hostel_g_gh3,1,student,normal,13.1,pending
req_20260925_0060,2026-09-25,10:40,dept_mme,loc_central_library,1,student,normal,12.5,pending
req_20260925_0055,2026-09-25,10:41,dept_cse,dept_physics,1,student,normal,10.0,pending
req_20260925_0064,2026-09-25,10:45,dept_mech,dept_cse,2,student,high,6.6,pending
req_20260925_0062,2026-09-25,10:46,dept_eee,loc_e_library,1,faculty,normal,11.6,pending
req_20260925_0067,2026-09-25,10:48,dept_ece,hostel_g_gh6,2,student,high,6.2,pending
req_20260925_0052,2026-09-25,10:53,dept_mining,loc_central_library,1,student,normal,11.5,pending
req_20260925_0061,2026-09-25,10:59,dept_chem,dept_macs,1,student,normal,12.9,pending
req_20260925_0063,2026-09-25,11:03,dept_hssm,dept_it,2,student,high,7.0,pending
req_20260925_0066,2026-09-25,11:14,dept_ece,loc_e_library,1,student,normal,9.9,pending
req_20260925_0057,2026-09-25,11:26,dept_hssm,loc_central_library,2,student,normal,8.2,pending
req_20260925_0054,2026-09-25,11:30,loc_lhc_a,hostel_b_block3,2,student,normal,11.8,pending
req_20260925_0059,2026-09-25,11:40,dept_chem,dept_cse,1,student,normal,12.1,pending
req_20260925_0056,2026-09-25,11:47,dept_hssm,hostel_g_gh5,1,student,normal,8.2,pending
req_20260925_0101,2026-09-25,12:01,dept_macs,mess_b2_aravali,1,student,normal,9.3,pending
req_20260925_0070,2026-09-25,12:02,loc_central_library,mess_b1_karavali,1,student,normal,13.9,pending
req_20260925_0068,2026-09-25,12:04,loc_lhc_b,mess_mega,1,faculty,normal,9.5,pending
req_20260925_0078,2026-09-25,12:13,dept_mining,mess_b7_sahyadri,1,student,normal,8.2,pending
req_20260925_0099,2026-09-25,12:26,mess_b5_nilgiri,dept_mech,2,student,normal,10.2,pending
req_20260925_0097,2026-09-25,12:35,mess_b2_aravali,mess_gb,2,student,normal,12.2,pending
req_20260925_0082,2026-09-25,12:36,dept_eee,mess_b3_vindhya,1,student,normal,9.1,pending
req_20260925_0102,2026-09-25,12:37,dept_civil,mess_pg_new_brahmagiri,1,student,normal,12.9,pending
req_20260925_0085,2026-09-25,12:44,dept_mining,mess_pg_pushpagiri,4,student,high,7.7,pending
req_20260925_0075,2026-09-25,12:49,loc_lhc_a,mess_b8_trishul,1,student,normal,11.4,pending
req_20260925_0087,2026-09-25,12:49,dept_cse,mess_b7_sahyadri,1,student,normal,10.0,pending
req_20260925_0071,2026-09-25,12:51,dept_ece,mess_pg_pushpagiri,1,student,normal,9.6,pending
req_20260925_0079,2026-09-25,12:52,mess_pg_new_brahmagiri,mess_b5_nilgiri,1,staff,normal,8.2,pending
req_20260925_0080,2026-09-25,12:54,loc_lhc_a,mess_pg_new_brahmagiri,1,faculty,normal,14.8,pending
req_20260925_0104,2026-09-25,12:55,loc_suprabha_boys,loc_lhc_a,1,student,high,4.9,pending
req_20260925_0100,2026-09-25,12:56,loc_central_library,mess_b8_trishul,1,student,normal,13.9,pending
req_20260925_0084,2026-09-25,13:01,dept_mme,mess_b7_sahyadri,3,student,normal,13.8,pending
req_20260925_0098,2026-09-25,13:14,loc_lhc_a,mess_b7_sahyadri,1,student,normal,13.8,pending
req_20260925_0073,2026-09-25,13:16,dept_eee,hostel_b_block8,1,student,normal,14.9,pending
req_20260925_0086,2026-09-25,13:27,loc_lhc_b,mess_b7_sahyadri,1,student,normal,10.3,pending
req_20260925_0089,2026-09-25,13:29,loc_e_library,mess_gb,1,staff,high,5.6,pending
req_20260925_0096,2026-09-25,13:32,dept_mech,mess_b2_aravali,2,staff,normal,14.2,pending
req_20260925_0088,2026-09-25,13:37,dept_mining,mess_b5_nilgiri,1,student,normal,10.0,pending
req_20260925_0074,2026-09-25,13:38,loc_central_library,mess_mega,1,staff,high,6.7,pending
req_20260925_0072,2026-09-25,13:40,dept_mech,mess_b5_nilgiri,2,student,normal,9.7,pending
req_20260925_0090,2026-09-25,13:42,loc_lhc_a,mess_b1_karavali,1,student,high,5.9,pending
req_20260925_0069,2026-09-25,13:44,loc_lhc_b,mess_gb,1,student,high,5.4,pending
req_20260925_0081,2026-09-25,13:47,dept_mme,mess_mega,3,student,normal,8.0,pending
req_20260925_0076,2026-09-25,13:54,dept_mme,mess_mega,1,student,normal,9.0,pending
req_20260925_0095,2026-09-25,14:04,loc_lhc_a,mess_pg_new_brahmagiri,1,student,normal,8.2,pending
req_20260925_0103,2026-09-25,14:06,loc_lhc_b,mess_b3_vindhya,1,student,normal,12.0,pending
req_20260925_0094,2026-09-25,14:07,dept_cse,mess_b1_karavali,1,student,normal,11.5,pending
req_20260925_0093,2026-09-25,14:08,loc_lhc_a,mess_b1_karavali,1,student,normal,11.8,pending
req_20260925_0091,2026-09-25,14:12,loc_lhc_b,mess_b8_trishul,2,student,high,4.5,pending
req_20260925_0077,2026-09-25,14:18,dept_chemistry,mess_b5_nilgiri,1,staff,normal,8.2,pending
req_20260925_0092,2026-09-25,14:24,dept_chem,mess_pg_pushpagiri,1,student,normal,11.8,pending
req_20260925_0083,2026-09-25,14:28,dept_macs,mess_gb,1,student,normal,11.4,pending
req_20260925_0111,2026-09-25,14:50,dept_physics,hostel_b_mt3,1,student,normal,13.9,pending
req_20260925_0112,2026-09-25,14:52,mess_mega,dept_it,1,student,normal,9.2,pending
req_20260925_0113,2026-09-25,14:52,dept_it,hostel_b_block7,1,student,normal,8.4,pending
req_20260925_0114,2026-09-25,14:58,hostel_b_mt3,hostel_g_gh6,1,student,normal,8.2,pending
req_20260925_0110,2026-09-25,15:10,dept_cse,hostel_g_gh2,1,student,high,5.8,pending
req_20260925_0108,2026-09-25,15:17,dept_chem,hostel_g_gh6,1,student,normal,14.2,pending
req_20260925_0107,2026-09-25,15:19,dept_chemistry,hostel_b_block4,2,student,normal,11.8,pending
req_20260925_0119,2026-09-25,15:22,dept_chemistry,hostel_b_brahmagiri,1,student,normal,8.2,pending
req_20260925_0109,2026-09-25,15:28,dept_mme,loc_central_library,1,student,normal,12.9,pending
req_20260925_0117,2026-09-25,15:29,mess_b1_karavali,dept_mme,1,faculty,normal,11.4,pending
req_20260925_0106,2026-09-25,15:32,dept_chem,hostel_b_block7,1,student,normal,11.5,pending
req_20260925_0105,2026-09-25,15:57,dept_mining,loc_e_library,1,student,normal,11.7,pending
req_20260925_0120,2026-09-25,16:17,dept_chem,loc_e_library,4,student,normal,11.6,pending
req_20260925_0115,2026-09-25,16:19,loc_main_gate,hostel_g_gh3,1,student,normal,10.9,pending
req_20260925_0118,2026-09-25,16:32,dept_eee,dept_mme,2,student,normal,8.5,pending
req_20260925_0116,2026-09-25,16:59,dept_mme,loc_e_library,1,student,normal,10.1,pending
req_20260925_0138,2026-09-25,17:01,loc_girls_coop,hostel_g_gh3,1,student,normal,13.8,pending
req_20260925_0143,2026-09-25,17:04,dept_eee,loc_e_library,2,student,normal,9.9,pending
req_20260925_0128,2026-09-25,17:05,hostel_b_shivalik,loc_e_library,1,student,normal,8.5,pending
req_20260925_0134,2026-09-25,17:10,hostel_g_gh4,loc_suprabha_girls,3,student,normal,15.0,pending
req_20260925_0132,2026-09-25,17:14,hostel_g_gh2,loc_e_library,1,staff,normal,14.7,pending
req_20260925_0123,2026-09-25,17:28,dept_mining,loc_central_library,1,student,normal,10.7,pending
req_20260925_0122,2026-09-25,17:29,hostel_g_gh2,loc_suprabha_boys,2,student,normal,10.3,pending
req_20260925_0129,2026-09-25,17:39,hostel_b_block2,loc_e_library,2,student,normal,9.0,pending
req_20260925_0124,2026-09-25,17:46,hostel_b_block3,loc_suprabha_boys,1,student,normal,13.3,pending
req_20260925_0140,2026-09-25,17:54,hostel_b_block3,loc_suprabha_girls,1,student,normal,9.8,pending
req_20260925_0137,2026-09-25,17:58,hostel_b_block1,loc_e_library,1,student,high,7.2,pending
req_20260925_0139,2026-09-25,18:29,hostel_b_block7,loc_central_library,2,student,normal,11.9,pending
req_20260925_0130,2026-09-25,18:38,dept_chem,loc_central_library,3,student,normal,12.2,pending
req_20260925_0141,2026-09-25,18:41,hostel_b_shivalik,loc_suprabha_girls,3,staff,normal,14.4,pending
req_20260925_0127,2026-09-25,18:49,hostel_b_block2,loc_girls_coop,1,student,normal,13.6,pending
req_20260925_0135,2026-09-25,18:56,dept_civil,loc_e_library,1,student,normal,10.2,pending
req_20260925_0131,2026-09-25,19:12,hostel_b_block3,loc_central_library,1,student,normal,8.3,pending
req_20260925_0126,2026-09-25,19:19,hostel_b_block2,loc_boys_coop,3,student,normal,10.8,pending
req_20260925_0125,2026-09-25,19:33,hostel_b_block2,loc_e_library,1,staff,normal,8.2,pending
req_20260925_0121,2026-09-25,19:34,mess_gb,mess_b4_satpura,3,student,normal,10.3,pending
req_20260925_0136,2026-09-25,19:38,dept_chem,loc_e_library,1,student,high,4.4,pending
req_20260925_0133,2026-09-25,19:43,dept_macs,loc_central_library,2,student,normal,8.5,pending
req_20260925_0142,2026-09-25,19:43,hostel_b_block2,loc_suprabha_girls,1,student,normal,10.6,pending
req_20260925_0152,2026-09-25,20:06,loc_suprabha_girls,hostel_b_mt1,2,student,normal,9.0,pending
req_20260925_0145,2026-09-25,20:23,dept_eee,hostel_g_gh1,2,staff,normal,13.3,pending
req_20260925_0147,2026-09-25,20:28,loc_central_library,hostel_b_block4,4,student,normal,14.4,pending
req_20260925_0144,2026-09-25,21:19,loc_suprabha_girls,hostel_b_mt2,1,student,normal,9.2,pending
req_20260925_0154,2026-09-25,21:21,loc_e_library,hostel_b_mt3,1,student,normal,10.3,pending
req_20260925_0149,2026-09-25,21:43,loc_e_library,hostel_b_block3,2,student,normal,8.7,pending
req_20260925_0146,2026-09-25,21:45,loc_suprabha_girls,hostel_b_mt2,1,student,normal,9.0,pending
req_20260925_0151,2026-09-25,21:56,loc_suprabha_boys,hostel_b_block1,1,student,normal,10.2,pending
req_20260925_0148,2026-09-25,22:07,loc_boys_coop,hostel_b_block1,1,student,normal,10.9,pending
req_20260925_0155,2026-09-25,22:12,loc_e_library,hostel_b_block5,1,student,normal,11.6,pending
req_20260925_0153,2026-09-25,22:28,loc_e_library,hostel_b_shivalik,1,student,normal,13.0,pending
req_20260925_0150,2026-09-25,22:54,loc_central_library,hostel_b_block8,1,student,normal,11.5,pending
req_20260926_0005,2026-09-26,05:06,dept_civil,hostel_g_gh4,1,staff,normal,13.8,pending
req_20260926_0002,2026-09-26,05:14,hostel_b_mt1,loc_main_gate,1,student,normal,10.6,pending
req_20260926_0008,2026-09-26,05:14,dept_eee,hostel_b_mt3,1,student,normal,13.2,pending
req_20260926_0001,2026-09-26,05:33,hostel_b_block3,mess_b5_nilgiri,2,student,high,7.0,pending
req_20260926_0004,2026-09-26,05:39,hostel_g_gh4,loc_main_gate,2,student,normal,11.2,pending
req_20260926_0006,2026-09-26,06:23,hostel_b_block8,loc_main_gate,1,student,high,5.8,pending
req_20260926_0007,2026-09-26,06:38,hostel_g_gh3,loc_main_gate,2,student,normal,14.6,pending
req_20260926_0003,2026-09-26,06:41,dept_mme,hostel_b_mt2,1,student,high,5.1,pending
req_20260926_0040,2026-09-26,07:00,hostel_b_block3,loc_lhc_a,1,faculty,normal,11.9,pending
req_20260926_0019,2026-09-26,07:03,hostel_g_gh5,loc_lhc_b,2,faculty,normal,8.3,pending
req_20260926_0009,2026-09-26,07:05,hostel_g_gh3,loc_suprabha_girls,1,student,normal,11.8,pending
req_20260926_0010,2026-09-26,07:05,hostel_b_block3,dept_physics,1,student,normal,9.6,pending
req_20260926_0013,2026-09-26,07:05,hostel_b_mt3,dept_civil,2,student,normal,13.8,pending
req_20260926_0027,2026-09-26,07:07,hostel_b_block6,dept_ece,1,student,normal,8.3,pending
req_20260926_0029,2026-09-26,07:11,hostel_g_gh3,mess_pg_pushpagiri,1,student,high,4.6,pending
req_20260926_0015,2026-09-26,07:13,hostel_b_block2,dept_mech,1,staff,normal,11.3,pending
req_20260926_0012,2026-09-26,07:26,hostel_b_mt2,dept_it,1,student,normal,13.4,pending
req_20260926_0017,2026-09-26,07:27,hostel_b_block2,dept_mech,1,student,normal,12.0,pending
req_20260926_0046,2026-09-26,07:27,hostel_b_block5,loc_lhc_b,1,student,normal,15.0,pending
req_20260926_0038,2026-09-26,07:31,hostel_b_block6,loc_e_library,2,student,normal,13.3,pending
req_20260926_0044,2026-09-26,07:33,hostel_b_block8,loc_lhc_b,2,student,normal,12.2,pending
req_20260926_0034,2026-09-26,07:37,hostel_b_block7,loc_lhc_a,1,student,normal,11.1,pending
req_20260926_0037,2026-09-26,07:38,hostel_b_block6,loc_lhc_b,2,student,normal,11.4,pending
req_20260926_0047,2026-09-26,07:53,hostel_b_mt2,dept_mech,4,student,normal,8.2,pending
req_20260926_0043,2026-09-26,07:59,hostel_b_mt3,loc_lhc_a,1,student,high,5.6,pending
req_20260926_0032,2026-09-26,08:05,dept_mech,mess_mega,2,student,normal,10.7,pending
req_20260926_0021,2026-09-26,08:20,hostel_b_mt1,loc_lhc_a,1,faculty,high,5.1,pending
req_20260926_0016,2026-09-26,08:29,hostel_b_mt3,dept_chem,1,student,normal,11.5,pending
req_20260926_0025,2026-09-26,08:30,hostel_b_block8,loc_lhc_a,1,student,normal,10.6,pending
req_20260926_0042,2026-09-26,08:47,hostel_g_gh6,loc_central_library,1,student,normal,13.0,pending
req_20260926_0031,2026-09-26,08:51,hostel_b_mt3,dept_cse,1,student,high,6.7,pending
req_20260926_0030,2026-09-26,08:52,hostel_g_gh6,loc_lhc_a,1,student,normal,9.0,pending
req_20260926_0020,2026-09-26,08:54,hostel_g_gh6,loc_lhc_a,2,student,normal,14.9,pending
req_20260926_0039,2026-09-26,08:54,hostel_b_block2,loc_lhc_b,1,student,normal,8.2,pending
req_20260926_0022,2026-09-26,08:58,hostel_g_gh6,dept_ece,1,student,normal,10.9,pending
req_20260926_0018,2026-09-26,09:10,hostel_g_gh2,dept_wroe,1,student,normal,12.6,pending
req_20260926_0033,2026-09-26,09:10,hostel_b_block8,dept_ece,1,student,normal,12.7,pending
req_20260926_0048,2026-09-26,09:10,mess_mega,dept_it,1,student,normal,13.4,pending
req_20260926_0035,2026-09-26,09:13,hostel_b_mt2,loc_lhc_b,1,student,normal,13.9,pending
req_20260926_0014,2026-09-26,09:26,hostel_b_brahmagiri,dept_ece,2,student,normal,14.5,pending
req_20260926_0023,2026-09-26,09:28,hostel_b_block4,loc_lhc_b,2,student,normal,12.0,pending
req_20260926_0050,2026-09-26,09:28,hostel_b_mt1,dept_macs,2,student,normal,13.1,pending
req_20260926_0045,2026-09-26,09:32,hostel_g_gh6,dept_mme,2,student,normal,10.2,pending
req_20260926_0028,2026-09-26,09:38,hostel_g_gh2,dept_mme,1,student,normal,14.6,pending
req_20260926_0041,2026-09-26,09:43,hostel_b_block8,loc_lhc_b,3,student,normal,12.7,pending
req_20260926_0051,2026-09-26,09:47,hostel_g_gh4,loc_central_library,2,student,normal,11.4,pending
req_20260926_0011,2026-09-26,09:50,hostel_g_gh1,loc_lhc_a,1,student,normal,10.5,pending
req_20260926_0036,2026-09-26,09:50,hostel_b_mt2,dept_macs,1,staff,high,5.3,pending
req_20260926_0024,2026-09-26,09:51,hostel_b_mt1,dept_it,1,student,high,7.7,pending
req_20260926_0026,2026-09-26,09:56,hostel_b_block6,dept_mech,1,student,normal,10.7,pending
req_20260926_0049,2026-09-26,09:57,hostel_g_gh2,loc_lhc_a,1,student,normal,10.8,pending
req_20260926_0060,2026-09-26,10:14,dept_it,dept_chem,1,student,normal,8.5,pending
req_20260926_0057,2026-09-26,10:18,loc_central_library,hostel_g_gh4,1,student,normal,12.6,pending
req_20260926_0066,2026-09-26,10:19,dept_chemistry,hostel_g_gh1,2,faculty,normal,11.7,pending
req_20260926_0053,2026-09-26,10:30,dept_mining,dept_chem,1,student,normal,14.3,pending
req_20260926_0064,2026-09-26,10:44,loc_lhc_a,loc_e_library,1,student,normal,13.9,pending
req_20260926_0056,2026-09-26,11:03,dept_mech,loc_central_library,1,student,normal,12.6,pending
req_20260926_0058,2026-09-26,11:09,dept_macs,dept_chemistry,1,student,normal,13.4,pending
req_20260926_0054,2026-09-26,11:16,dept_wroe,dept_mme,3,faculty,normal,13.0,pending
req_20260926_0065,2026-09-26,11:26,dept_cse,loc_e_library,1,student,normal,9.3,pending
req_20260926_0061,2026-09-26,11:27,dept_wroe,loc_e_library,1,student,normal,14.0,pending
req_20260926_0052,2026-09-26,11:30,dept_it,mess_b7_sahyadri,1,staff,normal,13.2,pending
req_20260926_0063,2026-09-26,11:41,loc_lhc_b,hostel_b_block3,1,student,normal,8.9,pending
req_20260926_0059,2026-09-26,11:47,dept_chem,dept_mech,2,student,normal,9.9,pending
req_20260926_0067,2026-09-26,11:49,dept_mining,dept_chemistry,1,student,normal,12.6,pending
req_20260926_0055,2026-09-26,11:54,dept_chemistry,hostel_b_brahmagiri,2,student,normal,12.1,pending
req_20260926_0062,2026-09-26,11:59,dept_chemistry,hostel_b_shivalik,1,student,high,5.2,pending
req_20260926_0095,2026-09-26,12:01,loc_lhc_a,mess_b3_vindhya,1,staff,normal,11.7,pending
req_20260926_0087,2026-09-26,12:06,loc_e_library,mess_pg_new_brahmagiri,1,student,normal,14.6,pending
req_20260926_0099,2026-09-26,12:06,loc_central_library,mess_b3_vindhya,1,student,normal,8.9,pending
req_20260926_0079,2026-09-26,12:08,dept_mining,mess_b5_nilgiri,1,student,normal,9.7,pending
req_20260926_0081,2026-09-26,12:11,dept_chemistry,mess_b8_trishul,1,staff,normal,8.6,pending
req_20260926_0088,2026-09-26,12:12,dept_macs,mess_b5_nilgiri,1,student,normal,12.3,pending
req_20260926_0085,2026-09-26,12:15,dept_ece,mess_b1_karavali,1,student,normal,14.4,pending
req_20260926_0086,2026-09-26,12:23,loc_lhc_a,mess_b7_sahyadri,3,student,normal,14.0,pending
req_20260926_0101,2026-09-26,12:27,loc_lhc_b,mess_b2_aravali,1,student,normal,13.7,pending
req_20260926_0068,2026-09-26,12:32,dept_mech,mess_b5_nilgiri,1,student,normal,14.2,pending
req_20260926_0073,2026-09-26,12:32,mess_gb,dept_macs,1,student,normal,11.6,pending
req_20260926_0098,2026-09-26,12:34,dept_it,mess_b7_sahyadri,2,student,high,4.8,pending
req_20260926_0103,2026-09-26,12:39,dept_civil,mess_b2_aravali,2,student,normal,14.6,pending
req_20260926_0094,2026-09-26,12:50,loc_lhc_b,mess_b5_nilgiri,1,student,normal,9.1,pending
req_20260926_0075,2026-09-26,12:54,loc_lhc_a,mess_mega,1,student,normal,14.9,pending
req_20260926_0091,2026-09-26,12:54,dept_cse,mess_b7_sahyadri,2,student,normal,10.2,pending
req_20260926_0097,2026-09-26,13:05,dept_hssm,dept_macs,1,student,normal,10.1,pending
req_20260926_0089,2026-09-26,13:07,dept_it,mess_b5_nilgiri,1,student,normal,10.6,pending
req_20260926_0082,2026-09-26,13:10,dept_eee,mess_b4_satpura,2,student,high,5.7,pending
req_20260926_0102,2026-09-26,13:12,mess_b1_karavali,mess_pg_new_brahmagiri,1,student,normal,8.4,pending
req_20260926_0071,2026-09-26,13:13,dept_mech,hostel_b_block5,1,student,normal,14.0,pending
req_20260926_0078,2026-09-26,13:15,dept_wroe,mess_b5_nilgiri,1,student,normal,10.7,pending
req_20260926_0093,2026-09-26,13:26,dept_physics,mess_b4_satpura,1,student,high,5.7,pending
req_20260926_0069,2026-09-26,13:38,loc_e_library,mess_b3_vindhya,1,student,normal,14.7,pending
req_20260926_0083,2026-09-26,13:40,loc_lhc_a,mess_b7_sahyadri,1,student,normal,14.0,pending
req_20260926_0092,2026-09-26,13:41,hostel_g_gh1,dept_mme,1,student,normal,14.3,pending
req_20260926_0074,2026-09-26,13:42,dept_macs,mess_b7_sahyadri,2,student,normal,14.5,pending
req_20260926_0084,2026-09-26,13:42,dept_mech,mess_b1_karavali,1,student,normal,11.3,pending
req_20260926_0077,2026-09-26,13:50,dept_civil,mess_pg_pushpagiri,1,student,normal,12.9,pending
req_20260926_0096,2026-09-26,13:51,dept_chem,mess_pg_new_brahmagiri,2,staff,normal,13.8,pending
req_20260926_0072,2026-09-26,13:52,loc_lhc_b,mess_b1_karavali,2,staff,normal,10.9,pending
req_20260926_0090,2026-09-26,13:54,dept_cse,mess_b3_vindhya,1,student,normal,9.0,pending
req_20260926_0070,2026-09-26,14:03,mess_pg_pushpagiri,dept_mech,1,staff,normal,13.3,pending
req_20260926_0104,2026-09-26,14:03,loc_lhc_a,mess_b7_sahyadri,1,student,normal,11.8,pending
req_20260926_0100,2026-09-26,14:04,dept_ece,mess_b1_karavali,1,student,normal,12.5,pending
req_20260926_0076,2026-09-26,14:14,loc_lhc_b,mess_gb,1,student,normal,10.4,pending
req_20260926_0080,2026-09-26,14:25,dept_mme,mess_pg_new_brahmagiri,1,student,normal,11.4,pending
req_20260926_0112,2026-09-26,14:37,dept_mech,loc_central_library,1,student,normal,13.1,pending
req_20260926_0116,2026-09-26,14:43,dept_civil,loc_central_library,2,student,high,4.8,pending
req_20260926_0120,2026-09-26,14:46,dept_cse,hostel_g_gh3,2,student,normal,11.6,pending
req_20260926_0108,2026-09-26,15:07,mess_mega,dept_mme,2,student,normal,9.9,pending
req_20260926_0111,2026-09-26,15:08,mess_gb,dept_chem,2,student,normal,12.1,pending
req_20260926_0106,2026-09-26,15:16,dept_eee,hostel_b_block5,1,student,normal,13.0,pending
req_20260926_0109,2026-09-26,15:16,dept_civil,loc_central_library,2,student,normal,11.4,pending
req_20260926_0119,2026-09-26,15:59,dept_chem,loc_central_library,1,student,normal,12.9,pending
req_20260926_0107,2026-09-26,16:01,dept_hssm,loc_e_library,1,staff,normal,10.6,pending
req_20260926_0113,2026-09-26,16:12,dept_civil,hostel_b_block3,1,student,normal,8.1,pending
req_20260926_0118,2026-09-26,16:16,dept_physics,dept_eee,1,student,normal,10.5,pending
req_20260926_0115,2026-09-26,16:22,dept_mme,loc_suprabha_boys,1,staff,normal,13.5,pending
req_20260926_0114,2026-09-26,16:31,mess_b7_sahyadri,dept_mining,1,faculty,normal,10.5,pending
req_20260926_0117,2026-09-26,16:33,dept_wroe,hostel_g_gh2,1,student,normal,13.4,pending
req_20260926_0110,2026-09-26,16:45,dept_physics,hostel_b_mt2,1,student,normal,14.3,pending
req_20260926_0105,2026-09-26,16:51,mess_b4_satpura,dept_chemistry,1,student,normal,13.5,pending
req_20260926_0125,2026-09-26,17:02,hostel_b_block8,loc_e_library,1,student,normal,10.9,pending
req_20260926_0136,2026-09-26,17:11,hostel_b_block1,loc_girls_coop,1,student,normal,10.0,pending
req_20260926_0121,2026-09-26,17:19,hostel_b_block6,loc_central_library,1,student,normal,11.6,pending
req_20260926_0138,2026-09-26,17:29,dept_mech,loc_central_library,1,student,normal,14.4,pending
req_20260926_0123,2026-09-26,17:39,hostel_b_block1,loc_e_library,1,student,normal,14.1,pending
req_20260926_0128,2026-09-26,17:41,hostel_b_mt1,loc_e_library,1,student,normal,12.4,pending
req_20260926_0129,2026-09-26,17:50,dept_ece,mess_b1_karavali,1,student,normal,14.9,pending
req_20260926_0133,2026-09-26,17:54,hostel_b_block1,loc_e_library,1,student,normal,13.7,pending
req_20260926_0135,2026-09-26,17:56,hostel_g_gh6,loc_suprabha_girls,1,student,high,7.9,pending
req_20260926_0134,2026-09-26,17:59,hostel_b_block5,loc_boys_coop,2,student,normal,9.4,pending
req_20260926_0131,2026-09-26,18:19,hostel_g_gh6,loc_e_library,1,staff,normal,11.8,pending
req_20260926_0132,2026-09-26,18:20,hostel_g_gh6,loc_central_library,4,student,normal,9.5,pending
req_20260926_0137,2026-09-26,18:34,dept_ece,loc_central_library,1,student,normal,12.3,pending
req_20260926_0126,2026-09-26,18:35,mess_b5_nilgiri,loc_girls_coop,2,staff,normal,12.0,pending
req_20260926_0124,2026-09-26,18:36,dept_it,dept_chem,2,student,normal,9.6,pending
req_20260926_0143,2026-09-26,18:36,hostel_b_block1,loc_e_library,1,staff,normal,11.0,pending
req_20260926_0140,2026-09-26,18:56,hostel_b_mt2,loc_suprabha_boys,1,student,normal,10.1,pending
req_20260926_0139,2026-09-26,19:00,hostel_b_block2,loc_e_library,1,student,normal,9.2,pending
req_20260926_0142,2026-09-26,19:01,hostel_b_shivalik,loc_central_library,1,student,normal,10.8,pending
req_20260926_0122,2026-09-26,19:05,hostel_g_gh3,loc_central_library,1,student,normal,12.2,pending
req_20260926_0130,2026-09-26,19:11,hostel_g_gh3,loc_e_library,2,student,normal,10.1,pending
req_20260926_0141,2026-09-26,19:21,hostel_b_mt3,loc_e_library,1,student,normal,10.1,pending
req_20260926_0127,2026-09-26,19:22,hostel_b_mt1,loc_e_library,1,student,normal,8.4,pending
req_20260926_0145,2026-09-26,20:19,loc_suprabha_girls,hostel_g_gh3,2,student,high,5.9,pending
req_20260926_0150,2026-09-26,20:19,loc_suprabha_boys,hostel_b_block4,1,staff,normal,14.6,pending
req_20260926_0144,2026-09-26,20:23,loc_e_library,hostel_g_gh3,1,staff,high,5.8,pending
req_20260926_0153,2026-09-26,20:27,dept_wroe,hostel_g_gh3,1,student,normal,10.9,pending
req_20260926_0152,2026-09-26,20:33,loc_suprabha_boys,hostel_b_block3,1,student,normal,10.2,pending
req_20260926_0149,2026-09-26,20:42,loc_suprabha_boys,hostel_g_gh6,1,staff,normal,9.1,pending
req_20260926_0148,2026-09-26,20:46,loc_central_library,hostel_b_block8,1,student,normal,9.6,pending
req_20260926_0151,2026-09-26,20:51,dept_chemistry,hostel_b_block2,1,staff,high,7.7,pending
req_20260926_0146,2026-09-26,21:16,dept_chemistry,hostel_b_mt2,2,student,normal,11.0,pending
req_20260926_0155,2026-09-26,21:21,loc_central_library,hostel_b_block7,1,student,high,6.5,pending
req_20260926_0154,2026-09-26,22:01,loc_suprabha_boys,hostel_b_mt2,3,student,normal,14.1,pending
req_20260926_0147,2026-09-26,22:41,dept_chem,hostel_b_block1,1,student,normal,10.4,pending
req_20260927_0003,2026-09-27,05:19,hostel_b_block1,loc_main_gate,1,student,normal,9.3,pending
req_20260927_0004,2026-09-27,05:39,hostel_g_gh1,dept_macs,1,student,normal,14.5,pending
req_20260927_0005,2026-09-27,05:39,hostel_b_mt2,dept_physics,1,staff,normal,8.4,pending
req_20260927_0006,2026-09-27,05:43,hostel_b_block3,dept_mme,1,staff,normal,8.1,pending
req_20260927_0002,2026-09-27,06:11,hostel_g_gh5,hostel_b_block4,4,student,normal,9.5,pending
req_20260927_0007,2026-09-27,06:34,hostel_b_block7,loc_main_gate,1,student,normal,9.7,pending
req_20260927_0001,2026-09-27,06:44,hostel_b_block6,mess_gb,1,student,normal,9.8,pending
req_20260927_0033,2026-09-27,07:04,dept_mme,mess_pg_new_brahmagiri,1,student,normal,8.2,pending
req_20260927_0012,2026-09-27,07:05,hostel_b_block2,dept_civil,1,faculty,normal,14.0,pending
req_20260927_0034,2026-09-27,07:11,hostel_b_block6,dept_ece,1,student,normal,10.5,pending
req_20260927_0042,2026-09-27,07:12,hostel_b_mt1,loc_lhc_b,1,student,normal,14.9,pending
req_20260927_0031,2026-09-27,07:18,hostel_g_gh2,dept_it,1,student,high,7.4,pending
req_20260927_0017,2026-09-27,07:19,hostel_g_gh2,dept_chemistry,1,student,normal,14.4,pending
req_20260927_0030,2026-09-27,07:19,hostel_b_block3,dept_mining,1,student,normal,12.0,pending
req_20260927_0011,2026-09-27,07:21,mess_pg_new_brahmagiri,dept_mining,2,faculty,normal,10.8,pending
req_20260927_0024,2026-09-27,07:23,hostel_b_block4,loc_lhc_b,1,student,normal,10.3,pending
req_20260927_0015,2026-09-27,07:26,hostel_b_block4,loc_lhc_a,1,student,normal,14.0,pending
req_20260927_0009,2026-09-27,07:52,hostel_b_block8,dept_mining,1,staff,normal,11.7,pending
req_20260927_0026,2026-09-27,08:05,hostel_b_block2,dept_chemistry,1,staff,high,8.0,pending
req_20260927_0014,2026-09-27,08:08,hostel_g_gh5,loc_lhc_b,1,student,normal,10.6,pending
req_20260927_0044,2026-09-27,08:12,hostel_b_block4,loc_lhc_a,2,student,normal,12.9,pending
req_20260927_0035,2026-09-27,08:13,hostel_b_block2,loc_lhc_b,1,student,normal,10.8,pending
req_20260927_0041,2026-09-27,08:21,hostel_b_block4,loc_lhc_b,1,student,normal,14.9,pending
req_20260927_0039,2026-09-27,08:23,hostel_b_block5,loc_lhc_b,1,student,normal,10.2,pending
req_20260927_0023,2026-09-27,08:24,hostel_b_block2,dept_eee,1,student,normal,14.0,pending
req_20260927_0037,2026-09-27,08:26,hostel_b_block4,dept_chem,3,student,normal,8.0,pending
req_20260927_0029,2026-09-27,08:27,mess_b2_aravali,dept_civil,1,student,normal,14.3,pending
req_20260927_0032,2026-09-27,08:29,hostel_g_gh2,dept_mech,1,student,normal,11.8,pending
req_20260927_0038,2026-09-27,08:30,hostel_b_block8,dept_it,1,student,normal,10.0,pending
req_20260927_0046,2026-09-27,08:33,hostel_g_gh1,loc_e_library,2,staff,normal,15.0,pending
req_20260927_0019,2026-09-27,08:43,hostel_b_mt1,loc_lhc_b,1,student,normal,8.7,pending
req_20260927_0021,2026-09-27,08:45,hostel_b_mt1,loc_lhc_b,1,student,high,4.5,pending
req_20260927_0020,2026-09-27,08:48,hostel_b_brahmagiri,hostel_b_block8,1,staff,normal,11.1,pending
req_20260927_0018,2026-09-27,08:49,hostel_b_block3,loc_lhc_b,3,student,normal,11.1,pending
req_20260927_0047,2026-09-27,08:54,hostel_g_gh3,dept_wroe,4,student,normal,10.5,pending
req_20260927_0027,2026-09-27,08:57,hostel_g_gh6,loc_lhc_a,1,faculty,normal,11.8,pending
req_20260927_0045,2026-09-27,09:06,hostel_b_block1,loc_lhc_b,3,student,normal,14.6,pending
req_20260927_0008,2026-09-27,09:10,hostel_b_block6,dept_eee,1,student,normal,12.0,pending
req_20260927_0048,2026-09-27,09:10,hostel_b_shivalik,loc_lhc_a,4,student,normal,8.6,pending
req_20260927_0013,2026-09-27,09:18,hostel_b_shivalik,loc_lhc_b,3,student,normal,8.1,pending
req_20260927_0010,2026-09-27,09:22,hostel_b_shivalik,hostel_b_block6,1,student,normal,14.2,pending
req_20260927_0043,2026-09-27,09:26,hostel_g_gh3,loc_lhc_a,1,student,normal,8.7,pending
req_20260927_0036,2026-09-27,09:36,hostel_g_gh5,dept_mech,1,student,high,6.7,pending
req_20260927_0025,2026-09-27,09:46,hostel_b_block3,dept_macs,1,student,normal,8.2,pending
req_20260927_0016,2026-09-27,09:54,hostel_b_mt2,loc_lhc_b,1,student,normal,12.1,pending
req_20260927_0022,2026-09-27,09:55,hostel_g_gh4,loc_lhc_a,1,student,normal,9.8,pending
req_20260927_0040,2026-09-27,09:56,hostel_b_block8,dept_chem,1,student,normal,9.3,pending
req_20260927_0028,2026-09-27,09:57,hostel_b_block5,loc_lhc_b,1,student,normal,13.1,pending
req_20260927_0060,2026-09-27,10:52,dept_ece,hostel_b_mt3,1,student,normal,11.7,pending
req_20260927_0054,2026-09-27,11:06,dept_cse,dept_hssm,2,student,high,7.5,pending
req_20260927_0062,2026-09-27,11:08,dept_wroe,dept_hssm,4,staff,normal,11.7,pending
req_20260927_0058,2026-09-27,11:09,dept_eee,hostel_g_gh6,1,staff,normal,10.8,pending
req_20260927_0053,2026-09-27,11:16,dept_ece,dept_mech,3,staff,normal,14.3,pending
req_20260927_0051,2026-09-27,11:25,dept_ece,dept_mme,2,faculty,normal,14.4,pending
req_20260927_0056,2026-09-27,11:25,dept_mech,dept_macs,1,student,normal,8.9,pending
req_20260927_0052,2026-09-27,11:37,dept_mme,dept_macs,1,student,normal,9.5,pending
req_20260927_0059,2026-09-27,11:37,dept_mech,hostel_b_mt1,2,student,normal,9.3,pending
req_20260927_0057,2026-09-27,11:40,dept_it,dept_wroe,1,student,normal,11.7,pending
req_20260927_0049,2026-09-27,11:42,mess_b5_nilgiri,loc_main_gate,1,student,normal,14.4,pending
req_20260927_0050,2026-09-27,11:47,dept_ece,hostel_b_block7,1,faculty,normal,14.3,pending
req_20260927_0055,2026-09-27,11:50,dept_physics,loc_e_library,1,student,high,6.8,pending
req_20260927_0063,2026-09-27,11:50,dept_civil,loc_central_library,2,student,normal,12.3,pending
req_20260927_0061,2026-09-27,11:52,dept_civil,hostel_g_gh5,4,student,normal,9.0,pending
req_20260927_0073,2026-09-27,12:12,loc_lhc_b,mess_b4_satpura,2,student,normal,11.2,pending
req_20260927_0074,2026-09-27,12:19,dept_eee,mess_gb,1,student,normal,13.2,pending
req_20260927_0065,2026-09-27,12:24,loc_lhc_b,mess_b2_aravali,3,student,normal,9.3,pending
req_20260927_0095,2026-09-27,12:30,dept_cse,dept_wroe,2,student,normal,14.8,pending
req_20260927_0090,2026-09-27,12:34,dept_civil,mess_b1_karavali,1,student,normal,8.6,pending
req_20260927_0079,2026-09-27,12:35,loc_lhc_b,mess_mega,3,student,normal,9.7,pending
req_20260927_0084,2026-09-27,12:35,dept_mining,mess_mega,1,student,normal,14.1,pending
req_20260927_0077,2026-09-27,12:40,dept_mme,mess_gb,1,student,normal,10.1,pending
req_20260927_0082,2026-09-27,12:40,dept_mme,mess_b1_karavali,1,student,normal,10.4,pending
req_20260927_0087,2026-09-27,12:40,dept_mining,mess_mega,1,student,high,7.2,pending
req_20260927_0089,2026-09-27,12:41,dept_mme,mess_b5_nilgiri,1,student,high,6.3,pending
req_20260927_0092,2026-09-27,12:41,loc_lhc_b,mess_b2_aravali,1,student,normal,10.4,pending
req_20260927_0093,2026-09-27,12:56,mess_mega,loc_suprabha_boys,1,student,normal,11.1,pending
req_20260927_0098,2026-09-27,12:59,dept_civil,mess_b7_sahyadri,4,student,normal,10.1,pending
req_20260927_0066,2026-09-27,13:00,loc_lhc_b,mess_mega,2,staff,normal,9.2,pending
req_20260927_0069,2026-09-27,13:02,hostel_g_gh6,mess_mega,1,staff,normal,14.2,pending
req_20260927_0076,2026-09-27,13:03,dept_civil,mess_b3_vindhya,1,student,normal,10.5,pending
req_20260927_0068,2026-09-27,13:13,dept_chem,mess_b1_karavali,1,student,high,6.6,pending
req_20260927_0071,2026-09-27,13:13,loc_suprabha_girls,mess_b4_satpura,2,student,normal,14.8,pending
req_20260927_0067,2026-09-27,13:15,loc_lhc_a,mess_b3_vindhya,1,staff,normal,14.4,pending
req_20260927_0086,2026-09-27,13:18,dept_mme,mess_mega,2,student,high,5.4,pending
req_20260927_0096,2026-09-27,13:24,hostel_b_block5,mess_b1_karavali,1,student,normal,9.5,pending
req_20260927_0083,2026-09-27,13:28,loc_lhc_a,mess_b1_karavali,1,student,normal,13.0,pending
req_20260927_0064,2026-09-27,13:48,dept_mining,mess_b7_sahyadri,1,student,normal,12.1,pending
req_20260927_0088,2026-09-27,13:50,dept_ece,mess_b7_sahyadri,3,staff,normal,11.1,pending
req_20260927_0078,2026-09-27,14:00,loc_lhc_b,mess_pg_new_brahmagiri,1,student,normal,13.4,pending
req_20260927_0075,2026-09-27,14:03,dept_macs,mess_mega,1,student,normal,14.0,pending
req_20260927_0085,2026-09-27,14:05,loc_lhc_b,mess_b8_trishul,2,student,normal,9.5,pending
req_20260927_0097,2026-09-27,14:05,loc_lhc_b,mess_b3_vindhya,1,student,high,7.6,pending
req_20260927_0094,2026-09-27,14:15,loc_central_library,mess_b3_vindhya,1,student,normal,10.6,pending
req_20260927_0072,2026-09-27,14:17,dept_mech,mess_b5_nilgiri,1,student,high,4.5,pending
req_20260927_0080,2026-09-27,14:17,loc_e_library,mess_b1_karavali,1,student,normal,8.2,pending
req_20260927_0091,2026-09-27,14:19,dept_chemistry,mess_b2_aravali,1,student,normal,10.1,pending
req_20260927_0070,2026-09-27,14:20,loc_lhc_b,mess_mega,1,student,normal,11.6,pending
req_20260927_0081,2026-09-27,14:23,loc_central_library,mess_pg_new_brahmagiri,2,student,normal,10.0,pending
req_20260927_0110,2026-09-27,14:34,mess_b1_karavali,dept_civil,1,student,normal,13.2,pending
req_20260927_0102,2026-09-27,14:57,dept_wroe,hostel_b_mt2,1,student,normal,9.0,pending
req_20260927_0100,2026-09-27,15:02,dept_it,loc_central_library,1,student,normal,10.3,pending
req_20260927_0112,2026-09-27,15:09,hostel_b_block2,mess_b3_vindhya,1,student,normal,11.2,pending
req_20260927_0104,2026-09-27,15:21,dept_wroe,loc_e_library,1,student,normal,13.1,pending
req_20260927_0113,2026-09-27,15:26,dept_mech,hostel_b_block5,1,staff,high,6.2,pending
req_20260927_0105,2026-09-27,15:29,dept_ece,loc_e_library,1,student,normal,11.3,pending
req_20260927_0103,2026-09-27,15:44,dept_chem,loc_lhc_b,1,student,normal,14.1,pending
req_20260927_0106,2026-09-27,15:57,mess_b5_nilgiri,dept_chem,1,student,normal,14.0,pending
req_20260927_0109,2026-09-27,15:59,dept_chem,hostel_b_block2,1,student,normal,11.4,pending
req_20260927_0107,2026-09-27,16:00,mess_pg_new_brahmagiri,dept_eee,1,staff,normal,13.6,pending
req_20260927_0099,2026-09-27,16:16,mess_b5_nilgiri,dept_mech,1,student,normal,11.1,pending
req_20260927_0101,2026-09-27,16:16,mess_pg_pushpagiri,dept_mech,1,student,normal,9.0,pending
req_20260927_0108,2026-09-27,16:35,dept_mech,hostel_g_gh1,2,student,normal,10.5,pending
req_20260927_0111,2026-09-27,16:43,mess_b8_trishul,dept_cse,4,student,normal,8.6,pending
req_20260927_0130,2026-09-27,17:02,dept_macs,loc_e_library,1,student,normal,9.3,pending
req_20260927_0127,2026-09-27,17:04,hostel_b_mt1,loc_boys_coop,2,student,normal,8.7,pending
req_20260927_0129,2026-09-27,17:05,hostel_g_gh2,loc_girls_coop,1,staff,normal,14.8,pending
req_20260927_0120,2026-09-27,17:13,hostel_b_block4,loc_e_library,1,student,normal,14.0,pending
req_20260927_0124,2026-09-27,17:16,hostel_b_block2,loc_suprabha_boys,1,student,normal,9.3,pending
req_20260927_0118,2026-09-27,17:43,hostel_g_gh6,loc_boys_coop,1,student,normal,12.7,pending
req_20260927_0119,2026-09-27,17:48,loc_e_library,mess_b7_sahyadri,1,student,normal,12.2,pending
req_20260927_0116,2026-09-27,18:04,loc_main_gate,mess_b3_vindhya,2,student,normal,11.9,pending
req_20260927_0134,2026-09-27,18:08,hostel_b_block4,loc_suprabha_girls,1,student,normal,13.5,pending
req_20260927_0122,2026-09-27,18:27,hostel_b_mt1,loc_central_library,1,student,normal,9.1,pending
req_20260927_0123,2026-09-27,18:40,hostel_g_gh3,mess_b8_trishul,1,student,normal,12.2,pending
req_20260927_0135,2026-09-27,18:50,hostel_b_block6,loc_girls_coop,1,staff,normal,8.4,pending
req_20260927_0117,2026-09-27,18:54,hostel_g_gh5,loc_suprabha_boys,1,student,normal,13.6,pending
req_20260927_0126,2026-09-27,18:59,dept_physics,loc_e_library,1,student,normal,10.9,pending
req_20260927_0132,2026-09-27,19:02,hostel_b_mt1,loc_e_library,1,student,normal,14.3,pending
req_20260927_0125,2026-09-27,19:06,loc_main_building,hostel_b_shivalik,1,student,normal,14.2,pending
req_20260927_0128,2026-09-27,19:14,dept_mining,hostel_b_mt1,1,student,normal,9.1,pending
req_20260927_0131,2026-09-27,19:23,hostel_b_block3,loc_e_library,1,student,high,7.6,pending
req_20260927_0121,2026-09-27,19:25,hostel_b_block8,loc_e_library,2,student,normal,13.6,pending
req_20260927_0133,2026-09-27,19:31,hostel_b_block2,loc_suprabha_boys,1,student,normal,13.3,pending
req_20260927_0114,2026-09-27,19:48,hostel_b_block5,loc_central_library,2,student,normal,11.7,pending
req_20260927_0115,2026-09-27,19:56,hostel_b_block5,loc_e_library,1,student,normal,14.9,pending
req_20260927_0138,2026-09-27,20:01,hostel_b_mt1,hostel_g_gh5,1,student,normal,13.2,pending
req_20260927_0146,2026-09-27,20:07,dept_eee,hostel_g_gh2,1,student,normal,14.8,pending
req_20260927_0144,2026-09-27,20:08,loc_suprabha_girls,hostel_g_gh1,1,student,normal,13.8,pending
req_20260927_0139,2026-09-27,21:25,loc_girls_coop,hostel_b_brahmagiri,1,student,normal,14.4,pending
req_20260927_0136,2026-09-27,21:30,loc_e_library,hostel_b_block4,3,student,normal,14.5,pending
req_20260927_0141,2026-09-27,22:08,loc_suprabha_boys,hostel_b_block5,1,student,normal,9.7,pending
req_20260927_0140,2026-09-27,22:12,loc_suprabha_girls,hostel_b_mt3,1,staff,normal,8.6,pending
req_20260927_0147,2026-09-27,22:12,loc_suprabha_boys,hostel_g_gh4,1,student,normal,14.3,pending
req_20260927_0143,2026-09-27,22:21,loc_suprabha_girls,hostel_b_block7,1,student,normal,12.1,pending
req_20260927_0142,2026-09-27,22:28,loc_boys_coop,hostel_b_mt3,1,student,normal,9.2,pending
req_20260927_0145,2026-09-27,22:46,loc_central_library,hostel_b_block7,1,student,high,4.6,pending
req_20260927_0137,2026-09-27,22:48,loc_suprabha_boys,hostel_g_gh3,1,staff,normal,8.5,pending
req_20260928_0008,2026-09-28,05:02,hostel_b_block2,dept_it,2,student,normal,8.9,pending
req_20260928_0007,2026-09-28,05:23,hostel_b_mt1,dept_mme,1,faculty,high,5.3,pending
req_20260928_0003,2026-09-28,05:26,hostel_g_gh4,mess_pg_new_brahmagiri,2,student,normal,14.1,pending
req_20260928_0002,2026-09-28,05:58,hostel_g_gh3,loc_main_gate,3,student,high,4.5,pending
req_20260928_0006,2026-09-28,06:04,hostel_g_gh3,loc_lhc_b,1,student,normal,11.9,pending
req_20260928_0004,2026-09-28,06:16,hostel_b_block4,loc_main_gate,3,student,normal,10.2,pending
req_20260928_0009,2026-09-28,06:19,hostel_b_block3,dept_eee,1,student,normal,8.5,pending
req_20260928_0001,2026-09-28,06:51,hostel_b_block3,mess_pg_new_brahmagiri,1,student,normal,12.2,pending
req_20260928_0005,2026-09-28,06:58,hostel_b_mt2,loc_main_gate,2,student,normal,14.9,pending
req_20260928_0025,2026-09-28,07:01,hostel_b_brahmagiri,loc_lhc_a,3,student,high,5.2,pending
req_20260928_0037,2026-09-28,07:04,hostel_g_gh5,loc_lhc_b,2,student,normal,12.9,pending
req_20260928_0050,2026-09-28,07:09,hostel_g_gh3,hostel_b_block6,1,student,high,6.4,pending
req_20260928_0013,2026-09-28,07:11,hostel_b_mt1,dept_mining,4,faculty,normal,14.0,pending
req_20260928_0011,2026-09-28,07:13,hostel_b_block3,dept_it,2,student,normal,14.0,pending
req_20260928_0022,2026-09-28,07:13,hostel_g_gh2,loc_lhc_a,2,student,normal,9.5,pending
req_20260928_0021,2026-09-28,07:14,hostel_g_gh3,loc_lhc_b,3,student,normal,11.0,pending
req_20260928_0053,2026-09-28,07:17,hostel_g_gh3,loc_central_library,1,student,normal,8.7,pending
req_20260928_0042,2026-09-28,07:18,hostel_b_block2,dept_physics,1,student,normal,8.6,pending
req_20260928_0056,2026-09-28,07:30,hostel_b_block3,loc_lhc_a,1,student,normal,11.6,pending
req_20260928_0046,2026-09-28,07:40,hostel_b_mt2,loc_lhc_b,1,student,normal,8.7,pending
req_20260928_0036,2026-09-28,07:41,hostel_b_block5,loc_lhc_b,2,student,normal,10.0,pending
req_20260928_0057,2026-09-28,07:42,hostel_g_gh5,loc_lhc_b,1,student,normal,8.3,pending
req_20260928_0058,2026-09-28,07:44,hostel_b_brahmagiri,loc_lhc_a,2,faculty,normal,14.6,pending
req_20260928_0016,2026-09-28,07:45,hostel_g_gh2,loc_lhc_b,2,student,normal,9.5,pending
req_20260928_0052,2026-09-28,07:49,hostel_g_gh5,mess_pg_new_brahmagiri,1,student,normal,11.0,pending
req_20260928_0045,2026-09-28,07:54,hostel_g_gh6,dept_macs,1,student,normal,8.4,pending
req_20260928_0031,2026-09-28,07:59,hostel_b_brahmagiri,loc_lhc_a,1,student,normal,11.8,pending
req_20260928_0018,2026-09-28,08:00,hostel_b_block6,loc_lhc_b,3,student,normal,11.6,pending
req_20260928_0048,2026-09-28,08:03,hostel_g_gh6,dept_macs,2,student,high,5.9,pending
req_20260928_0026,2026-09-28,08:06,hostel_b_mt2,dept_ece,4,student,normal,9.8,pending
req_20260928_0033,2026-09-28,08:06,dept_physics,dept_chemistry,1,student,normal,11.1,pending
req_20260928_0051,2026-09-28,08:08,hostel_b_block5,loc_lhc_b,2,student,normal,13.5,pending
req_20260928_0027,2026-09-28,08:11,hostel_b_block2,dept_wroe,1,student,normal,9.2,pending
req_20260928_0030,2026-09-28,08:11,hostel_g_gh1,dept_chem,1,student,normal,10.3,pending
req_20260928_0023,2026-09-28,08:12,hostel_g_gh6,dept_eee,3,student,high,5.1,pending
req_20260928_0044,2026-09-28,08:13,hostel_b_mt2,dept_mme,2,student,normal,8.3,pending
req_20260928_0014,2026-09-28,08:14,hostel_b_block3,dept_physics,3,student,normal,12.4,pending
req_20260928_0039,2026-09-28,08:23,hostel_g_gh5,hostel_b_block2,2,student,normal,11.7,pending
req_20260928_0043,2026-09-28,08:26,hostel_b_block4,dept_civil,1,student,normal,11.3,pending
req_20260928_0038,2026-09-28,08:29,mess_b8_trishul,hostel_b_block1,1,staff,normal,13.0,pending
req_20260928_0032,2026-09-28,08:36,hostel_g_gh6,dept_eee,1,student,normal,15.0,pending
req_20260928_0017,2026-09-28,08:57,hostel_g_gh3,dept_mining,1,student,normal,9.2,pending
req_20260928_0054,2026-09-28,09:00,hostel_b_shivalik,dept_hssm,2,student,normal,11.4,pending
req_20260928_0035,2026-09-28,09:13,hostel_b_block2,dept_chem,1,student,high,4.8,pending
req_20260928_0028,2026-09-28,09:14,hostel_b_mt1,dept_chemistry,3,student,normal,14.6,pending
req_20260928_0020,2026-09-28,09:15,hostel_b_block5,dept_chemistry,1,student,normal,10.0,pending
req_20260928_0041,2026-09-28,09:15,hostel_g_gh2,loc_lhc_b,1,student,normal,11.3,pending
req_20260928_0049,2026-09-28,09:17,hostel_g_gh4,loc_lhc_b,2,student,normal,13.8,pending
req_20260928_0047,2026-09-28,09:29,hostel_g_gh3,dept_ece,1,student,normal,14.7,pending
req_20260928_0010,2026-09-28,09:31,hostel_g_gh1,loc_lhc_b,2,student,normal,11.9,pending
req_20260928_0012,2026-09-28,09:31,hostel_b_block1,loc_lhc_a,1,student,normal,11.6,pending
req_20260928_0029,2026-09-28,09:31,hostel_b_mt2,dept_mining,2,staff,normal,14.1,pending
req_20260928_0015,2026-09-28,09:35,hostel_b_block8,loc_lhc_b,1,staff,normal,10.7,pending
req_20260928_0019,2026-09-28,09:36,hostel_b_block5,dept_mining,1,student,normal,10.6,pending
req_20260928_0055,2026-09-28,09:38,hostel_b_mt3,dept_civil,1,student,normal,14.0,pending
req_20260928_0040,2026-09-28,09:43,hostel_g_gh4,loc_lhc_a,2,student,normal,13.8,pending
req_20260928_0024,2026-09-28,09:47,mess_gb,loc_lhc_b,2,student,normal,12.0,pending
req_20260928_0034,2026-09-28,09:52,hostel_b_block8,loc_lhc_a,3,student,normal,14.9,pending
req_20260928_0059,2026-09-28,10:00,dept_wroe,dept_physics,1,student,normal,9.6,pending
req_20260928_0074,2026-09-28,10:00,dept_ece,hostel_b_block4,1,student,normal,14.0,pending
req_20260928_0076,2026-09-28,10:04,dept_mech,hostel_b_block7,1,staff,normal,11.1,pending
req_20260928_0070,2026-09-28,10:29,dept_civil,dept_chem,1,student,high,5.1,pending
req_20260928_0063,2026-09-28,10:38,dept_macs,dept_cse,1,student,high,4.4,pending
req_20260928_0060,2026-09-28,10:45,dept_wroe,dept_hssm,2,student,normal,10.9,pending
req_20260928_0064,2026-09-28,10:45,dept_chem,dept_mining,2,student,normal,11.9,pending
req_20260928_0062,2026-09-28,10:50,loc_central_library,loc_e_library,1,student,normal,9.3,pending
req_20260928_0065,2026-09-28,11:02,dept_mining,hostel_b_mt3,2,student,normal,10.7,pending
req_20260928_0071,2026-09-28,11:02,dept_cse,dept_macs,1,student,normal,13.9,pending
req_20260928_0069,2026-09-28,11:07,loc_lhc_b,loc_e_library,1,faculty,normal,12.5,pending
req_20260928_0075,2026-09-28,11:09,dept_hssm,loc_e_library,1,student,normal,9.0,pending
req_20260928_0066,2026-09-28,11:10,dept_hssm,dept_physics,4,student,normal,9.5,pending
req_20260928_0067,2026-09-28,11:18,dept_eee,dept_civil,1,staff,normal,12.7,pending
req_20260928_0068,2026-09-28,11:25,dept_it,loc_central_library,1,student,normal,13.7,pending
req_20260928_0072,2026-09-28,11:28,dept_ece,loc_central_library,1,student,normal,11.1,pending
req_20260928_0073,2026-09-28,11:28,loc_central_library,loc_e_library,2,student,normal,12.8,pending
req_20260928_0061,2026-09-28,11:55,dept_it,hostel_b_brahmagiri,1,student,normal,13.4,pending
req_20260928_0099,2026-09-28,12:17,loc_lhc_a,mess_b2_aravali,2,student,normal,10.9,pending
req_20260928_0105,2026-09-28,12:18,dept_eee,mess_mega,1,student,normal,13.7,pending
req_20260928_0100,2026-09-28,12:21,loc_central_library,mess_b1_karavali,2,student,normal,13.6,pending
req_20260928_0117,2026-09-28,12:21,dept_civil,mess_b7_sahyadri,1,student,normal,10.9,pending
req_20260928_0078,2026-09-28,12:23,hostel_b_block2,dept_ece,1,staff,normal,10.9,pending
req_20260928_0103,2026-09-28,12:23,mess_gb,loc_lhc_a,1,student,normal,10.6,pending
req_20260928_0106,2026-09-28,12:24,dept_macs,mess_b5_nilgiri,1,student,normal,8.7,pending
req_20260928_0084,2026-09-28,12:26,dept_macs,mess_b5_nilgiri,2,student,normal,10.3,pending
req_20260928_0086,2026-09-28,12:29,loc_lhc_a,mess_b5_nilgiri,1,staff,normal,14.4,pending
req_20260928_0097,2026-09-28,12:35,dept_cse,mess_b2_aravali,2,faculty,normal,12.2,pending
req_20260928_0104,2026-09-28,12:43,dept_mining,mess_b1_karavali,1,student,normal,9.6,pending
req_20260928_0115,2026-09-28,12:45,loc_lhc_a,mess_b1_karavali,2,student,normal,8.5,pending
req_20260928_0092,2026-09-28,12:46,dept_macs,mess_pg_pushpagiri,2,student,high,6.2,pending
req_20260928_0087,2026-09-28,12:49,loc_lhc_b,mess_gb,2,student,normal,13.2,pending
req_20260928_0082,2026-09-28,12:51,loc_lhc_b,mess_b8_trishul,1,student,normal,14.4,pending
req_20260928_0107,2026-09-28,12:51,loc_suprabha_boys,mess_mega,4,student,normal,12.4,pending
req_20260928_0091,2026-09-28,12:52,dept_cse,mess_b5_nilgiri,1,staff,normal,14.1,pending
req_20260928_0093,2026-09-28,12:53,loc_lhc_b,mess_pg_pushpagiri,1,student,normal,13.5,pending
req_20260928_0077,2026-09-28,13:06,loc_lhc_b,mess_b5_nilgiri,1,student,normal,8.1,pending
req_20260928_0095,2026-09-28,13:08,loc_lhc_b,mess_mega,3,student,normal,10.5,pending
req_20260928_0085,2026-09-28,13:16,loc_central_library,mess_b4_satpura,2,student,normal,14.9,pending
req_20260928_0102,2026-09-28,13:23,loc_central_library,mess_pg_pushpagiri,2,student,normal,9.4,pending
req_20260928_0080,2026-09-28,13:26,dept_hssm,mess_b1_karavali,3,faculty,normal,10.1,pending
req_20260928_0098,2026-09-28,13:29,dept_chemistry,mess_gb,3,student,normal,14.0,pending
req_20260928_0090,2026-09-28,13:30,hostel_b_block2,mess_b7_sahyadri,2,student,normal,11.4,pending
req_20260928_0081,2026-09-28,13:32,dept_eee,mess_b5_nilgiri,1,student,normal,14.0,pending
req_20260928_0079,2026-09-28,13:40,loc_lhc_a,mess_b8_trishul,1,student,normal,13.4,pending
req_20260928_0111,2026-09-28,13:42,loc_central_library,mess_b3_vindhya,2,student,normal,12.4,pending
req_20260928_0096,2026-09-28,13:49,dept_physics,mess_b1_karavali,1,student,normal,13.3,pending
req_20260928_0101,2026-09-28,13:50,hostel_g_gh4,hostel_g_gh1,1,student,normal,13.8,pending
req_20260928_0083,2026-09-28,13:51,dept_cse,mess_gb,1,student,high,7.2,pending
req_20260928_0113,2026-09-28,13:52,dept_ece,mess_b7_sahyadri,1,staff,normal,14.3,pending
req_20260928_0114,2026-09-28,13:52,dept_mme,mess_mega,1,student,normal,8.3,pending
req_20260928_0110,2026-09-28,13:56,dept_cse,mess_b8_trishul,1,student,normal,9.6,pending
req_20260928_0089,2026-09-28,13:58,dept_mining,mess_pg_new_brahmagiri,1,student,normal,10.2,pending
req_20260928_0109,2026-09-28,13:58,dept_eee,mess_gb,2,student,normal,9.7,pending
req_20260928_0108,2026-09-28,14:02,loc_lhc_b,mess_mega,1,faculty,normal,8.9,pending
req_20260928_0118,2026-09-28,14:11,loc_lhc_a,mess_b4_satpura,1,student,normal,12.0,pending
req_20260928_0094,2026-09-28,14:16,dept_cse,mess_b5_nilgiri,1,staff,normal,13.9,pending
req_20260928_0112,2026-09-28,14:18,loc_central_library,mess_b3_vindhya,1,student,normal,10.1,pending
req_20260928_0116,2026-09-28,14:18,loc_lhc_b,mess_b1_karavali,2,staff,normal,12.3,pending
req_20260928_0088,2026-09-28,14:26,mess_pg_pushpagiri,mess_b4_satpura,1,faculty,normal,13.4,pending
req_20260928_0132,2026-09-28,14:34,dept_mech,loc_e_library,2,staff,normal,12.8,pending
req_20260928_0136,2026-09-28,15:05,dept_mining,hostel_b_mt3,1,student,normal,12.5,pending
req_20260928_0125,2026-09-28,15:15,dept_mme,loc_central_library,3,student,high,6.7,pending
req_20260928_0130,2026-09-28,15:19,dept_ece,loc_central_library,1,student,normal,9.1,pending
req_20260928_0120,2026-09-28,15:26,dept_ece,dept_physics,1,staff,normal,8.5,pending
req_20260928_0134,2026-09-28,15:31,dept_mining,hostel_g_gh5,1,staff,high,4.5,pending
req_20260928_0131,2026-09-28,15:40,hostel_g_gh5,hostel_b_brahmagiri,1,student,normal,8.1,pending
req_20260928_0124,2026-09-28,15:50,dept_mining,dept_ece,1,student,normal,14.0,pending
req_20260928_0127,2026-09-28,15:50,dept_ece,hostel_b_block7,1,student,normal,9.0,pending
req_20260928_0121,2026-09-28,15:57,mess_gb,mess_b4_satpura,1,student,normal,8.2,pending
req_20260928_0122,2026-09-28,15:58,dept_civil,loc_e_library,1,student,normal,9.8,pending
req_20260928_0135,2026-09-28,16:01,mess_b2_aravali,dept_physics,2,student,normal,13.5,pending
req_20260928_0129,2026-09-28,16:15,dept_ece,hostel_b_brahmagiri,3,student,normal,11.7,pending
req_20260928_0119,2026-09-28,16:22,dept_chemistry,hostel_b_block5,1,student,normal,11.3,pending
req_20260928_0126,2026-09-28,16:30,loc_lhc_b,hostel_b_block8,1,student,high,4.1,pending
req_20260928_0128,2026-09-28,16:34,mess_b4_satpura,dept_ece,1,faculty,normal,13.0,pending
req_20260928_0133,2026-09-28,16:39,dept_chem,hostel_b_block7,1,student,normal,12.7,pending
req_20260928_0123,2026-09-28,16:42,mess_pg_pushpagiri,dept_mech,1,student,normal,8.6,pending
req_20260928_0157,2026-09-28,17:05,hostel_b_block1,loc_suprabha_girls,1,student,normal,13.4,pending
req_20260928_0146,2026-09-28,17:08,loc_main_building,hostel_b_block5,2,staff,normal,11.5,pending
req_20260928_0152,2026-09-28,17:09,hostel_g_gh4,loc_e_library,1,student,normal,12.8,pending
req_20260928_0143,2026-09-28,17:17,loc_main_building,loc_girls_coop,3,faculty,normal,14.1,pending
req_20260928_0140,2026-09-28,17:32,dept_physics,loc_central_library,1,student,normal,10.6,pending
req_20260928_0142,2026-09-28,17:32,hostel_b_mt3,loc_suprabha_girls,2,student,high,7.8,pending
req_20260928_0141,2026-09-28,17:45,hostel_b_mt2,loc_boys_coop,1,student,normal,12.8,pending
req_20260928_0149,2026-09-28,17:45,hostel_b_block3,loc_suprabha_girls,2,student,normal,8.0,pending
req_20260928_0158,2026-09-28,17:46,dept_mining,loc_e_library,2,student,high,5.9,pending
req_20260928_0155,2026-09-28,17:49,hostel_g_gh3,loc_central_library,2,student,high,5.6,pending
req_20260928_0161,2026-09-28,17:51,hostel_b_block1,loc_suprabha_boys,1,student,normal,13.7,pending
req_20260928_0139,2026-09-28,18:03,hostel_b_block7,loc_suprabha_girls,1,staff,high,5.7,pending
req_20260928_0137,2026-09-28,18:07,hostel_b_block3,loc_girls_coop,1,student,normal,8.3,pending
req_20260928_0148,2026-09-28,18:08,hostel_b_mt2,loc_central_library,1,student,normal,11.4,pending
req_20260928_0156,2026-09-28,18:19,hostel_b_block7,loc_e_library,1,student,normal,11.1,pending
req_20260928_0151,2026-09-28,18:21,dept_mining,loc_central_library,1,student,normal,11.7,pending
req_20260928_0160,2026-09-28,18:35,hostel_g_gh2,loc_central_library,3,student,normal,13.8,pending
req_20260928_0154,2026-09-28,18:40,dept_hssm,loc_central_library,4,student,normal,10.9,pending
req_20260928_0145,2026-09-28,18:55,hostel_g_gh4,loc_suprabha_girls,2,student,normal,11.7,pending
req_20260928_0147,2026-09-28,18:58,dept_ece,loc_central_library,1,student,normal,8.8,pending
req_20260928_0144,2026-09-28,19:03,dept_civil,loc_e_library,2,student,normal,12.5,pending
req_20260928_0138,2026-09-28,19:20,hostel_b_block3,loc_e_library,1,staff,normal,14.8,pending
req_20260928_0162,2026-09-28,19:20,dept_chem,loc_e_library,1,student,normal,12.9,pending
req_20260928_0159,2026-09-28,19:21,hostel_b_block1,loc_suprabha_boys,2,student,normal,13.1,pending
req_20260928_0150,2026-09-28,19:47,hostel_g_gh4,loc_central_library,1,student,normal,10.9,pending
req_20260928_0153,2026-09-28,19:59,hostel_b_block7,loc_central_library,2,student,high,7.8,pending
req_20260928_0174,2026-09-28,20:42,loc_boys_coop,hostel_b_block4,1,staff,normal,14.1,pending
req_20260928_0164,2026-09-28,20:56,loc_suprabha_boys,hostel_g_gh5,1,student,normal,13.7,pending
req_20260928_0163,2026-09-28,21:15,hostel_b_mt1,hostel_b_block5,2,student,normal,12.6,pending
req_20260928_0168,2026-09-28,21:34,loc_central_library,hostel_b_shivalik,3,student,normal,13.9,pending
req_20260928_0165,2026-09-28,21:42,loc_e_library,hostel_b_block7,1,student,high,5.6,pending
req_20260928_0166,2026-09-28,21:54,loc_central_library,hostel_b_block7,1,student,normal,10.6,pending
req_20260928_0169,2026-09-28,21:56,loc_girls_coop,hostel_g_gh4,1,student,normal,11.7,pending
req_20260928_0172,2026-09-28,22:09,loc_suprabha_girls,hostel_g_gh6,3,staff,normal,12.4,pending
req_20260928_0175,2026-09-28,22:15,loc_central_library,hostel_b_block7,3,student,normal,14.4,pending
req_20260928_0167,2026-09-28,22:24,loc_central_library,hostel_b_block8,1,faculty,normal,13.1,pending
req_20260928_0170,2026-09-28,22:30,dept_it,hostel_g_gh1,1,student,normal,9.3,pending
req_20260928_0176,2026-09-28,22:39,loc_central_library,hostel_b_mt2,1,student,normal,12.3,pending
req_20260928_0173,2026-09-28,22:54,loc_central_library,hostel_b_mt2,1,student,normal,12.3,pending
req_20260928_0171,2026-09-28,22:55,loc_suprabha_girls,hostel_b_mt3,2,faculty,normal,10.4,pending
req_20260929_0004,2026-09-29,05:27,hostel_b_mt2,mess_b8_trishul,4,student,normal,14.3,pending
req_20260929_0009,2026-09-29,05:41,hostel_b_block8,dept_eee,1,student,normal,13.6,pending
req_20260929_0002,2026-09-29,05:43,dept_wroe,mess_b5_nilgiri,1,student,normal,14.1,pending
req_20260929_0006,2026-09-29,05:48,hostel_b_block3,dept_hssm,1,student,normal,9.8,pending
req_20260929_0001,2026-09-29,05:51,hostel_g_gh5,dept_cse,1,student,normal,8.4,pending
req_20260929_0007,2026-09-29,05:57,hostel_g_gh5,loc_main_gate,1,student,normal,14.7,pending
req_20260929_0005,2026-09-29,06:16,hostel_b_block7,dept_hssm,4,staff,normal,11.5,pending
req_20260929_0003,2026-09-29,06:17,hostel_b_block2,loc_main_gate,1,student,normal,14.4,pending
req_20260929_0008,2026-09-29,06:28,hostel_b_block8,mess_pg_new_brahmagiri,3,student,normal,8.7,pending
req_20260929_0045,2026-09-29,07:04,hostel_b_mt1,loc_lhc_a,2,student,high,5.7,pending
req_20260929_0047,2026-09-29,07:06,hostel_b_block4,dept_mme,1,student,normal,12.2,pending
req_20260929_0039,2026-09-29,07:10,hostel_b_shivalik,loc_e_library,1,student,normal,8.7,pending
req_20260929_0027,2026-09-29,07:13,hostel_g_gh4,loc_e_library,3,student,normal,8.1,pending
req_20260929_0029,2026-09-29,07:13,hostel_b_block7,loc_e_library,1,student,normal,13.1,pending
req_20260929_0015,2026-09-29,07:19,hostel_b_block7,dept_hssm,2,student,normal,10.9,pending
req_20260929_0010,2026-09-29,07:27,hostel_b_mt2,dept_mme,1,student,normal,8.3,pending
req_20260929_0011,2026-09-29,07:29,hostel_b_block1,loc_lhc_b,1,student,normal,10.2,pending
req_20260929_0033,2026-09-29,07:37,hostel_b_mt2,loc_lhc_b,1,student,normal,10.8,pending
req_20260929_0035,2026-09-29,07:44,hostel_b_shivalik,dept_physics,2,student,normal,11.0,pending
req_20260929_0048,2026-09-29,07:55,hostel_b_block2,dept_wroe,1,student,normal,13.0,pending
req_20260929_0052,2026-09-29,07:55,hostel_b_block3,loc_central_library,1,student,normal,11.9,pending
req_20260929_0050,2026-09-29,07:58,hostel_b_block8,loc_lhc_b,3,student,normal,12.3,pending
req_20260929_0021,2026-09-29,08:00,dept_it,dept_chemistry,1,student,normal,10.6,pending
req_20260929_0024,2026-09-29,08:02,hostel_b_block3,loc_lhc_b,2,staff,normal,12.0,pending
req_20260929_0057,2026-09-29,08:04,hostel_g_gh5,loc_lhc_b,1,student,normal,13.5,pending
req_20260929_0017,2026-09-29,08:09,hostel_b_block6,loc_lhc_a,2,student,normal,11.3,pending
req_20260929_0037,2026-09-29,08:10,hostel_b_block6,loc_lhc_b,2,student,normal,13.8,pending
req_20260929_0020,2026-09-29,08:14,hostel_g_gh5,dept_chemistry,1,student,normal,8.6,pending
req_20260929_0028,2026-09-29,08:35,hostel_b_mt2,loc_central_library,2,student,high,5.1,pending
req_20260929_0018,2026-09-29,08:39,hostel_b_mt3,dept_eee,1,student,normal,12.6,pending
req_20260929_0026,2026-09-29,08:41,hostel_b_mt1,loc_lhc_a,1,student,normal,11.0,pending
req_20260929_0030,2026-09-29,08:41,hostel_b_mt3,dept_mech,1,faculty,normal,13.3,pending
req_20260929_0055,2026-09-29,08:41,hostel_b_brahmagiri,dept_hssm,1,student,normal,14.1,pending
req_20260929_0025,2026-09-29,08:49,hostel_b_shivalik,loc_lhc_a,1,student,normal,10.1,pending
req_20260929_0032,2026-09-29,08:52,hostel_b_block4,loc_central_library,1,student,normal,9.8,pending
req_20260929_0022,2026-09-29,08:53,hostel_b_block2,loc_central_library,1,student,normal,14.3,pending
req_20260929_0038,2026-09-29,09:03,hostel_b_mt2,loc_lhc_b,1,student,normal,10.1,pending
req_20260929_0049,2026-09-29,09:06,hostel_g_gh4,dept_hssm,1,student,normal,12.3,pending
req_20260929_0043,2026-09-29,09:08,hostel_b_block6,dept_civil,1,student,normal,11.9,pending
req_20260929_0031,2026-09-29,09:09,hostel_g_gh1,dept_it,1,student,normal,8.5,pending
req_20260929_0056,2026-09-29,09:10,hostel_b_block2,dept_civil,1,student,normal,10.2,pending
req_20260929_0041,2026-09-29,09:15,hostel_g_gh5,loc_lhc_b,1,student,normal,11.6,pending
req_20260929_0042,2026-09-29,09:17,loc_central_library,dept_wroe,4,student,normal,12.0,pending
req_20260929_0044,2026-09-29,09:19,hostel_b_mt3,loc_lhc_a,2,student,normal,11.3,pending
req_20260929_0046,2026-09-29,09:19,hostel_b_shivalik,hostel_g_gh5,1,student,normal,12.6,pending
req_20260929_0036,2026-09-29,09:31,hostel_b_shivalik,dept_physics,1,student,normal,10.5,pending
req_20260929_0034,2026-09-29,09:32,hostel_g_gh5,loc_lhc_b,2,student,normal,13.2,pending
req_20260929_0014,2026-09-29,09:33,hostel_g_gh2,loc_lhc_a,1,student,normal,14.3,pending
req_20260929_0016,2026-09-29,09:36,hostel_g_gh5,loc_e_library,1,faculty,normal,14.2,pending
req_20260929_0053,2026-09-29,09:41,hostel_b_block1,dept_chem,1,student,normal,11.1,pending
req_20260929_0054,2026-09-29,09:43,hostel_g_gh1,loc_central_library,1,student,normal,8.1,pending
req_20260929_0040,2026-09-29,09:45,hostel_g_gh1,dept_cse,1,student,normal,14.8,pending
req_20260929_0019,2026-09-29,09:46,hostel_b_block5,loc_lhc_a,1,student,high,7.3,pending
req_20260929_0013,2026-09-29,09:52,hostel_b_mt3,loc_lhc_a,2,student,normal,12.2,pending
req_20260929_0012,2026-09-29,09:55,dept_mech,loc_lhc_b,1,staff,normal,13.2,pending
req_20260929_0051,2026-09-29,09:56,hostel_g_gh6,loc_lhc_a,1,student,normal,11.1,pending
req_20260929_0023,2026-09-29,09:58,hostel_b_block5,loc_lhc_a,1,faculty,high,4.6,pending
req_20260929_0059,2026-09-29,10:15,loc_e_library,hostel_b_block4,1,student,normal,11.6,pending
req_20260929_0058,2026-09-29,10:22,dept_wroe,mess_b8_trishul,2,staff,normal,10.2,pending
req_20260929_0066,2026-09-29,10:30,hostel_b_mt1,dept_ece,1,student,normal,9.1,pending
req_20260929_0068,2026-09-29,10:35,dept_ece,dept_it,1,student,normal,11.1,pending
req_20260929_0064,2026-09-29,10:42,hostel_b_mt2,mess_b5_nilgiri,1,student,normal,12.7,pending
req_20260929_0063,2026-09-29,10:48,hostel_b_mt1,hostel_g_gh5,1,student,high,7.9,pending
req_20260929_0067,2026-09-29,11:07,loc_central_library,hostel_b_mt3,2,student,normal,12.2,pending
req_20260929_0073,2026-09-29,11:10,dept_it,loc_e_library,1,student,normal,11.5,pending
req_20260929_0061,2026-09-29,11:19,dept_mining,loc_e_library,2,student,normal,12.4,pending
req_20260929_0060,2026-09-29,11:38,dept_eee,dept_it,1,student,normal,13.9,pending
req_20260929_0069,2026-09-29,11:44,dept_eee,loc_central_library,1,staff,normal,13.9,pending
req_20260929_0074,2026-09-29,11:47,loc_lhc_a,loc_e_library,1,student,normal,14.8,pending
req_20260929_0072,2026-09-29,11:49,loc_central_library,loc_e_library,1,student,normal,14.6,pending
req_20260929_0062,2026-09-29,11:52,dept_cse,loc_central_library,2,student,normal,14.3,pending
req_20260929_0071,2026-09-29,11:52,dept_mech,dept_civil,1,student,normal,9.6,pending
req_20260929_0065,2026-09-29,11:55,loc_central_library,mess_mega,3,student,normal,11.0,pending
req_20260929_0070,2026-09-29,11:56,loc_e_library,hostel_b_block2,1,student,normal,10.5,pending
req_20260929_0093,2026-09-29,12:02,loc_e_library,mess_b1_karavali,2,faculty,normal,10.1,pending
req_20260929_0077,2026-09-29,12:06,dept_it,mess_b7_sahyadri,1,student,normal,10.8,pending
req_20260929_0078,2026-09-29,12:12,loc_lhc_a,mess_b8_trishul,1,student,normal,11.5,pending
req_20260929_0075,2026-09-29,12:13,loc_lhc_b,mess_pg_new_brahmagiri,1,student,high,7.3,pending
req_20260929_0099,2026-09-29,12:17,dept_macs,mess_gb,1,student,normal,14.8,pending
req_20260929_0107,2026-09-29,12:26,dept_civil,mess_gb,1,student,normal,10.9,pending
req_20260929_0101,2026-09-29,12:29,hostel_b_block3,loc_lhc_a,1,student,normal,8.6,pending
req_20260929_0091,2026-09-29,12:34,loc_lhc_b,mess_b8_trishul,3,student,normal,9.8,pending
req_20260929_0100,2026-09-29,12:39,loc_lhc_a,mess_gb,2,student,normal,12.6,pending
req_20260929_0110,2026-09-29,12:45,mess_b2_aravali,mess_pg_new_brahmagiri,2,student,normal,11.6,pending
req_20260929_0102,2026-09-29,12:46,mess_pg_pushpagiri,mess_b2_aravali,1,staff,normal,10.6,pending
req_20260929_0112,2026-09-29,12:46,dept_mining,mess_gb,1,student,normal,9.4,pending
req_20260929_0108,2026-09-29,12:49,dept_cse,mess_pg_new_brahmagiri,1,student,normal,8.7,pending
req_20260929_0103,2026-09-29,12:50,loc_lhc_a,mess_b4_satpura,2,student,normal,14.5,pending
req_20260929_0076,2026-09-29,13:00,dept_civil,mess_pg_pushpagiri,1,student,normal,12.8,pending
req_20260929_0081,2026-09-29,13:01,loc_lhc_b,mess_b3_vindhya,1,student,high,5.0,pending
req_20260929_0111,2026-09-29,13:01,dept_ece,mess_gb,1,student,normal,9.1,pending
req_20260929_0080,2026-09-29,13:04,dept_physics,mess_b3_vindhya,2,student,normal,14.2,pending
req_20260929_0085,2026-09-29,13:06,dept_mech,mess_mega,1,student,high,4.5,pending
req_20260929_0096,2026-09-29,13:08,dept_mme,dept_macs,1,student,normal,12.8,pending
req_20260929_0084,2026-09-29,13:10,dept_mining,mess_b4_satpura,1,staff,normal,12.6,pending
req_20260929_0109,2026-09-29,13:14,mess_pg_pushpagiri,hostel_g_gh1,1,student,normal,12.7,pending
req_20260929_0106,2026-09-29,13:16,hostel_b_brahmagiri,loc_main_building,2,student,normal,10.9,pending
req_20260929_0094,2026-09-29,13:19,dept_mech,hostel_g_gh4,1,student,normal,10.6,pending
req_20260929_0088,2026-09-29,13:22,dept_chem,mess_b1_karavali,2,student,normal,10.3,pending
req_20260929_0115,2026-09-29,13:32,loc_central_library,mess_b1_karavali,1,student,normal,13.1,pending
req_20260929_0104,2026-09-29,13:35,dept_eee,mess_gb,1,faculty,normal,10.8,pending
req_20260929_0083,2026-09-29,13:37,loc_central_library,mess_b1_karavali,1,student,normal,10.6,pending
req_20260929_0098,2026-09-29,13:37,dept_mme,mess_b7_sahyadri,2,student,normal,10.2,pending
req_20260929_0105,2026-09-29,13:38,mess_b5_nilgiri,mess_pg_new_brahmagiri,1,student,normal,10.3,pending
req_20260929_0079,2026-09-29,13:39,dept_macs,mess_pg_pushpagiri,1,student,normal,11.8,pending
req_20260929_0090,2026-09-29,13:44,loc_lhc_a,mess_b3_vindhya,2,student,normal,13.5,pending
req_20260929_0097,2026-09-29,13:56,dept_physics,mess_mega,2,student,high,5.5,pending
req_20260929_0114,2026-09-29,13:56,hostel_g_gh5,mess_b3_vindhya,1,student,normal,11.0,pending
req_20260929_0086,2026-09-29,13:57,dept_ece,mess_b5_nilgiri,3,student,high,5.9,pending
req_20260929_0113,2026-09-29,13:59,loc_lhc_b,mess_b1_karavali,1,student,normal,9.9,pending
req_20260929_0089,2026-09-29,14:02,dept_it,mess_b2_aravali,2,staff,high,7.8,pending
req_20260929_0092,2026-09-29,14:06,loc_e_library,mess_b7_sahyadri,4,student,normal,14.7,pending
req_20260929_0087,2026-09-29,14:16,dept_macs,mess_b2_aravali,2,student,normal,11.3,pending
req_20260929_0095,2026-09-29,14:18,dept_it,mess_b3_vindhya,1,student,normal,12.3,pending
req_20260929_0082,2026-09-29,14:21,dept_physics,mess_b8_trishul,1,student,normal,9.6,pending
req_20260929_0120,2026-09-29,14:37,mess_mega,dept_mme,2,student,normal,14.7,pending
req_20260929_0127,2026-09-29,14:57,mess_b4_satpura,dept_cse,1,faculty,normal,13.2,pending
req_20260929_0116,2026-09-29,15:10,mess_b1_karavali,dept_wroe,1,student,normal,14.5,pending
req_20260929_0130,2026-09-29,15:25,dept_mech,loc_central_library,1,faculty,normal,10.6,pending
req_20260929_0125,2026-09-29,15:30,dept_macs,loc_e_library,3,student,high,6.2,pending
req_20260929_0132,2026-09-29,15:43,dept_mme,hostel_b_block6,1,staff,normal,13.7,pending
req_20260929_0119,2026-09-29,15:47,dept_eee,loc_e_library,2,student,normal,11.3,pending
req_20260929_0124,2026-09-29,15:48,dept_macs,hostel_b_block8,1,student,normal,14.4,pending
req_20260929_0122,2026-09-29,15:52,dept_chem,hostel_b_brahmagiri,1,student,high,6.5,pending
req_20260929_0121,2026-09-29,15:54,dept_cse,loc_e_library,1,student,normal,12.1,pending
req_20260929_0123,2026-09-29,15:57,hostel_b_block4,dept_chem,1,student,normal,10.2,pending
req_20260929_0131,2026-09-29,15:58,mess_b5_nilgiri,dept_macs,1,student,normal,14.0,pending
req_20260929_0126,2026-09-29,16:01,mess_pg_pushpagiri,dept_chemistry,1,student,high,4.1,pending
req_20260929_0117,2026-09-29,16:02,mess_pg_pushpagiri,dept_hssm,2,student,normal,9.0,pending
req_20260929_0129,2026-09-29,16:09,dept_cse,hostel_b_block1,4,student,normal,13.6,pending
req_20260929_0128,2026-09-29,16:18,hostel_g_gh1,hostel_g_gh2,1,faculty,normal,8.8,pending
req_20260929_0118,2026-09-29,16:28,dept_cse,loc_central_library,1,student,normal,12.8,pending
req_20260929_0146,2026-09-29,17:00,hostel_g_gh3,loc_e_library,2,student,normal,10.1,pending
req_20260929_0144,2026-09-29,17:23,hostel_b_mt1,loc_central_library,3,faculty,normal,13.8,pending
req_20260929_0157,2026-09-29,17:23,hostel_g_gh6,loc_suprabha_girls,1,student,normal,14.9,pending
req_20260929_0141,2026-09-29,17:36,dept_eee,loc_e_library,1,student,normal,12.7,pending
req_20260929_0158,2026-09-29,17:36,dept_mining,loc_central_library,1,student,normal,9.6,pending
req_20260929_0142,2026-09-29,17:37,dept_mining,loc_central_library,2,student,normal,10.0,pending
req_20260929_0153,2026-09-29,17:39,hostel_b_block7,loc_suprabha_girls,1,student,normal,13.1,pending
req_20260929_0134,2026-09-29,17:56,dept_mech,loc_central_library,2,student,normal,9.1,pending
req_20260929_0154,2026-09-29,17:59,hostel_g_gh2,loc_boys_coop,1,student,normal,10.8,pending
req_20260929_0152,2026-09-29,18:03,dept_ece,loc_central_library,1,student,normal,13.6,pending
req_20260929_0136,2026-09-29,18:05,hostel_b_block5,loc_e_library,2,student,normal,12.3,pending
req_20260929_0156,2026-09-29,18:16,dept_macs,loc_central_library,1,student,normal,13.7,pending
req_20260929_0150,2026-09-29,18:41,hostel_b_block1,loc_central_library,1,student,normal,11.7,pending
req_20260929_0155,2026-09-29,18:42,dept_physics,hostel_b_mt3,1,student,normal,9.6,pending
req_20260929_0143,2026-09-29,18:55,hostel_b_brahmagiri,loc_boys_coop,1,student,high,7.1,pending
req_20260929_0138,2026-09-29,18:58,hostel_b_block3,loc_e_library,1,student,normal,12.9,pending
req_20260929_0140,2026-09-29,19:04,dept_mining,loc_central_library,2,student,normal,10.6,pending
req_20260929_0151,2026-09-29,19:14,hostel_b_block5,loc_central_library,2,student,normal,10.8,pending
req_20260929_0135,2026-09-29,19:17,hostel_g_gh6,loc_suprabha_boys,1,student,normal,11.6,pending
req_20260929_0147,2026-09-29,19:22,hostel_b_block5,loc_boys_coop,1,student,normal,9.4,pending
req_20260929_0133,2026-09-29,19:41,dept_it,loc_e_library,1,staff,normal,11.0,pending
req_20260929_0149,2026-09-29,19:46,hostel_b_brahmagiri,loc_girls_coop,1,student,normal,9.3,pending
req_20260929_0139,2026-09-29,19:50,dept_it,loc_e_library,1,student,normal,10.5,pending
req_20260929_0137,2026-09-29,19:54,hostel_b_mt3,loc_e_library,1,student,normal,14.1,pending
req_20260929_0148,2026-09-29,19:58,mess_b8_trishul,dept_mech,1,student,normal,12.2,pending
req_20260929_0145,2026-09-29,19:59,hostel_g_gh6,loc_central_library,1,student,normal,12.6,pending
req_20260929_0165,2026-09-29,20:31,loc_central_library,hostel_g_gh2,1,student,normal,14.4,pending
req_20260929_0166,2026-09-29,20:38,loc_e_library,hostel_b_block3,3,student,normal,11.4,pending
req_20260929_0162,2026-09-29,20:46,loc_e_library,hostel_g_gh4,1,student,normal,9.3,pending
req_20260929_0170,2026-09-29,20:58,loc_suprabha_boys,hostel_g_gh4,1,student,normal,14.1,pending
req_20260929_0161,2026-09-29,21:26,dept_it,hostel_g_gh4,2,student,normal,10.3,pending
req_20260929_0168,2026-09-29,21:34,dept_mining,hostel_b_brahmagiri,2,student,high,7.2,pending
req_20260929_0164,2026-09-29,21:36,loc_e_library,hostel_b_block8,1,student,normal,9.1,pending
req_20260929_0159,2026-09-29,22:09,loc_central_library,hostel_b_shivalik,1,staff,normal,12.7,pending
req_20260929_0160,2026-09-29,22:15,loc_e_library,hostel_b_mt3,3,student,normal,9.9,pending
req_20260929_0169,2026-09-29,22:18,loc_central_library,hostel_b_shivalik,1,student,normal,8.3,pending
req_20260929_0167,2026-09-29,22:27,loc_e_library,hostel_b_block2,1,student,normal,9.6,pending
req_20260929_0171,2026-09-29,22:45,loc_suprabha_boys,hostel_g_gh1,2,student,normal,12.1,pending
req_20260929_0172,2026-09-29,22:51,loc_e_library,hostel_b_block7,1,student,normal,9.5,pending
req_20260929_0163,2026-09-29,22:52,loc_suprabha_boys,hostel_b_block7,1,student,normal,10.0,pending
req_20260930_0009,2026-09-30,05:03,hostel_b_block1,hostel_b_block2,2,student,normal,14.4,pending
req_20260930_0007,2026-09-30,05:13,hostel_g_gh1,loc_main_gate,1,student,normal,9.0,pending
req_20260930_0002,2026-09-30,05:22,hostel_b_block7,dept_eee,1,student,normal,10.1,pending
req_20260930_0005,2026-09-30,05:26,hostel_g_gh1,dept_civil,1,student,normal,10.7,pending
req_20260930_0006,2026-09-30,05:27,hostel_g_gh1,dept_chemistry,2,student,normal,11.2,pending
req_20260930_0004,2026-09-30,05:31,hostel_b_mt1,dept_macs,2,staff,normal,14.7,pending
req_20260930_0008,2026-09-30,05:48,hostel_b_block8,dept_eee,1,student,normal,9.8,pending
req_20260930_0003,2026-09-30,06:38,hostel_g_gh2,dept_chemistry,1,student,normal,11.5,pending
req_20260930_0001,2026-09-30,06:54,hostel_b_block4,dept_mme,1,student,normal,14.0,pending
req_20260930_0024,2026-09-30,07:01,hostel_b_block6,loc_lhc_a,1,student,normal,10.9,pending
req_20260930_0039,2026-09-30,07:04,hostel_b_mt1,loc_lhc_b,2,student,normal,12.1,pending
req_20260930_0050,2026-09-30,07:12,hostel_g_gh3,dept_wroe,2,student,normal,12.3,pending
req_20260930_0034,2026-09-30,07:14,hostel_b_brahmagiri,loc_e_library,1,student,high,6.1,pending
req_20260930_0036,2026-09-30,07:18,hostel_b_block2,loc_lhc_b,3,student,normal,9.1,pending
req_20260930_0020,2026-09-30,07:19,hostel_g_gh2,loc_lhc_b,1,staff,normal,14.9,pending
req_20260930_0041,2026-09-30,07:22,hostel_b_mt3,hostel_b_mt1,1,staff,high,5.7,pending
req_20260930_0013,2026-09-30,07:25,hostel_b_mt1,loc_lhc_b,1,student,normal,12.9,pending
req_20260930_0010,2026-09-30,07:30,hostel_b_mt1,loc_lhc_a,1,student,normal,14.4,pending
req_20260930_0027,2026-09-30,07:31,mess_mega,dept_it,2,student,normal,9.4,pending
req_20260930_0055,2026-09-30,07:36,hostel_b_block6,loc_lhc_b,1,staff,normal,8.8,pending
req_20260930_0057,2026-09-30,07:40,hostel_b_block8,loc_lhc_a,1,student,normal,14.2,pending
req_20260930_0031,2026-09-30,07:42,hostel_b_brahmagiri,dept_chemistry,1,student,normal,9.3,pending
req_20260930_0014,2026-09-30,07:46,hostel_b_block1,dept_cse,2,student,normal,9.1,pending
req_20260930_0022,2026-09-30,07:46,hostel_g_gh1,dept_eee,1,staff,normal,11.5,pending
req_20260930_0052,2026-09-30,07:46,hostel_b_block7,dept_ece,1,student,normal,10.7,pending
req_20260930_0048,2026-09-30,07:51,hostel_b_mt1,dept_ece,1,faculty,normal,9.5,pending
req_20260930_0011,2026-09-30,07:57,hostel_b_brahmagiri,loc_central_library,1,student,normal,14.8,pending
req_20260930_0016,2026-09-30,08:03,hostel_b_mt3,loc_lhc_a,1,student,normal,14.3,pending
req_20260930_0032,2026-09-30,08:10,hostel_b_block8,loc_lhc_a,4,staff,normal,14.9,pending
req_20260930_0046,2026-09-30,08:13,hostel_b_block8,dept_ece,2,student,normal,10.6,pending
req_20260930_0023,2026-09-30,08:16,loc_lhc_a,loc_main_building,1,student,normal,13.2,pending
req_20260930_0038,2026-09-30,08:17,hostel_b_mt1,dept_mme,2,student,normal,13.8,pending
req_20260930_0051,2026-09-30,08:27,hostel_g_gh6,loc_lhc_b,1,student,normal,12.5,pending
req_20260930_0053,2026-09-30,08:28,hostel_g_gh1,dept_mining,2,student,normal,8.0,pending
req_20260930_0026,2026-09-30,08:31,hostel_g_gh1,loc_lhc_b,2,student,normal,13.0,pending
req_20260930_0018,2026-09-30,08:44,hostel_g_gh1,dept_macs,1,student,normal,8.7,pending
req_20260930_0035,2026-09-30,08:47,hostel_g_gh2,loc_central_library,3,student,normal,10.0,pending
req_20260930_0030,2026-09-30,08:49,hostel_g_gh4,loc_lhc_a,1,student,normal,10.7,pending
req_20260930_0028,2026-09-30,08:50,hostel_g_gh6,dept_mech,2,student,high,4.8,pending
req_20260930_0045,2026-09-30,08:54,hostel_b_block8,dept_hssm,2,student,normal,10.6,pending
req_20260930_0043,2026-09-30,08:59,hostel_b_block6,loc_lhc_a,2,student,normal,14.6,pending
req_20260930_0047,2026-09-30,08:59,hostel_g_gh3,loc_e_library,1,student,normal,14.4,pending
req_20260930_0056,2026-09-30,09:04,hostel_b_mt2,dept_it,3,staff,normal,13.2,pending
req_20260930_0033,2026-09-30,09:07,hostel_b_block6,dept_chem,3,student,normal,9.1,pending
req_20260930_0015,2026-09-30,09:14,hostel_b_mt3,loc_e_library,1,student,normal,11.0,pending
req_20260930_0042,2026-09-30,09:14,hostel_b_block6,loc_e_library,2,student,normal,10.3,pending
req_20260930_0040,2026-09-30,09:18,hostel_b_brahmagiri,loc_lhc_a,1,student,normal,13.4,pending
req_20260930_0019,2026-09-30,09:21,hostel_g_gh2,dept_mining,2,staff,high,6.1,pending
req_20260930_0029,2026-09-30,09:23,hostel_g_gh3,dept_mech,1,student,normal,11.6,pending
req_20260930_0049,2026-09-30,09:23,hostel_b_block8,hostel_b_mt3,1,student,normal,11.0,pending
req_20260930_0021,2026-09-30,09:26,hostel_b_block5,dept_macs,2,student,normal,13.1,pending
req_20260930_0037,2026-09-30,09:26,hostel_b_brahmagiri,dept_macs,1,staff,normal,9.3,pending
req_20260930_0058,2026-09-30,09:26,hostel_b_block3,loc_e_library,1,student,normal,9.3,pending
req_20260930_0059,2026-09-30,09:36,hostel_b_block3,dept_physics,1,student,normal,10.4,pending
req_20260930_0060,2026-09-30,09:37,hostel_g_gh6,dept_macs,1,student,high,7.4,pending
req_20260930_0044,2026-09-30,09:38,hostel_g_gh4,loc_lhc_a,1,student,high,5.4,pending
req_20260930_0054,2026-09-30,09:39,hostel_b_brahmagiri,loc_lhc_a,1,student,normal,8.6,pending
req_20260930_0012,2026-09-30,09:46,hostel_g_gh1,loc_lhc_a,2,student,normal,12.8,pending
req_20260930_0017,2026-09-30,09:48,hostel_b_block1,dept_chem,1,student,normal,9.4,pending
req_20260930_0025,2026-09-30,09:58,hostel_b_block3,dept_eee,1,staff,normal,11.6,pending
req_20260930_0064,2026-09-30,10:01,dept_mme,hostel_b_block6,1,staff,normal,10.1,pending
req_20260930_0078,2026-09-30,10:08,mess_b3_vindhya,dept_chem,1,student,normal,8.5,pending
req_20260930_0073,2026-09-30,10:10,dept_chemistry,dept_hssm,2,staff,normal,14.7,pending
req_20260930_0074,2026-09-30,10:10,dept_mech,dept_mining,1,student,normal,9.4,pending
req_20260930_0072,2026-09-30,10:16,dept_mining,loc_e_library,2,student,normal,9.4,pending
req_20260930_0065,2026-09-30,10:18,loc_central_library,loc_e_library,1,student,normal,10.0,pending
req_20260930_0077,2026-09-30,10:25,dept_physics,dept_chemistry,3,faculty,normal,12.1,pending
req_20260930_0071,2026-09-30,10:26,dept_civil,dept_cse,1,student,normal,14.3,pending
req_20260930_0068,2026-09-30,10:27,loc_e_library,hostel_g_gh2,1,student,normal,8.9,pending
req_20260930_0070,2026-09-30,10:29,dept_it,dept_civil,1,student,high,5.4,pending
req_20260930_0062,2026-09-30,10:32,dept_civil,dept_physics,2,student,normal,10.4,pending
req_20260930_0069,2026-09-30,10:36,dept_chemistry,dept_chem,1,student,normal,11.8,pending
req_20260930_0061,2026-09-30,10:49,dept_it,dept_wroe,1,student,normal,10.0,pending
req_20260930_0075,2026-09-30,10:58,loc_lhc_a,loc_e_library,2,faculty,normal,12.9,pending
req_20260930_0067,2026-09-30,10:59,loc_lhc_a,loc_central_library,1,student,normal,12.8,pending
req_20260930_0076,2026-09-30,11:02,dept_chem,loc_e_library,1,student,normal,12.2,pending
req_20260930_0063,2026-09-30,11:28,dept_ece,loc_suprabha_boys,1,student,normal,13.6,pending
req_20260930_0066,2026-09-30,11:44,dept_eee,dept_ece,1,student,high,5.8,pending
req_20260930_0113,2026-09-30,12:03,loc_lhc_b,mess_mega,1,student,normal,11.6,pending
req_20260930_0100,2026-09-30,12:08,dept_civil,mess_b5_nilgiri,1,student,normal,14.5,pending
req_20260930_0079,2026-09-30,12:13,dept_mech,mess_b8_trishul,1,student,normal,13.0,pending
req_20260930_0109,2026-09-30,12:13,dept_cse,mess_b5_nilgiri,1,student,normal,14.1,pending
req_20260930_0108,2026-09-30,12:15,loc_central_library,mess_gb,2,student,normal,14.2,pending
req_20260930_0105,2026-09-30,12:16,loc_lhc_a,mess_b2_aravali,1,student,normal,8.0,pending
req_20260930_0091,2026-09-30,12:27,dept_eee,mess_b2_aravali,1,student,high,4.0,pending
req_20260930_0099,2026-09-30,12:27,dept_it,mess_mega,1,staff,normal,14.7,pending
req_20260930_0114,2026-09-30,12:28,dept_chem,mess_mega,1,student,normal,11.5,pending
req_20260930_0081,2026-09-30,12:31,dept_cse,mess_b1_karavali,1,student,normal,11.8,pending
req_20260930_0106,2026-09-30,12:41,dept_civil,mess_b7_sahyadri,1,student,normal,14.3,pending
req_20260930_0120,2026-09-30,12:44,dept_it,mess_b8_trishul,2,student,normal,11.9,pending
req_20260930_0093,2026-09-30,12:46,dept_ece,mess_pg_new_brahmagiri,1,student,normal,13.1,pending
req_20260930_0101,2026-09-30,12:48,loc_lhc_b,mess_b8_trishul,2,student,normal,9.3,pending
req_20260930_0104,2026-09-30,12:48,loc_lhc_a,mess_b7_sahyadri,1,faculty,normal,14.2,pending
req_20260930_0082,2026-09-30,12:49,dept_ece,mess_gb,2,student,normal,11.7,pending
req_20260930_0083,2026-09-30,12:49,mess_mega,loc_lhc_a,2,student,normal,11.3,pending
req_20260930_0084,2026-09-30,12:49,dept_mme,mess_gb,1,student,normal,14.0,pending
req_20260930_0103,2026-09-30,12:49,dept_macs,mess_pg_pushpagiri,3,student,normal,9.5,pending
req_20260930_0107,2026-09-30,12:57,mess_mega,mess_b1_karavali,1,student,normal,12.1,pending
req_20260930_0088,2026-09-30,13:00,loc_lhc_b,mess_b1_karavali,3,staff,normal,8.6,pending
req_20260930_0097,2026-09-30,13:04,loc_lhc_a,mess_gb,1,staff,normal,10.8,pending
req_20260930_0112,2026-09-30,13:08,dept_mme,mess_b8_trishul,2,student,normal,10.2,pending
req_20260930_0110,2026-09-30,13:27,dept_civil,mess_b5_nilgiri,1,student,normal,14.6,pending
req_20260930_0089,2026-09-30,13:38,loc_lhc_a,mess_pg_pushpagiri,1,student,high,8.0,pending
req_20260930_0095,2026-09-30,13:40,dept_hssm,mess_pg_pushpagiri,1,faculty,normal,13.3,pending
req_20260930_0096,2026-09-30,13:40,loc_central_library,mess_pg_new_brahmagiri,1,staff,normal,11.7,pending
req_20260930_0111,2026-09-30,13:41,loc_lhc_b,mess_b5_nilgiri,1,student,high,4.0,pending
req_20260930_0098,2026-09-30,13:46,loc_e_library,mess_b5_nilgiri,1,student,normal,13.4,pending
req_20260930_0117,2026-09-30,13:47,loc_central_library,mess_mega,2,student,normal,9.7,pending
req_20260930_0115,2026-09-30,13:51,dept_macs,mess_pg_pushpagiri,2,staff,normal,11.2,pending
req_20260930_0119,2026-09-30,13:52,dept_chem,mess_b3_vindhya,2,faculty,normal,9.1,pending
req_20260930_0094,2026-09-30,13:59,dept_ece,mess_b2_aravali,2,student,high,5.4,pending
req_20260930_0102,2026-09-30,13:59,mess_b2_aravali,mess_mega,3,student,normal,9.5,pending
req_20260930_0086,2026-09-30,14:06,dept_macs,mess_b7_sahyadri,1,student,normal,13.9,pending
req_20260930_0122,2026-09-30,14:07,loc_central_library,mess_gb,1,student,normal,11.0,pending
req_20260930_0085,2026-09-30,14:09,mess_pg_pushpagiri,mess_b3_vindhya,1,student,normal,9.5,pending
req_20260930_0121,2026-09-30,14:11,dept_cse,mess_b7_sahyadri,1,student,normal,14.3,pending
req_20260930_0080,2026-09-30,14:14,loc_e_library,mess_b1_karavali,1,staff,normal,13.4,pending
req_20260930_0090,2026-09-30,14:14,dept_ece,mess_b4_satpura,1,student,high,4.2,pending
req_20260930_0087,2026-09-30,14:18,dept_it,mess_b8_trishul,1,student,normal,14.7,pending
req_20260930_0116,2026-09-30,14:21,dept_ece,mess_b2_aravali,1,student,normal,13.5,pending
req_20260930_0118,2026-09-30,14:27,mess_gb,dept_macs,1,staff,normal,8.6,pending
req_20260930_0092,2026-09-30,14:28,mess_b5_nilgiri,hostel_b_block3,2,staff,high,4.3,pending
req_20260930_0130,2026-09-30,14:36,dept_mme,hostel_b_block3,1,student,normal,14.2,pending
req_20260930_0137,2026-09-30,14:36,hostel_b_block8,hostel_b_mt2,2,student,normal,13.5,pending
req_20260930_0139,2026-09-30,14:36,mess_b4_satpura,dept_chemistry,4,student,normal,14.5,pending
req_20260930_0132,2026-09-30,14:43,hostel_b_block3,dept_it,1,staff,normal,13.5,pending
req_20260930_0129,2026-09-30,14:57,mess_b2_aravali,dept_ece,1,student,high,4.7,pending
req_20260930_0131,2026-09-30,14:58,mess_gb,dept_ece,1,student,normal,14.0,pending
req_20260930_0140,2026-09-30,14:58,dept_macs,hostel_b_block4,2,staff,normal,12.5,pending
req_20260930_0123,2026-09-30,15:01,mess_b5_nilgiri,dept_chem,2,student,normal,8.8,pending
req_20260930_0138,2026-09-30,15:10,mess_b1_karavali,dept_hssm,1,student,normal,9.4,pending
req_20260930_0125,2026-09-30,15:37,dept_mme,loc_central_library,3,student,normal,14.5,pending
req_20260930_0126,2026-09-30,15:37,mess_pg_pushpagiri,dept_mech,1,staff,high,4.1,pending
req_20260930_0127,2026-09-30,15:57,mess_pg_pushpagiri,dept_it,2,staff,normal,14.3,pending
req_20260930_0128,2026-09-30,16:00,dept_chem,loc_central_library,1,student,normal,8.5,pending
req_20260930_0136,2026-09-30,16:24,dept_civil,hostel_b_block5,1,student,normal,13.2,pending
req_20260930_0124,2026-09-30,16:28,mess_b1_karavali,dept_physics,1,student,normal,10.6,pending
req_20260930_0134,2026-09-30,16:32,mess_pg_new_brahmagiri,dept_mech,2,student,normal,11.1,pending
req_20260930_0133,2026-09-30,16:41,dept_chem,hostel_b_block1,1,student,high,5.1,pending
req_20260930_0135,2026-09-30,16:52,dept_macs,loc_e_library,1,student,normal,14.6,pending
req_20260930_0142,2026-09-30,17:13,loc_e_library,dept_mining,1,student,normal,11.1,pending
req_20260930_0151,2026-09-30,17:16,hostel_b_brahmagiri,loc_suprabha_boys,3,student,normal,12.8,pending
req_20260930_0145,2026-09-30,17:20,mess_b4_satpura,mess_b8_trishul,2,student,normal,10.6,pending
req_20260930_0146,2026-09-30,17:22,hostel_b_block4,loc_girls_coop,1,student,normal,13.2,pending
req_20260930_0165,2026-09-30,17:25,dept_it,loc_e_library,1,student,normal,11.4,pending
req_20260930_0162,2026-09-30,17:27,hostel_g_gh1,loc_central_library,1,student,normal,14.0,pending
req_20260930_0158,2026-09-30,17:30,hostel_b_block7,loc_girls_coop,2,student,normal,13.9,pending
req_20260930_0156,2026-09-30,17:36,dept_chemistry,hostel_g_gh6,1,student,normal,14.5,pending
req_20260930_0164,2026-09-30,17:45,dept_mech,loc_e_library,1,student,normal,9.9,pending
req_20260930_0166,2026-09-30,17:46,dept_macs,loc_central_library,1,student,normal,8.8,pending
req_20260930_0155,2026-09-30,18:07,dept_ece,loc_central_library,1,student,normal,14.6,pending
req_20260930_0159,2026-09-30,18:10,dept_it,loc_e_library,1,student,normal,11.2,pending
req_20260930_0167,2026-09-30,18:19,hostel_g_gh4,loc_suprabha_girls,3,student,normal,11.5,pending
req_20260930_0144,2026-09-30,18:21,hostel_g_gh4,loc_central_library,1,student,normal,12.7,pending
req_20260930_0154,2026-09-30,18:26,hostel_b_mt3,loc_e_library,1,student,normal,8.1,pending
req_20260930_0163,2026-09-30,18:30,dept_civil,loc_e_library,1,student,normal,12.9,pending
req_20260930_0148,2026-09-30,18:40,hostel_b_block8,loc_boys_coop,3,student,normal,13.3,pending
req_20260930_0149,2026-09-30,18:44,hostel_b_shivalik,loc_central_library,1,faculty,normal,10.5,pending
req_20260930_0141,2026-09-30,18:56,dept_mme,loc_central_library,1,student,normal,11.3,pending
req_20260930_0161,2026-09-30,19:00,dept_wroe,loc_e_library,1,student,normal,12.2,pending
req_20260930_0143,2026-09-30,19:07,hostel_b_block2,loc_girls_coop,1,student,high,5.0,pending
req_20260930_0157,2026-09-30,19:10,mess_gb,loc_central_library,1,faculty,normal,13.0,pending
req_20260930_0147,2026-09-30,19:12,hostel_b_block7,loc_suprabha_girls,1,faculty,normal,10.5,pending
req_20260930_0152,2026-09-30,19:14,hostel_b_block6,mess_pg_new_brahmagiri,2,student,normal,14.5,pending
req_20260930_0160,2026-09-30,19:14,hostel_b_brahmagiri,loc_central_library,1,student,normal,12.6,pending
req_20260930_0153,2026-09-30,19:21,dept_mech,loc_central_library,2,student,normal,8.5,pending
req_20260930_0150,2026-09-30,19:31,dept_civil,loc_e_library,1,student,normal,11.0,pending
req_20260930_0172,2026-09-30,20:02,loc_central_library,hostel_b_block3,1,student,normal,10.5,pending
req_20260930_0174,2026-09-30,20:34,loc_suprabha_girls,hostel_g_gh5,1,student,normal,8.5,pending
req_20260930_0169,2026-09-30,20:46,loc_e_library,hostel_g_gh3,3,student,normal,9.8,pending
req_20260930_0171,2026-09-30,20:48,loc_suprabha_boys,hostel_b_block5,1,student,normal,10.2,pending
req_20260930_0177,2026-09-30,20:50,loc_e_library,hostel_g_gh3,1,student,normal,12.5,pending
req_20260930_0179,2026-09-30,20:51,loc_suprabha_girls,hostel_b_block2,1,student,normal,9.1,pending
req_20260930_0178,2026-09-30,20:59,loc_suprabha_boys,hostel_b_brahmagiri,2,staff,normal,11.7,pending
req_20260930_0175,2026-09-30,21:01,loc_suprabha_girls,hostel_b_block6,1,student,normal,13.6,pending
req_20260930_0176,2026-09-30,21:19,loc_central_library,hostel_b_block2,1,student,normal,12.8,pending
req_20260930_0168,2026-09-30,22:04,loc_boys_coop,hostel_b_block6,1,student,high,6.4,pending
req_20260930_0180,2026-09-30,22:15,loc_e_library,hostel_b_block3,2,student,normal,13.2,pending
req_20260930_0170,2026-09-30,22:17,loc_central_library,hostel_b_block1,1,student,high,4.3,pending
req_20260930_0173,2026-09-30,22:41,loc_central_library,hostel_g_gh6,1,student,high,7.5,pending
req_20260930_0182,2026-09-30,22:43,loc_central_library,hostel_g_gh1,1,student,normal,12.6,pending
req_20260930_0181,2026-09-30,22:49,loc_e_library,hostel_g_gh4,2,faculty,normal,9.6,pending
